Sequence,Transcription level
ttagaaaccgatcacatacagctgcatttattaaggttatcatccgtttc,2755441.06
cgtcaaacatcctgcttgagttctgcgctgttaacgcgtaatttacattc,820796.7
attataaattgtccgttgagcttctaccagcaaatacctatagtggcggc,745147.58
ccatcaaaaaaatattctcaacataaaaaactttgtgtaatacttgtaac,724334.04
aaaatcatcagattcccatcatttttggcgatgttgtctattattaattt,390218.55
gtcactgaagaaaattggcaactaaaggttaaaaccgttataacacagtc,377468.69
gtgaaatctgtcactgaagaaaattggcaactaaaggttaaaaccgttat,377244.85
tcttgcctaagagtattggcaggatggtgagattgagcgacaatcgagtt,307972.49
gtcatcttgcctaagagtattggcaggatggtgagattgagcgacaatcg,307832.17
tgtaggaaaaattgtttgacttataagtctcagaaagtaatatgtgcgcc,281907.24
tgggcaaggattatggttttatttatcatacaaataaatataataggcgc,280522.84
catagcctttctccttgccggatggcgggtaagaggctaagatctgaatt,264960.13
ccaaattctgaatgtatcgaatatgttcggcaaattcaaaaccaatttgt,242006.66
cgtaccccagccaatttattcaagacgcttaccttgtaagtgcacccagt,239164.33
gttaatgaaaccttcttgacgctgattttttttcaacctaaagtaaagga,194847.69
aaccaaaactttgaatgacacttttcggtttactgtggtagagtaaccgt,176565.4
atttaaaaatcgggtttgacaaaagatttttcgccgttaagatgtgcctc,168895.73
ctttagaaaatgcgttgactcattttgaactctccctataatgcgactcc,165173.72
ggtatcagcaccactttttaggttaaagttcggcagattagaaaagaatt,156050.44
agaccaccggtcgtatggcaagtttcatttggctgatataacctaaagaa,148783.16
ttctcttatcgtcgcgacaagaccaccggtcgtatggcaagtttcatttg,147183.6
gttgcaatttgccgttgacacattcgggcggaattcatatgatgccgccc,142872.71
tacatggcaggcctattgacgctgttgttttttcaacctagagtaaagga,137042.03
cctgatacagattaaatcagaacgcagaagcggtctgataaaacagaatt,130662.93
ttgtctgtaagcgccttgtaagacttcgcgaaaaagacgattctatcttc,127038.76
tatgagattttcatcacacattttgacatcaggaacggtatgctgaattc,119409.08
gttgctatcgaacgttttgtgaaacacccgatctacggtaaattcatcaa,117419.55
ttgcgattgaccgctggtggcgtttggcttcaggttgctaaagtggtgat,102054.38
aaacgctgttgcgattgaccgctggtggcgtttggcttcaggttgctaaa,102050.45
ttaaacaatttcagaatagacaaaaactctgagtgtaataatgtagcctc,99257.59
catatcgctcataaattgacaataaaataaccatccccgataatgacttt,97976.84
atgaaagagatctgattgtaagagagtaaatactcaactatgatagagac,97970.06
ccaggtaccccagccatcttcttcgagtaagcggttcaccgcccggttat,94127.51
tgaggctggtcatggcgctcataaatctggtatacttacctttacacatt,90223.65
cgagttcaagtctcgcctcccgcaccattcaccagaaagcgttgtacgga,89683.62
ttttttaaaaattttctgaactctttcttcccaggcgagtctgagtatat,84724.58
cccggttggctgtattgacgttttcacattctgttgacagattgtaggtc,84251.48
ttgcacccagcaaacttggtacgtaaacgcatcgtggggctatagctcag,81565.12
cctgcaactgctgaataatctttcagccaaaaaacttaagaccgccggtc,79189.46
cctgatacagattaaatcagaacgcagaagcggtctgatgaaacagaatt,78097.8
tagctccaccaaattttgcacccagcaaacttggtacgtaaacgcatcgt,75018.68
ccgcatcgccctgattgacatcgttgattctttgacctaatttagtgagt,74438.69
atatagccgcctgtgttgtaatgacaacgtttcgcggctattcttgagtg,74060.08
catgcccagctctgcgaacgtcatatagccgcctgtgttgtaatgacaac,73959.44
cctttgacatcaccatgcactgccattaatatgcgccccgttcacacgat,71788.19
gtgttgacagacaaggtaccgctaagtaatattcgccccgttcacacgat,71764.13
tatgaaatttagtgttgacagacaaggtaccgctaagtaatattcgcccc,68889.73
atgcatttcaccctttgacatcaccatgcactgccattaatatgcgcccc,68877.71
acgccattgaggctggtcatggcgctcataaatctggtatacttaccttt,65877.92
attccaccgttgctgttgcgtcgcaaccgacaattacgtattctgagtct,64757.89
tctctcgatattcagtgcagaatgaaaatcaggtagccgagttccaggat,62913.02
gtagctaaagagatagacgaaaacgaaaagcccgcttaataactgttcac,61941.08
taactctcttttgcttgacaaaaagagagttactggcgagtattgtctcc,60438.9
catatagccgccttgttgtaatgacaacattttgcggctattcttgaagt,55130.71
atgtgaagctatgcgttgctgccgctaatcattagcgttatagtgaatcc,55013.7
tccggcccccgcaaccaattaaaatttgatgaagtaaagcagtacggtga,53564.22
tttaaaaagggactagacagaggggtgggaagtccgtattatccaccccc,53278.22
tccggcccccgcaaccaatcaaatttgatgaagtaaaagcagtacggtga,53245.51
tcgatctcgtcaaatttcagacttatccatcagactatactgttgtacct,52469.36
gcctaccaaatttgcacggcaaatttgaagaggttttaactacatgttat,51683.85
tatgatccaggtacatttctgtgatgttgtctgggtgttattttaaggcc,50139.6
agaaatcgctaattcttgcaatgttagccactggctaatagtattgagct,49207.53
gttaaaaaacgctggactcagacagtagagtgtgtgttatggttgactat,48996.49
cttaacaagaatgttaaaaaacgctggactcagacagtagagtgtgtgtt,48965.29
actgatggcggttgattgtttgtttaaagcaaaggcgtaaagtagcaccc,48485.92
tatgtggtcagtggccagcaccctacgctttaaggtgctatgcttgatcg,48382.98
agcaaacgatcaattatgtggtcagtggccagcaccctacgctttaaggt,48362.35
gctttgacattgtgggtgggcatcgctaatattcgcctcgttctcacgat,47889.69
gatcaaaaaaatacttgtgcaaaaaattgggatccctataatgcgcctcc,47801.35
ttttcaagctgacggcagcaattcactggaaactaatgtattgttgctat,47794.21
tggttctgaatggaagggccatcgctcaacggataaaaggtactccgggg,47715.03
tggtgacgtagatcaagactggtccgcgaacgtgggtgttaaatatacct,46266.98
ttaaaaaacaggctttgacattgtgggtgggcatcgctaatattcgcctc,44979.21
ataacgctgcataattgacggactggccatcaactcgatatttttgtttt,44948.79
aaaaagttatacgcggtggaaacattgcccggatagtctatagtcactaa,44272.54
atgcaattttttagttgcatgaactcgcatgtctccatagaatgcgcgct,42995.7
atgcgcaacgcggggtgacaagggcgcgcaaaccctctatactgcgcgcc,42518.09
tttgagcgaagtcaataaactctctacccattcagggcaatatctctctt,42141.8
gatatacacatgtcttgcctccctgcaaagaagagactaacattcgaatt,41483.94
gtgcggatgatcacaacctaaggttttatccttagaacaaaataggaatt,41295.92
atccttagaacaaaataggaattgataatcaaatctgtcactattgcgcc,41217.74
aaatatcaaacatttttgaccttaatcatgttttttgatagatattttac,40573.72
gcggccaaagggagcagactgtaaatctgccgtcatcgacttcgaaggtt,39444.35
tatgtaacagaccattgactggctgaatggtctgtcatactttgttacct,38803.6
gccaaaaaatatcttgtactatttacaaaacctatggtaactctttaggc,38715.02
atgaaaaataattgttgcatcacccgccaatgcgtggcttaatgcacatc,38423.54
catatagccgccttgttgtaatgacaacattttgcggctattcttgaatt,38012.7
tcagcatgtttatattgcctccatgcgaagaagggactaccatccaaatt,37253.11
ccggcgcttgagctgcggtggtagtaataccgcgtaacaagatttgtagt,36580.74
ttttttgcacaaccgcagaacttttccgcagggcatcagtcttaattagt,35827.75
acaagtgttaagggatgttatttcccgattctctgtggcataataaacga,35602.78
cgttaccaaactattttctttattggcacagttactgcataatagtaacc,35593.22
atctgaaccaacggttgcaagatctgaaagaacgcactagagtcacaaat,34144
tttaagctccgtttaacattcattgagaaaactgatgctactgtgtcaac,33730.58
cgagtttaagctccgtttaacattcattgagaaaactgatgctactgtgt,33718.55
tttgcgttttctcgctggcgaagagtcgtcgtgcagaccacaatcaagat,33431.24
agttagcaactgttgattgcaattcccgcaaaaatgagtaaaattttcgg,33049.56
ttttctactgaaacatatccctcctataactacgtgttaatattcgctcc,32057.35
tccagcatttttcgcttcccgaagctgtaactttccttatactcgacctt,31268.99
aagtgatccagattacggtagaaatcctcaagcagcatatgatctcgggt,30943.55
tcgtgggttcgaatcccattagccaccccattattagaagttgtgacaat,30880.79
ttaataattaaggggtaaaaaccgacacttaaagtgatccagattacggt,30729.37
aatgacacaagaaatacgattaaagatttttttgtgcatgccgatagtgc,30359.57
tcctgaaattcagggttgactctgaaagaggaaagcgtaatatacgccac,30056.98
gcacgttcttgcaggctaaagatgccggaagagtagccgatatgaatgtc,30016.59
cagaatgagtattattgcggattttcttaacccgtactatacacataggg,29201
catcaaacagcaacttgcccttatccatcttcagaatgagtattattgcg,29068.7
agcgccggaatccacttgcggcggcgtgattttgacgctaaattgaacgt,28933.99
tcacgcagggggtcgcgggttcgagtcccgtccgttccgccaccctaatt,28879.02
cccccccctcgcaccaaacgaggcgatatcaaaaaaagtaagatgactgt,28428.28
atcgaacagaaaacagtgacgatctaacccttcaagaatattctacgatt,28220.67
tgaaaaattttccattgtctcccctgtaaagctgtgcttgtataaatatt,28093.55
tcaagtcccccccctcgcaccaaaaaccacgttgatattgctcgcactgg,28085.42
tttggccttaaggaattgtttcaacatgcccaggtaattagtctcgtgtc,27841.97
aaaaaacgtcatcgcttgcattagaaaggtttctggccgaccttataacc,27449.42
aaaaaaaggttgcatgaaaacgcgagcggagtatagtgcgcatccacgga,27437.57
catgaccccatcgttgacaaccgccccgctcaccctttatttataaatgt,27381.59
gggtaaaaaaaaggttgcatgaaaacgcgagcggagtatagtgcgcatcc,27293.25
tttttgaaaaaaattctaaaggttgttttacgacagacgataacagggtt,26266.46
gtgtgcggcaattcacatttaatttatgaatgttttcttaacatcgcggc,25963.69
cttatttccggttactggcgtttatgccctgactgaactaattattaatc,25665.13
tgatttcgcgccttcgtacgaaatgatcgtattgaagctatacttttaac,25654.12
tcgtacctggagtcttccctttcgccccccgtctggtctacatttggggg,25105.88
tggtgaaaaatatcgttgactcatcgcgccaggtaagtagaatgcaacgc,24808.26
tgtgttcaagccagcagatttttcgcttcaaagcgcggtatgattatcct,24796.79
tttataaaaaaatggctgatcttatttccagtaaaagttatatttaactt,24768.69
aagaaaaaaacactgaatgctaaaacagcaaaaaatgctattatccaatt,24734.86
tcctgaattagtgagctgatccgcagcaatattttgtttatcctgtattt,24731.14
gtcggctcatcacatcctggggctgaagtaggtcccaagggtgatgctgt,24472.77
aactgatctgggggatgtagaaactcaaggaagtagctataatgcgcccc,24040.33
cgttttcgcgaggttgatgcggtgctttcctggctgttagaatacgcccc,23589.67
gaagaagatgaccgcgtgcgtatgactccgcatccggtagagtttgagct,23562.68
attactctcttttgcttgacaaaaagagagttactggtgagtattgtttt,23321.51
cgatgtcggctcatcacatcctggggctgaagtaggtcccaagggtgatg,23274.99
cgtaacgtcacgatggttttcccaactcagtcaggattaaactgtgggtc,23072.75
tcgtttcccgctccaaaatttgaaagtgctgtaaggcacagaccacccaa,22846.96
catcaagtccggtggggttcccgagcggccaaagggagcagactgtaaat,22759.46
gcggccaaagggagcagactgtaaatctgccgtcacagacttcgaaggtt,22759.46
cgtttcccgctccaaaatttgaaaagtgctgcaaagcacagaccacccaa,22609.07
gtgattacgatcacattagcagttatgcccttatgctaaaaattatctcc,22150.17
cggagagccgtcgattgacactaagggcggagtgacataatttcaggagt,21996.47
ttacagctctgaaccatagacaacatgaatattaatgttactatctggtt,21907.48
gataaaattgcccttgcgaaggtcattcgctttggttagtattcacaccc,21797.09
gctttcccgggcactggaagtttttttcatttcgggtaaaactttaacgg,21460.21
aattacccctggtggggttcccgagcggccaaagggagcagactgtaaat,21229.56
aaattcgtgccgaaattgcgcgttctgcgcggaacacgtatactttcagt,21082.93
gacgccagtcggtggctttacgttgtgcctgtacccatttaatatcgtta,20819.99
tttgtgaatgtgttggttgacattcatatgaaaaaaatcataattccatc,20814.42
cgaatgtaagaaagttggcgtaaatcaggtagttggcgtaaacttatttg,20678.81
cgagcaagctggcgcttgcatggtggcgtgcgacaggtataatccacaac,20517.67
tgcgcgcagtctgcgtggttatgagtaataattagtgcaaaatgatttgc,20153.63
gtcgctatttatgccgttgatggtcattgcggacaggtacaattcacgtt,19973.23
cccctgtcaaatgcttgacggctcgccctaattctctaaattgtatttct,19881.37
tttacgccactttacgcctgaataataaaagcgtgttatactctttccct,19876.02
ctcattattcgctattgtgcagtttctctaattgttttataccctggaaa,19491.38
tgcccacctgtacgtgccaacttccagtgctaatggtatagtttgagatt,19469.07
cgtgaattttgcgcattgacggcagttatgattcgcggtattgcttaact,19430.91
ccttgctgaaggacctggaacaagcgcgtgaactgggctataccgtagat,18316.77
attttagctaacaggtgttcactggaactattctcagttacgctggagag,18204.78
tcagaatttattttagctaacaggtgttcactggaactattctcagttac,18198.88
ccaccggatccatgattgctggttgataacaaaatcactacactaacgcc,17851.54
tggcgaatattttcttgtcagcgaaaaaaattgcggataaggtgatgaac,17630.03
ttttaagttcgatatttctcgtttttgctcgttaacgataagtttacagc,17433.58
catttctattcataagtagcgttaatcattcatatggcgaatattttctt,17388.34
acaacgataaagtcaggttgaagttgtgtatatcggctaaacttaggttt,17019.88
cgtgattactctcacacaacacctctgctttccatgttatttattatttc,16884.98
ggcagtaaaaagacgtaaactttcccagaatcctgccgatattatcccac,16568.95
accgagcatgctcaccaaccgcggagcgccacattcttgtggtatgaaat,16227.59
aatacttccagacactatgaagttgtgaaacataatgttaacttctccat,16144.08
ttttacaccccctgacgcatgtttgcagcctgaatcgtaaactctctatc,15993.94
ttccggcatcgactcaccacaatggtcgcaaaatctggtaaactatcatc,15917.43
gcccctcctggcattgattcagcctgtcggaactggtatttaaccagact,15624.28
cacccactaatcgtccgattaaaaaccctgcagaaacggataatcatgcc,15580.68
tctgttctgaataactcaagtccggcgggtcgctgccgataatactctgt,15543.04
aggaatttaatcatgtttacagtaatgtaaccttcccgtaaaatgcccac,15529.94
gtccgattaaaaaccctgcagaaacggataatcatgccgataactcatat,15514.53
aattgatcctggacagcattttgctcaaaaaatagccatactatttaatt,15430.34
ttttaaccataagctaatgtgatgatcaattttaccttatggttaacagt,15296.41
tgatcaattttaccttatggttaacagtctgtttcggtggtaagttcagg,15275.98
cgccccgcattcggtgattggcgcagcctggtagcgcacttcgttcggga,15274.94
aaatgttgtctacaccacagacggttgttgcagaatatgcaaggatgttg,15109.72
ttgttgatttataccgctatgttatttttctgatatggcaaaataggatg,15096.84
acatcacaaatcgcgaagagtttcccattaatttttgatatatttaaaac,15087.58
gtaccgagcttccgtgcaggtaaagcactgaaagacgcggtaaactaagc,14909.54
cactagaatgcgcctccgtggtagcaattctttttaagaattgatggtat,14866.55
aaggcggtgtagtagacctgaacacgctgaaagcggctaacattatcggt,14852.08
aagtatacttttacactggcgaagaaacgtcggtgacatacaattaaagc,14831.79
aatcgtctgagatgacaaaaatattgcggttaaaaagtatacttttacac,14817.16
aatcaaattaatcggttaaagataaccgcagcggggccgacataaactct,14809.92
actctcttttggggggaggaatcgacacaaattcctgtcaaaatagaccc,14798.94
cagcactgaatgtcaaaacaaaaccttcactcgcaactagaataactccc,14501.28
ggggaactgaaacatctaagtaccccgaggaaaagaaatcaaccgagatt,14500.61
agaaggttcatcactgtttcattcaccagatatgggttaatcttttaatt,14498.21
ttattcttaagtatttgacagcactgaatgtcaaaacaaaaccttcactc,14393.04
cagtatttgcattttttacccaaaacgagtagaatttgccacgtttcagg,14350.53
gattcacaaggccattgacgcatcgcccggttagttttaaccttgtccac,14296.63
aatcccagcagtatttgcattttttacccaaaacgagtagaatttgccac,14232.89
tcgataattaactattgacgaaaagctgaaaaccactagaatgcgcctcc,14124.23
tgcgttaaccaatcttctctggatggggtatttagggttacaatatgcgc,14078.96
tgtgggcgtattagcaaagcaaggaacaaagaacgtctattattatagtc,13893.47
gccccgggcgcaggtaacgtctttagcggctgatgtgatattctgtatgc,13788.87
acatggttgctgtgttgttaaattgtacaaagatgttatagaaacaaaat,13620.32
tcgttacataaagattgttttttcatcaggttttacgctaaataatcact,13506.06
taacgttttagcaatagctatataatatagcctgtgctatatctgtatgt,13478.09
gaaggtacaaaaaattaacgttttagcaatagctatataatatagcctgt,13460.4
aaacaaattaggggtttacacgccgcatcgggatgtttatagtgcgcgtc,13261.94
acgcgaaaagccaggtgacttttcagtatgacgacggcaaaatcgttggt,13182.53
gatgagaaaaaccgttgacgaaggtcgaggcaatccgtaatattcgcctc,12972.58
gggcgcgttttttgttgacagcgtgaaaacagtacgggtactgtactaaa,12934.79
ccggaaagcaaaaggttttaaagtgatgaaaggtctattatcatcggcat,12869.22
agctcaccctacacgaaaatatcacgcaacgcgtgataagcaattttcgt,12768.37
gttttcgggtttatggtttctaatgaaatatattgaattatcataggatt,12699.85
atcacccttcgggttgtgctgaacccagtaaagcggataaactcattact,12679.67
gctaacaaaattttgttgtatgattgaaattagcggcctatactaatttc,12658.17
atatacaattgctcgttgaaagagtgagctaaaatccctataacagtaga,12653.31
ttttcctaaggggttgtattgcatgctgccactcctgctatactcgtcat,12636.69
tttttaaacaattaagataactgtaattaacaatcatttactattgcact,12600.11
tagtaaagttacactggacaaagcgtaccacaattggtgtactggtaacc,12584.53
cttttgttaaagttgacaaaaggttatagaaaggagtaaaaaaccacatc,12492.81
atatacttatacttaggctgctaacaaaattttgttgtatgattgaaatt,12405.61
gtaacatcaaaaataacgcgacttttatcactttttagtaaagttacact,12395.89
tgtgacgtcctttgcatacatgcagtacatcaatgtattactgtagcatc,12295.37
ccgtctagtccggttcgactccggaacgcgcctccactttcttcccgagc,12260.17
tgcaaataatcaatgtggacttttctgccgtgattatagacacttttgtt,12217.08
ctgtaaactaatgcctttacgtgggcggtgattttgtctacaatcttacc,12078.12
accgcacaaaaggggagtgcttttctgtgcttagcggttagaatagtctc,12015.06
gcccccgcaaccactttcccttagagtcctttttcaaatatactgtgaag,11996.02
taggaacagccagaatagcggaacacatagccggtgctatacttaatctc,11966.64
ttgatgatttaagcattttcttatacccgttcagacgttattcttatttc,11828.33
cgtgttaaagcagacttgagaaatgagaagattggctttaaaatccgcga,11727.03
actggcatgtgtggtgagcttgctggcgatgaacgtgctacacttctgtt,11643.81
gtgaactccgtcattacacaaaaagtgtcatctggcgttacactttatgc,11594.51
taggacaaaattttgccagttggtgttaatgttttgttagaatcagtcac,11485.56
ctatagtagcgccccgttgccacccatgaggtttggtagcaaaacaattt,11476.99
aagtcatcatggcccttacgaccagggctacacacgtgctacaatggcgc,11430.3
tttatatttttcgcttgtcaggccggaataactccctataatgcgccacc,11396.85
ccgcgtcttttccccgctttgttgcgctcaagacgcaggataattagccg,11361.21
gcctctgggaaagcattgcgcggggtccggcgctcatcaacaatcggggg,11309.07
gtaaagtctggtttatcgttggtttagttgtcagcaggtattatatcgcc,11301.15
agccgatgtgatcacacccgatggtcgcgaattaacgctacactgcccga,11273.9
ttctcccactggcctggaacaactgaacttattgaactatgttagaaaat,11250.56
tgaacgattcaccgtttttttcatccggttaaatatgcaaagataaatgc,11140.03
aattgataacgatcaatgttaagggctcagaataatcacattattttttc,11121.51
tgaagtgctcacacagattgtctgatgaaaatgagcagtaaaacctctac,11039.35
caggttataaaaccagcacgtccttgcaatagtttcagtatggtattagc,11037.57
aaaaccagcacgtccttgcaatagtttcagtatggtattagcattgatgc,11037.57
tgcagtgctcacacagattgtctgatgaaaatgagcagtaaaacctctac,11002.84
tttgctggcaggatcgcagactacaaagcctgcggattgacaatcttatc,11001.49
acaaagcctgcggattgacaatcttatcgtgaaggcatactttcaggagt,11001.49
aatgagccgtttattttttctacccatatccttgaagcggtgttataatg,10888.28
gacccaccactaacatagttagttgtagtatccagcgtagtatcgggtga,10874.83
agccgtttattttttctacccatatccttgaagcggtgttataatgccgc,10872.56
cctgcagagagtggtttaccgtcttcctggagtatgaaacaatcattcgt,10864.33
gttatgaagtcggtatttcacctaagattaacttatgtaacagtgtggaa,10849.78
attgatttaaatcaaagattcaagggtgtttgaggagtatatatacactc,10835.03
aagcaaaaataaatgcttgactctgtagcgggaaggcgtattatgcacac,10758.51
aaaagcaaagaaatgcttgactctgtagcgggaaggcgtattatgcacac,10748.38
taaaaaagccgcatgttgaataatattttcaactgagttatcaagatgtg,10748.08
ctgcacgacccaccactaacatagttagttgtagtatccagcgtagtatc,10708.26
tgtgagccagctcaccataaaaaagccgcatgttgaataatattttcaac,10707.21
cgcttgtgttaaaaatttgctaaattttgccaatttggtaaaacagttgc,10543.74
ccttgaaaaagaggttgacgctgcaaggctctatacgcataatgcgcccc,10523.83
agtaagggtagggattgcctaatgtaatgcgcataggagaatattaagca,10235.66
ttcgctgtatttgcagcctgggcaaccgctttatgtgttactctatgcgt,10233.28
caaaacttacatcttgaaataatcacattgattagatgaatatttatcgc,10174.65
taagtggttgtgaaatttgcactctgaaaaggacgtcttatctttaaata,10161
tttcccactaactgcgcgctgttccaggttttgtagctaaactgatcttt,10134.88
aataaggaaagagaattgactccggagtgtacaattattacaatccggcc,10132.55
tgcgtttattccgccgataacgcgcgcgtaaaggcatttaagctgatggc,10121.04
cgagcggcagcgtacttaccccgcactccattagcgggtatactcatgcc,10114.51
agcgcggtaaataaggaaagagaattgactccggagtgtacaattattac,10108.5
ttctcgccagctaaatttcttgtaaaaatgtgaagtaccgaagtgggtga,10096.48
atccagcaacgccagcacatcctctgacacaaaacgactgtcaggcagtg,9986.23
tccggcaaaactttgcccaatcccaaggatgacgcgccccaggcaaagta,9969.69
atgatttccctaaattagcgcccgttccagcaagacaggaacgacaattt,9755.44
cggtgggttcggtggaagtagtttgtagtatccagcgcagtatcgggtga,9753.05
gtaatgttaaccgtcttgcgataacaggtcgctacgagtagaatactgcc,9732.66
atccctgattttattgttgacatttcatttatgccgactatttatatggt,9681.55
taatgacggtgggttcggtggaagtagtttgtagtatccagcgcagtatc,9611.09
attgccaacaaatggctaaagttctggcagagcaggtcgatgaatctgtt,9585.77
ctgaggataatccggctacagagagtcgcgctatttgttagcgtagggct,9544.66
actactttatgtagtctccgccgtgtagcaagaaattgagaagtgggtga,9532.5
gagagtcgcgctatttgttagcgtagggcttcagtgatatagtctgcgcc,9520.51
gtgcagttgcggcgctgatattgcagaaatgagtgtggtatagtcacctt,9447.27
ttatcttcattcgtgctgtggactgcaggctttaatgataagatttgtgc,9429.18
taagcgcagaagtcgatctctattgccaacaaatggctaaagttctggca,9391.24
tgacggagttcacacttgtaagttttcaactacgttgtagactttacatc,9389.52
tcatatgcctgacggagttcacacttgtaagttttcaactacgttgtaga,9371.83
gcgaaatatcttacttgcaatcggtgtggaaaacggtagtattagcagcc,9319.78
tgccgtttttcctcgtttacaacgcgtgcgctggacattaccatcctcct,9308.72
catcacccaccactttctcgccagctaaatttcttgtaaaaatgtgaagt,9295.62
tttaaagcatttatgaataataactatgttggtctggtactatttttagg,9236.02
catcacccaccaactactttatgtagtctccgccgtgtagcaagaaattg,9178.56
tcatgtaaaaccgctcgccaagaccgcaccaatcgggtaatctcgaactc,8964.78
ttgtcttacgaaggttgtaaggtaaaacttatcgatttgataatggaaac,8951.93
aagcaaaaataaatgcttgactctgtagcgggaaagcgtattatgcacac,8930.68
cgggtggcatcagcaataaagtttcccccctccttgccgataacgagatc,8809.75
tttactagcaatacgcttgcgttcggtggttaagtatgtataatgcgcgg,8785.52
ggcatgctggaggtatcagaagtgcgaatgctgacataagtaacgataaa,8762.71
tatctgtttccccctttaaaaattcggtgaatacccttacttattggtat,8713.08
ggtatgctggaggtatcagaagtgcgaatgctgacataagtaacgataaa,8709.23
atgcatttttccgcttgtcttcctgagccgactccctataatgcgcctcc,8531.95
aaattcgcgcagaatttggtgaagtggatatcctggtcaataatgccggt,8424.23
agtcagcagcgtggcacttgctaaggagagcgtaaggtttataatgcctt,8422.05
gtggatatcctggtcaataatgccggtatcactcgtgataacctgttaat,8391.81
tgccacctttctggtcgatggcattacgcggtgtatgttataaaaatgta,8352.59
ttttctgcaagagttcaaagaaagttaaacgcaggcaatgtatgttacgc,8275.61
ttagactatcgtatgttgattattgcgatgtttcatcttatcttttacac,8266.16
tattgttgacatttcatttatgccgactatttatatggtatacttgtcga,8238.34
aatcacaaaaaggggtcgatctttgaccccgacttctctataatcctgcg,8177.16
aggcgtcttttccggccattgtcgcagcactgtaacgcgtaaaatagtgc,8081.84
tgatttgaacagttaaaaacgaaaagtctgataaaagctatacttaacgg,8056.68
gcgccaggcgcgcgcgagtgctgattttctcgacggtctatacttaagag,8053.84
ttgctattaagggattgacgagggcgtatctgcgcagtaagatgcgcccc,7935.43
aagttaatagtgcacttgcacttgaggtaatcggcaaatactcttagtga,7931.12
ggttacagaaagagattgataattcgcgtcgcgaaaaatagtctgttcct,7920.81
attttgcagacaaaaattccgtaaatggattattcgtttataatcaggat,7793.35
tagcgaaagtgtggatggtaaaaatctcatttacacgctagtatcggcat,7761.28
tgaatgttttgtttataattggttgatcctactttcattatgatttgctc,7715.17
taaacctgtaagctgttaaagattacccgtcccttgccgataaataagca,7705.54
cgttgttgatgcagatgggaatattcttataaacctgtaagctgttaaag,7692.12
gattgcaagttgcttgtaaaagataagtacactgatccataatcgctgtt,7688.61
agcgcaaatagcgtttgctgtgttattgacagttagcataaactaggtgt,7595.55
ccgtgctcccactcgcagtcatcctccctcactcctgccataattctgat,7573.91
cgtgtttcatctatttgacgcgcgcaggtatttagcatacaaggagtacc,7572.86
gtgaggttttcagagcagacaacggtgaaatgtcatggtattgttacgtt,7566.14
cgcagagatggcgcggtaagttgttgacttaaaatgtcgttctaggaact,7534.16
atctgtcaccgatcaaggcagaacgtgttacacgtttgtatcataaaggt,7506.49
atatgcagtcgggattccacttctgtggaattaacggttatagtggcata,7482.16
tcctttgtcaagacctgttatcgcacaatgattcggttatactgttcgcc,7460.12
cccgtcgctaaaaactggacgcccggcgtgagtcatgctaacttagtgtt,7438.56
atcgggtttatacgtcgccatccacgccagtgcagggtaaaattacccgt,7420.14
agaatgaatgttttcggcacatttctccccagagtgttataattgcggtc,7396.97
tgtctgttcgggacttgagcacatcgctgagtcagcgtatactacgccac,7367.24
tgtagcgcatctttctttacggtcaatcagcaaggtgttaaattgatcac,7349.93
ttttaattaaaatggaaattgtttttgattttgcattttaaatgagtagt,7332.41
aaatggaaattgtttttgattttgcattttaaatgagtagtcttagttgt,7328.7
attgactgtagcacttgtcaaaggcgtgcgttttgcgtaatattcgcgcc,7312.28
attatcttcaaatcaataatcatcatgaatgttttgtttataattggttg,7300.25
ggttcttaccatgacgttgactcctctgaactggcgtttaaactggctgc,7240.12
gcaaaagacagcaattttattttccctatattaagtcaataattcctaac,7208.67
aagtgtgagcaagggctacgtcacatggccgcgccgtgtataataagctc,7159.3
tgtgaaacggaaaggtacaatctccctttttttagtgttaacatcgctca,7137.89
ggggtctccccatgcgagagtagggaactgccaggcatcaaatttagcgt,7132.66
tttaccacggacatcatagcgttagcttattcataggctatgattgagga,7080.59
atgagacgaatctgatcgacgcaaaaagtccgtatgcctactattagctc,6832.13
tttttgtaaacagattaacacctcgtcaaaatcctgctattctgcccgtt,6811.5
gaagcgagacaccaggagacacaaagcgaaagctatgctaaaacagtcag,6728.23
ttcaatcgaaacgctgcgattcaaccgctatacctgctatcttcaacttc,6722.96
tttctgccattcaatcgaaacgctgcgattcaaccgctatacctgctatc,6686.88
ccgaggtcacaacatagtaaaagcgctattggtaatggtacaatcgcgcg,6670.82
caatggcattcctgatttgcgttttgatcggcatgtactttaatgaagat,6596.34
ccgaactgatcggacttgttcagcgtacacgtgttagctatcctgcgtgc,6578.64
tgtgcgttagctcgtgtttttacaccgcattcttgcgctaaccttatgat,6532.45
gttatctgattttactcccactttcatcccgtcccgtctatagtatttat,6531.32
gtagttattcatgtcacggtttcctgtaaagtggtgttataaaatgaact,6463.19
tcatgatttcaatcaaaacctgtatggacataaggtgaatactttgttac,6458.38
catttgcgaattctgcttgtctgattgcagatgccaggtaacataggtat,6453.31
taggggcaaggaggatggaaagaggttgccgtataaagaaactagagtcc,6434.32
cgctcgcattcagtagttattcatgtcacggtttcctgtaaagtggtgtt,6420.56
gggaagccgtatccgttgctgaatctggcatatgtgggagtataagacgc,6416.47
caatcaaaacctgtatggacataaggtgaatactttgttactttagcgtc,6398.24
atgtcgaggagatcgtggcgcaggcaaaaggcgcacactaaagtcagagt,6387.07
gttaaccactatcaatatattcatgtcgaaaatttgtttatctaacgagt,6325.58
taaaaatcattcgggtcggattgctgcgaaagaaatgatacactagcacg,6323.27
tgtaggagatcaggttgttttttttccagaaggttaaccactatcaatat,6322.22
tgttatcaaattgatgttgttttggctgaacggtagggtatattgtcacc,6291.98
attaattgttatcaaattgatgttgttttggctgaacggtagggtatatt,6281.39
agcgtatttgaaaagcttgggtttgcttatgcgacatgttataaaaacct,6253.92
tggtcaatattaacggtgcgtttttgctgactttaaggcagtatgtaacg,6214.87
agtggttaaccttctggaaaaaaaacaacctgatctcctacactatctat,6210.23
tcatgatttagccccgtctcgtcggggcttttttatggcagaatcaagtc,6193.69
attgctctcttctccttgaccttacggtcagtaagaggcactctacatgt,6189.46
ctaaaaacaatgctggcatacgtgttgaagacatgatgatatccttaact,6154.23
aacgcgggaaaagcactggtcagcgtcgggggtgggggtataatgaccat,6122.65
aaatcttatgtttttatcaaagccaatttcgcctgagttaatatcatcat,6115.61
caaagttgccagtaaggcgctcttgccaccagcgtggtatatttgtctgc,6097.57
gacataagcattcgtcgtcaaagggaggaatattcatgatatgctaccac,6095.28
ctatatgtaggttaattgtaatgattttgtgaacagcctatactgccgcc,6023.58
aaaaaattctccggcgacgcggtttttaacaggtgttctatgcttgaaat,6003.91
aaagaggtttttggtcataagtaattaccgtcaagtgccgatgactttct,6000.2
ttgtgactggcttaaaaaatcattaattaataataggttatgtttagagt,5983.32
aaacgctatcccggcgctgggtaacatcgggttcatgctaagatagagcc,5949.03
tcgtgatgaaaatcacatttttatcgtaattgccctttaaaattcggggc,5901.6
ttatcgtaattgccctttaaaattcggggcgccgaccccatgtggtctca,5840.3
tatttcggctctgcccttgagtttagcgaggcatacaagtactataacgc,5832.98
gcttgatcaaaaacaaaaaatatttcactcgacaggagtatttatattgc,5830.01
tcgcagtttgtgttaaaacggcgggttagctttatgagattattcttatc,5814.29
tgtgaccttgtcttggttaactcaatgttaaattgatgtaacataatcac,5812.43
tgcgtgtggatgccatttcgcagacggcgcgaaaatggtactttaaaggg,5798.91
accatcgccgttccgctgtttttctccggtaaggctgcgataattacatc,5766.51
attacaaaaagtgctttctgaactgaacaaaaaagagtaaagttagtcgc,5731.96
aacgggtttattggcggatagaaaaaaacgaaagcacaaataatgggagc,5728.84
tgcggcgtaaatcgtgcccgcctcgcggcaggatcgtttacacttagcga,5717.7
tgtgcgtctgatcgagacatgtttaaaaatggcttgccataattaacgtt,5696.68
ccggtgacgttatcggtgacttgagccgtcgtcgtggtatgctcaaaggt,5681.16
ctgtgagaatggagattgcccatcccgccatcctggtctaagcttggaaa,5676.64
tgcgcacctaaatcaatgactaatgccgatgggtcaactatacttttcac,5574.41
agcaagacgtggcattgccatttcctgagctcctggctaacgtaggagat,5561.66
ccacttattcttcctgatcacaggtaatcatatatggcagactgtaatac,5541.68
ttacataacgaagaattgaccattttgtcctgttgtgccttaatgtaagt,5524.5
ttacacttataagggtgttaagaagcccatcagtctgataaggttaagat,5503.64
tcgttgtatatttcttgacaccttttcggcatcgccctaaaattcggcgt,5483.63
cgtccgcagttctacttccgtactactgacgtgactggtaccatcgaact,5463.05
agatctaaatcttagtattcatcccgcgtattgttacctaatatcgatga,5450.51
agcggggaaaactggttgttctgtacataacgggaaggtttaataatggc,5435.77
gtgagtggtcgcacatatcctgttcatttcattttgatacacttcatgcc,5394.61
aaatgtaaacgcatattgactatacttacgccattgaggtaaaaaacagc,5381.25
aatcaacggataacgtagcatttactgatagcgtcattataatgacgcct,5327.86
aaaaagcgcaatgatttgacgagggcgcgtaattgccccaatctcatagg,5295.04
tttcgtaataatgcgatgaaaacctgcaaagagtggcttatagttaagct,5277.65
ttccttcgttggatcaaagcagtagggacgcgctctctggcactctgctg,5270.48
acgctgattttttcatcgctcaaggcgggccgtgtaacgtataatgcggc,5267.72
gtgaccgtggtcattgcccggaaaggtacagaaagctaagatgagatgtt,5238.43
caataagcttgccatttgacctgtatcagctttcccgataagttggaaat,5227.29
tcaggcaggacgtaattgaaacttgattaaattctggctatagtgtttat,5219.62
tataaaaaagcccttgctttctaacgtgaaagtggtttaggttaaaagac,5204.88
tttatattttaccttttgcaaataataaaataacaaattatagtgacgcc,5188.41
aagtgaatacaacgctgtttcgatggccggttcgcgtctactatgaagat,5186
atttagatacgatgatttcatcaaactgttaacgtgctacaattgaactt,5170.94
tcgtaccagaacctggctcatcagtgattttctttgtcataatcattgct,5163.45
tatttctcacattgatgacggtcgcatgaaaaaatgatattttaatgagc,5063.27
ttatcaatagcgcattgctattttctctgcacgcaattaaattaatttcc,5047.1
aacgccatcaaaacattgacttttatcgccgtagccttttcaataaaggt,5040.67
tttccaggattttccttgtttccagagcggattggtaagacaattagcgt,5034.1
gtttatcaaaaattatggaacttattgcccatcgtgatgctccaatcatt,4980.23
aattcgcaatgacccttataaataaaaggtttttggggtaaaatgctcgg,4968.54
tacgttttgcctcttgccaccttcccactctgccgctaatattcgtcccc,4959.54
gcgtggcgaaggcccgtgatgaaggaaaagttttgcgctatgttggcaat,4936.67
tgccagttatggtgttgtcatccgtccaccctcgccactaaactggaagc,4930.98
atctcattatcttaattgcaacggggtccagccgtggttataattcgttc,4911.5
tattcacaacaaccttacactgcgccactattttcgctatggttatgcgt,4891.93
atttgcgctatctcaatttgggccaggaaagcataacttagactttcaag,4885.49
aacaattgatgattttgccaacagcccacatagcgcgatatactgaaaat,4882.62
acgctttgcaggcgagttaaaggttcgttatcagagttgtgataagatgg,4875.04
tttgcaggcgagttaaaggttcgttatcagagttgtgataagatggatga,4875.04
aaactgtattaatgatttcggaaaaaggcagattcctttaccctgaaacc,4846.79
cgatgaaaaaaatgtagttttttcaaggtgaagcggtttaaattcgttct,4807.43
aatcatcgcggatgccgcaattgatgccggtcgtgatgtacaatttatag,4800.18
atcttggtgcgtttgttggcacacaaggcgaaaataaatatggtaaagat,4792.67
ctggctaatgtttaattaaggtttcagttgttaatgaaatgataaatatt,4759.17
gacggtacaccggatggcgaaaaagcggtgaatgatggcaaactagcagc,4757.15
ttgtagatctccaaaatatattcacgttgtaaattgtttaacgtcaaatt,4755.46
ctctaactttgtagatctccaaaatatattcacgttgtaaattgtttaac,4747.1
aattgtttaacgtcaaatttcccatacagagctaagggataatgcgtagc,4735.02
ataactctgaattaatcatcgttttgtcgggaagcgagtaaacttaaagg,4725.31
ccagagattaaggggcaaccccagctaagcctggtatataactctgaatt,4710.22
cactgtcgacgtttgttctgccgcaaacacaggcgttaagctgggtagtt,4704.88
aattgatcaaacatacgtattatcttgctttaattaattacactaatgct,4704.34
cgaaaattgatcaaacatacgtattatcttgctttaattaattacactaa,4704.34
acggttctgtctgcttgcttttaatgccataccaaacgtaccattgagac,4696.01
cacatttaacatggttgcacaaagttgcaacatcatggatatttcacgat,4694.17
tcaccagaataaagcaggtaattttttgatttttacgccatgatagaagt,4685.32
gcacggacagggactgttaaaatgccaaatttcctggcatcatggcaacc,4683.01
aaactcgtcacttgaacaaaattgcacggacagggactgttaaaatgcca,4642.14
ctccggaagtggacgttgacgacgagccagaagaagaataattttacttc,4630.31
gcctttcttatggctggaaaggcctgatttgtttgtattaagatatcggt,4626.34
tttcgctgatatcccgagcggtttcaaaattgtgatctatatttaacaaa,4618.28
tgtgatctatgtaggatcatttgttactccaatgtaggtatattcgtcac,4600.97
aaaccaagatttaaccttttgagaacattttccacacctaaaatgctatt,4498.01
ttgagaacattttccacacctaaaatgctatttctgcgataatagcaacc,4498.01
gcggcgcactgggtcgtaaacttctgctgcgcgtaaacgatattatgcat,4489.03
aattaatccagatcaataaagggtgaattatcatatgtaatgtgatctat,4479.6
tgcggtcaagcgcacaaatcatatgaaaaatgaatgcttatactgaagac,4473.74
ttgcgtccgggatcaaggcgtcccggacgattcaggagtacaataggcag,4426.73
atactcggtttaacctgccgtttaatccgttttcacgtagaataatgcgc,4385.77
gtacgcgttgcggatgaagttttcattctgccgctgaatgctgttatgga,4382.65
ttactgaaattaggttgacgagatgtgcagattacggtttaatgcgcccc,4369.7
ttcgtaacaatttccttatctttaatttgtattttgctaagatttatctt,4367.84
accatcgcgcagccgcgttacgaaatcggtcgggaagctatgctgttatt,4354.22
gacgatcttggggccatcattatcatcgcattgttctacactaatgactt,4341.21
cagttcagtaactattgcattagctaacaataaaaatgaaaatgatttcc,4333.66
tccttatctttaatttgtattttgctaagatttatcttatgctcacaagt,4331.93
taacctgttgattattgaatctttcggggagatggcttataacatttctt,4309.63
ctggaacgcggtctgttgactgaagcggaacttgacgatattttctccgt,4309.56
ctggcatcacacttgcgggaaattcgataaatagcacatatgattaaaac,4305.92
gcctgtttttcgtcagagttttgaataaatagtgcccgtaatatcaggga,4274.08
ttttctgcaatttttctattgcggcctgcggagaactccctataatgcgc,4271.62
ctgcaatttttctattgcggcctgcggagaactccctataatgcgcctcc,4265.42
tttgtcacggatgcctttgccaaagccgggcatccacttacactggcgca,4244.37
aaattcgcgatgaagttaacggatgtatccgtttagtctatgatatgtac,4239.04
cctgctaatcaacccattgctttgacgaagttgagtttaaatatttcccc,4233.73
tcgccgcatgctacagttgcaggagaagggctttagtgttaactttgagc,4211.18
cattattaaataagatttacaaaatgttcaaaatgacgcatgaaatcacg,4209.37
tgacgcctcctcggaagaacgtgcgcatcgccgcatgctacagttgcagg,4200.04
ctaataacgcgcatctttcatgacggcaaacaatagggtagtattgacaa,4199.35
ttttttcagcactagattttcttcctctccagcagtggtagaatagcgcc,4186.41
aagtgatattagtcaatgatgattacactccgatggagtttgttattgac,4161.26
cgatggagtttgttattgacgtgttacaaaaattcttttcttatgatgta,4161.26
gtcacaaaggtaatagttgaaattcccctgccacctggcaaaatatccgt,4137.21
attatctggatatcctggcgaagccgcgtaagtaacatatgctgaatagt,4116.16
ctggcacgcgatgggttgcaattagccggggcagcagtgataatgcgcct,4109.94
catgaaaattctgtaaccgttttcacgcgctatctgctaaaaatgttgcc,4108.37
cttaacttgccctcattcccaaacctcaatcgcgcgcgtatagtagcagc,4105.3
catcagaattatctggatatcctggcgaagccgcgtaagtaacatatgct,4098.12
aattaacattagatctaaatcttagtattcatcccgcgtattgttaccta,4052
ttccagaagcaagagattgggtatcaagaggctggctgctatgataaggc,4034.71
tttctttttcccccttgaaggggcgaagcctcatccccatttctctggtc,4022.84
cgtgagctggcgctgcaaattggtgtgaaaccctgactatacttatcttt,4020.95
cagatattatcctgtaaataagcacgttaaaatccgctacactctttagt,4000.91
tacgatccatagctcttgcactacctttgcatcactggcatgtttaacat,3994.89
ttttgagtgcaaaaagtgctgtaactctgaaaaagcgatggtagaatcca,3987.96
aatcccgccattaagttgacttttagcgcccatatctccagaatgccgcc,3980.86
tttgacggctatcaccctttatcaacaatggtcagggtagactgattttc,3971.55
aggttaattttggtatttaaaccttttttacttgttagtatgatacaaag,3968.83
catacgggcgatgacaaatgcaaaactgcctgatgcgctacgcttatcag,3941.45
ggcattttctttttctcaacttcctgcttttcctgccgatattttttctt,3935.33
aaggtttgcttagacttacttgctccctaaaaagatgttaaaattgacaa,3896.03
cggcctacaagaacgtgcaaattcaacaaattgtgatgcatcctgtaggc,3886.79
ttttccatcattagtgtgatcatctggttattttctgttgtaatagtgta,3873.62
tcagccgacatacgcccagcatcgatcccgcccttgcctatacttagagc,3867.52
ctgttggctttgtacctaaaaaagcgattggcgctgccgatggtattaaa,3858.18
ctgtgagtgatttcacagtatcttaacaatgtgatagctatgattgcacc,3854.58
tgaatcgttaacacgtgacatagtttcagatttggactattccttggggt,3842.55
aatgctgcattcatttgccgcagtggcgttaattgtggttatcatggtgc,3834.6
tgtgatcatctggttattttctgttgtaatagtgtattaatctattcacc,3825.51
tagagtattcgttttcatttaaagatattcttgcgctttaattacaaact,3821.08
tacgcagccagcgcttacggttttcttcgccaatgccgatatccagatct,3811.02
ccgttggtacgcaccaacatttgaccagaatttttatctacacttaagtt,3810.89
ttgacacgattccgcttgacgctgcgtaaggtttttgtaattttacaggc,3804.84
atggcgacatgatgtttgcatttttcaaaaaatatggataaaattttttc,3788.43
aaataaacctaccattgaaattaaaacttatcagatttagcatgtgaatc,3776.6
tgattatcagtttactagcgaaagctaagaaataaacctaccattgaaat,3776.6
aaatatcatcaactattgatcaagatagattttcatgtatcgtaatacac,3774.25
agcggcgatttaatcgttgcacaaggcgtgagattggaatacaatttcgc,3765.36
tgcgggagggcgtactcactccttttaccctcacagtttaagattttcct,3761.76
ggatggagattcttttcttcactggcctaaaaagctgatattctgtaaag,3760.79
aaagtcgtactagtctcagtttttgttaaaaaagtgtgtaggatattgtt,3751.1
acttctgttctgttaaatgtgttttgctcatagtgtggtagaatatcagc,3746.34
cggcgtcacaaaaaggtgcggtcttacggaattttccgtaaagttcggta,3739.19
aaaaggtgcggtcttacggaattttccgtaaagttcggtactctgagtaa,3739.19
cttgaaggggaagtgggttacacctcgaacgaacctgttatgctgtgcct,3728.49
tcatgtgaatagttaagccagtcgccgcgttccctcttacactatgcgct,3716.27
taattgctacaaatttgtaacttttgctgttgtacctgtacaatgtcccg,3710.26
actgtcagtaatgatttgttgcctgccgtcctttgttataccgtctctgc,3704.24
tggaccatcttccgtgaactggaagtgtttgttcgttctaaactgaaaga,3703.44
cgcctgctgcgtcgaatttgcgccgatacatcggcacattttcatacgcg,3687.89
gatggtgaacagtatctgtccttttttcaccagctggttatcatgaacat,3685.9
attttaccagtagagttgataagcgttgattctgcccttatttacaaagg,3668.53
agtatcatattcgtgttggattattctgcatttttggggagaatggactt,3668.07
ggcattttggacttttcacagggtctggttgcgcaggtatagtaatactt,3666.86
tgaaacatcttaaaagttttagtatcatattcgtgttggattattctgca,3650.39
cccgccaggtaagcccacctggcgggcttttttatgatttaatagatagt,3647.29
ttctgacccatatcagccaccagtttgatgcgtggctgatggaaaacgca,3640.83
cggggctttttttctgtcttttgtactcgtgtactggtacagtgcaatgc,3616.75
gttaagcgtgtataccttggggaagacttcagactctgatagggtagaag,3616.75
agcggacaggtcagctttgatgacttcagcggtgggcttaaaatgaccgc,3615.51
tcacattactgatcatggttttgcctgcgctttttgcgtaagctgtgccg,3609.32
gttttaatcaggtactaccaatcgaaaaaattgacattattattaccgat,3589.96
ggagggttcctgattcgtagaaaaagtgaatggctgctattctatgttat,3577.96
cgccgccagactggggtgatttttccggcagatagcgtaaaactataatt,3577.74
aatcgacaataatggtcgtcgcctcgctcgcagtgtgctaacgtttatct,3562.88
cttgagatgtggtcattgtaaacggcaattttgtggattaaggtcgcggc,3551.29
ggaacggactttcccttctgaataaaggtcttcgtggttatacttctgct,3547.9
gcttcaacaaaaacctgtttattgtaaggattttgcggcgtaatatatac,3525.07
gctttagtagcggtatcaaaaaatctgcagtaaagtaagtttcccgatgc,3519.48
ttccttgaacgaatatttactgccatttcattcacgtctattcttaattt,3503.44
aattcactatatgacaggaaatttattgcggaaattgatatattcacaac,3477.96
tgccccttactcaaaccattgaacgctttgcgctctggcatcattcacgc,3471.36
gggcgaacgtaaccatttaccatgagatccagatcggtcagaattgcctg,3454.38
tgttgctgcaaaaagcagcacaaggtgcatttcatggtatagttgactat,3441.8
gtcgcagaaaaagccctttacttagcttaaaaaaggctaaactatttcct,3436.56
accagatcaaaagccattgactcagcaagggttgaccgtataattcacgc,3435.55
caccatttttaacgtttcaaagttgcaataaaaaccgctaatatacgaat,3421.95
cgccaacaaaatttacaaatcttgattcctgaactgataggctacctggc,3377.12
atttgggttgttatcaaatcgttacgcgatgtttgtgttatctttaatat,3368.91
ttgcgtatccggtcacctctcacctgacagttcgtggtaaaatagccaac,3361
ttgaataaaacagattgttgtctggaacaatgtccccgataatatgtaac,3356.81
gtttcgttcacgggcttgaaaaagcgcccaatgtattccaggcttatcta,3344.17
tttacgctgcgtcgatgcacagcctcatcattttgcagtatccttaagat,3330.17
ataaccagtgccagattgcacataacgtcgtgattggcgacaatacggcg,3328.82
tgactggtcaaatttcgaacgacatcattctcattgactatactgatttc,3300.96
gcttaaccaaagtgctatgcagtaaaaagtgctatgcagtaataagacgg,3291.12
gtaccgaagatcatcgggtcgctgaacgctttgaggtttattataaaggt,3289.21
acaactggaaaatccagccgggagcaccgttatatgatacgattgttatt,3288.6
attaagaattgactggaatttgggtttcgaggctctttgtgctaaactgg,3284.24
aaccgcagataatccttcctttccccggcagctggcgttatggtcagatg,3283.31
gtgtaactctgtataagttttatttaagtttgggctcgtaaggtaaacgt,3257.56
ctgaaggcctggatctgtatctcgcccccgatagtgagatactcgaaacc,3241.51
cctataaagtaaacgatgacccttcgggaacttcagggtaaaatgactat,3239.21
aaacaaaaacagatgcgttacggaactttacaaaaacgagacactctaac,3239.04
cgctaatgacgtgataaaaatgcctgatgttccccgctatactgaagaat,3227.18
taaatgggagggtgacttgcctcaatataatccagactataacatgcctt,3221.78
agatatattacagattaataatattcttaaaatgtggtaatttattaaat,3217.31
agagaaattgttgctcgaccccggattcggtttcggtaaaaatctctccc,3211.15
gcgaccgctttggctgctttcaggtccgtttcaatgatatactgccagtc,3187.09
atggtgataatcctattttcaaaatcgacgttcttccatagcatggaacg,3171.43
tggcgtcgatggtgataatcctattttcaaaatcgacgttcttccatagc,3168.48
actaaacgaagttccttgtgtggagagttataaagggctaatttttggca,3168.48
tttgtcgcgggaatgatgacaaatcccagggaaaaagaaacaatagcaat,3144.71
ttttgcaaaatgtattggcgagtaagaaccgcatttggtactttccgggc,3138.99
gcacgccctgggtatacgtaacaatggacaaatgtggtacatttgcccgc,3135.63
tcgaagagatcactgcagaaatcgaagtgggccgcgtctacactggtaaa,3133.11
catagcagacaggcatggtattgctggattaagcaggtaacatcagtgtt,3129.52
tttactgatattcccgtaaaagaaggcgaaaaacacgttacaatagccgg,3128.68
gaaaaccctgccattttcccctactttcaatcctgtgataggatgtcact,3126.96
ttgaattgttgtgaattaatttcgcgatcgcgatggtgtttactgatatt,3125.33
gaagtgaaaaaactgtgagtaagcgggtgataaatggtaaaagtcatctt,3120.95
ggcaggcacagtggctgactgaaaagctgtttggagttatcatttatatc,3104.98
tggtaaaagtcatcttgctataacaaggcttgcagtggaataatgaggcc,3096.89
cgattaataatcagtagctgaaagcagtcagcgagtgataaagtacagat,3082.22
gaaattcatattgaacgtgaggcgcgacgcggaatagtaggcaatatcta,3078.9
cgaccacttttttatccaaagtttcgggctgttatgttttaatgtgcaac,3078.85
tttctcttaaccagataagaacacacacaccaacattatggtattctgtt,3077.04
tgccccttattcccgctattaaaaaaaacaattaaacgtaaactttgcgc,3076.4
atgtgagtgcttcccttgaaaccctgaaactgatccccataataagcgaa,3076.19
taatcacggaataattcccgtgatggataaataagggtaagattccgcgt,3072.47
aagtaacgtctcggtggcttatgggcggtaaaacagataaattttttccc,3069.15
ttacgctggttgccgattccccactgcgcgctttgctgatagatttgcct,3058.26
cgacgcgtcgtgattaggtgaaccccttctcgttatggcaaaataagcca,3057.95
tctttgtagacacagtaccggatgatgttaagaggctgtatactgaagca,3054.8
cgcacaattggcctcagatgacaatatgttacccgatagtcaaagaggat,3048.79
aaaaaacaattaaacgtaaactttgcgcaattcagaccgataaccccggt,3042.85
atgaaaaacgcaaggttgttgaaagcgttgtgtttttttatggtagtgcc,3042.75
cgcagcccccctccgttgtatgtgcgtgtagtgacgagtacagttgcgtc,3036.76
acacgatcccgctcgcatttttccctaagttaaatgagtaatctgatggt,3026.37
gtgatttattcagttgccaaacccgctggagtattgagataattttcagt,3016.74
gaaataagaatacattgctaagttattcgcgcctttttataattcgttac,3014.89
cttaccgccgctacctgataccgaatatttgctgtgctatgatccgtcca,3005.6
tttgttgttaagctgcaatggaaacggtaaaagcggctagtatttaaagg,3004.69
cccacaaagcatggcacagcagctctgaaaccatcgctaaaatcaaatat,3004.53
aagatgccgacttcgtcttcattcagccgaatagcagctatgttcttacc,3003.43
aagatcttctggtcgttgaaacattgatgtctctgtagcaacataggggt,2995.88
atctggatgacacctttatgttgttcagtagttatggtattaatatgcag,2988.9
tttttattttttcactttacctcccctccccgctggtttatttaatgttt,2974.5
gaaaagatgcaaaaatcttgctttaatcgctggtactcctgattctggca,2960.11
ctggcattaacgggttcgccagtcggcgcaatgaaggtatttttgatttt,2959.22
tcttgctttaatcgctggtactcctgattctggcactttattctatgtct,2955.68
gttatgtgcctgtcttttcaccacttcaggctcggtggtatgctggagtt,2948.92
actgtttgcatcagcgcgatagcgtccagcggtcgcgctatactttagat,2948.9
tttttagatccctccttgctttaaaacgttataagcgtttaaattgcgct,2947.43
agcatattgcgaccttcgcacttaattacaaaattaagtataatgaagac,2945.28
ctttgataccgaacaataattactcctcacttacacgtaatactactttc,2940.55
tttattacgcctaaaggattaaatcttttgcgtgcactacactgtcaatc,2936.54
tttccgttaaaggccacaatttaagactggatatttgatatcatccaggt,2934.53
aacctggaatcgagccgtcatactacggcgcaacgccctataaagtaaac,2933.73
cggtcaaaagctgcatccggggttcgaatccccgcctcaccgccatttgc,2933.6
aacggagtttttggttgtcggcagcccgcagtgcgttgtttaatcagatt,2933.15
aataaacggagtttttggttgtcggcagcccgcagtgcgttgtttaatca,2933.15
cttacagttcagacgtttacccatcttgctttcgcttatatactcgtgtc,2897.86
gaacagccaatgaattgactttaaaagagagataatttatttgttttaga,2892.44
aagtcgaagaacagccaatgaattgactttaaaagagagataatttattt,2892.44
taatgcgagcctcatcttgcgcgccgcccgtccgctgctactctcaacgc,2886.42
ttggggacaaaaaagctcagtattctcgttggcaaccagataatttaaca,2883.63
ccccatcgtaattaatcggcttcaacggaagctgggctacacttttaatc,2880.41
atattttccatcaacatgacatatacagaaaaccaggttataacctcagt,2880.41
tgtaaaactttgttcgcccctggagaaagcctcgtgtatactcctcaccc,2874.4
tttcaaaaagtttgttgacctcaggtcatgatttccctaaattagcgccc,2838.37
tgtcaaaagtagtagcagaaaatgctctacaagatgcattaagattggca,2837.74
gtgataaaaggcagttggttgacggtgaaacgcgtattaaaatgccaccc,2836.56
gggacacaaaagcgaaaatgcagaagaaagccatttgctaaaattgaaag,2836.53
aacataaattaatcttgccccttaagaataagttgcctattttcgtagtt,2835.42
tgggcgtgatactgaattacataacgtaaattctcacgcataataattat,2830.38
aattgccgataacatttgacgcaatgcgcactaaaagggcatcatttgat,2829.03
gatttcagacgaaagtttgaaagatgctggatatagagtatcctgacgct,2814.88
ttcctgttccgtcagacacgttaaaagggggatcgatagtgcttcctgcc,2781.49
gggagaggtattttcagttgatctggattgttaaattcatataatgcgcc,2766.16
catcaaccacagcaagtatcgatcgattaagacttggatgatagacttca,2756.56
atcgtgagttaaggttgaaagagcaggtttaactcgaccatactctatac,2754.82
tcttccgctacatgaagacgccgacttccgcaacgcgttaatataacgac,2751.11
ctagtgcaagcaaagttgctactttggacattaacagcttcaataatggt,2742.28
ctcaaaaacggcctgctggtcatcagccttcaggttacctatcatagagg,2737.56
cgtagtgaaagcacttgcattgcctcatagctcttttaccattagtcatt,2737.56
agacaatttcgcagtcttgcgccgcattgattagtgcgtatgatagcgtc,2735.63
accccggccaggcggtaaagttctgcccttacgcgccgataatctttgtc,2730.08
tgcagtaaaaatctattgtttcagtacgttgcgaaagcgataatagaggc,2730.08
aatttaccccggccaggcggtaaagttctgcccttacgcgccgataatct,2718.05
gccaaagcctctctgagtgcttttgactacctgattcgcaccaaaactgc,2717.74
agtgtttttaccacttccccttttcgtcaagatcggccaaaattccacgc,2708.38
atcctgcgatcagcaggatcagcgcgccgactatctgtaacatagtcact,2707.37
cgcgccgactatctgtaacatagtcactccgtgatgaatatcatgttatt,2705.69
ttacccatgaagatttagccaacatgacacagatcgactacgatcgggaa,2704.26
tattccacagcaatcttctcttttctgaatttgccacctatcatagacag,2703.77
tatctgtaacatagtcactccgtgatgaatatcatgttattgttaatgcc,2702.34
ggttttgtgctcattgttttttaacctcaactcagattaaaattcgtttt,2701.33
cactgttaattttttcatcgtgagccctttttttgaactattattaaaaa,2700.31
tctgcgtcttgtgggctgacaattgcccccgtttcttgtcacaataggcc,2698.47
tgactttctgcgtcttgtgggctgacaattgcccccgtttcttgtcacaa,2696.62
ttttgctgcctcctggtggcgcagcgaatgaattggtttaaactgcgcac,2688.05
ccttgtgactggcttgacaagcttttcctcagctccgtaaactcctttca,2686.98
atcaaacaacttcacttgtcagcgacaccgcttcgtttttaacatcgctt,2682.41
gcctccatcccaataagagcgatgcagaaattgacgctatgatgggtacc,2679.21
ctcgccgcccctgatttgcctgactactgtatgttactttatcctgaact,2668.68
gagatgtttttttacttgaggaatatctcaaagcgagccatatttgatga,2657.92
ggcctgagactgatgacaaacacaaaactgcctgatgcgctacgcttatc,2655.37
tcttttcaacaattgatctcattcaggtgacatcttttatattggcgctc,2645.3
attgatctcattcaggtgacatcttttatattggcgctcattatgaaagc,2645.3
tagtgtaaaaccccgtttacacattctgacggaagatatagattggaagt,2643.63
tgtaatcggtttttcgcaactgttatgcaaaattgtggtagatctgttac,2641.43
ggaagcgcaatcagttgcgagcgacggtagtgtgttgttaaactgttcat,2635.87
tgtggtagatctgttacttcccctctactattcccacgttaaaatagggt,2630.79
cttgccctgccccgtcccttgctctcatgtctttctgtatgtattttata,2625.84
gcgatcttttgaaaattaacgtgctggatgaagtgtattaatatgaatgg,2613.51
aatctgaaacgaaacctgacagcgcgccccgcttctgacaaaataggcgc,2610.08
atgctgtccagcaggcgatgaaaaaccgtatccatctttacgatcatcac,2604.79
tcttgaaaccagacacttcaagaatagccgcaaaatgttgtcattacaac,2603.81
tcttgaaccagaacaattcaagaatagccgcaaaatgttgtcattacaac,2602.33
acggcgcgattcgtatctatgccagtagtaccatcggtaactacattctg,2601.69
acctgctcaccgcctacaaattcggggtcaaaacactgtattatcagaac,2598.21
tgtctaaaataaacattgcttcatatgttcaactatgcgttaatgattgc,2596.66
tattcacgcatttgtattaagttttgttaactgtgaccgataaaccaaag,2594.87
taacctgccactgacgccagcagataaagtttccggttataataacttct,2591.62
cttttgattaaccgcaaattttaattacacttaaggtgtatattttctat,2585.76
ctgccattccattgccgttgataaagagtttatctgttaatctgtaaatt,2583.75
tccctgtgtgatggcgacaccttctccggcgagcagctaaacttaatgct,2581.95
caccacgcgatgaccgtaaagttcgcgtgatggcagccgattatgaaaat,2578.27
gccccataaaacgctaccgttaatgttatcgttgcggtaatgttgttact,2575.13
tcagccagcgagaatacttgaacgaaataccagggtattagataatggcg,2570.94
tgtgtcggcggtcaatttcccttaagtaacgctatgttagggtgttgtgt,2561.63
ttgtgatggctctcaccttttaaagttgtatgacaagttatctttctgcc,2560.98
aagccttcgatctcaaaagcattatcagactgatacgctattattgaaag,2560.9
tataacccttaatgctagcgttaccgtccgctatcgtctatgttcaagtt,2548.63
ggacgctggttcgcgttgtagagaaagcggttctgtaatacagtacactc,2546.05
ctaaaacgttaattttttgtaccttcgcaactctggtttacaatgtgcgc,2538.03
ataaaaaactctgctggcattcacaaatgcgcaggggtaaaacgtttcct,2520.05
ttccaacttttgtattgatgttgttctcttaaggttttagattgcctgtt,2517.82
ccagggacttgtggttttcatttaggcgtggcaattctataatgatacgc,2516.43
tatttgccagggacttgtggttttcatttaggcgtggcaattctataatg,2516.43
gagaatcattacagtggcgcaatatggctgctctatgtcatgatcctggt,2511.21
gcggtgcaaccatcgttggtcactggccaactgcgggctatcatttcgaa,2508.26
ttgtgaattattaccccgaaaataaatttgcatggtgtatgattcgcgac,2504.05
gctgagatttatgacaaacgcaaaactgcctgatgcgctacgcttatcag,2502.8
ctcagttttgccgaatggcgcagcctgttccgtaaccgtacaatgtgggg,2502.47
ttacgtttagataattgctatccggaaaagcatctgctatttatagcggc,2495.38
tatgccgtcgtaccgattgaaaataccagctccggtgccataaacgacgt,2489.54
tattgcatcaaatgcttgcgccgcttctgacgatgagtataatgccggac,2481.75
aagtcagatcaatgcgttgtgtttatttaatggggatttacgatggcagg,2481.73
cattttgcacgcaaactggaaaacctggcgtcgtcatctattcttaaagg,2481.03
caacaataagggttctcggtgtttttcctggaacatggtaaagtaaggac,2474.91
cgtgatcatatcaacagaatcaataatgtttcgccgaataaattgtatac,2458.87
cgagccaaacttgacgccaacctgaaggattttgaggcacaattagcctc,2445.84
gtttgttgagtttacttgacagattgcaggtttcgtcctgtaatcaagca,2442.44
ctctgaacgccgcaggtttccgcatcactaacattactgatgtgactccg,2433.33
caaatctttccagtaaggcaattgatgttaatggtgttaagctgttggtt,2430.03
taccaaaaatagttgcgcaaacatcttgaaattttgctaatgaccacaat,2428.91
tagttgcgcaaacatcttgaaattttgctaatgaccacaatataagctaa,2428.91
ggcggctgtgatgacttgtatgcattggatgcacgtggtggactggatcc,2423.39
ttgccgattggcgcgtatcaggtgagcggtgagtatgcgatgattaagtt,2422.78
tttccaccgcgctcttttgattaaccgcaaattttaattacacttaaggt,2417.38
ttcgccgaataaattgtatacttaagctgctgtttaatatgctttgtaac,2406.76
cagcgcgcgatgatgttccgaagactataaggcatgttatagtctggatt,2405.35
ttattgcgtcagggttgacatccgtttttgtatccagtaactctaaaagc,2403.75
tttttccatcagatatagcgtattgatgatagccattttaaactatgcgc,2399.34
cgtcgccaacggattttgcgctacctgcttaaccggattatcatcgaact,2396.31
tattagtgatatcaacttgaggtaagcgttagtttcgataagataaactg,2393.33
gacgcagacattactgatcggcggcgcggaccaaacgtgtaatataatag,2392.55
tgaatggataatatacagtatacattctattaatatttatgatataattc,2389.32
tccccagatttttattgacgcacagcacattggcggctgtgatgacttgt,2387.31
cgtagctcagttggttagagcacatcactcataatgatggggtcacaggt,2384.04
gcacctgcccgtacttctcgcttttggcggtatccggtacactgcatttt,2381.3
taactttacggctttccttgcgtgctgaaacagaagtattatgctttctt,2381.3
ttcagggctgactgtttgcataaaaattcatctgtatgcacaataatgtt,2373.28
aagaactcgaggcttatggtatcagtgacgtacatgatatcgtttacaac,2371.85
gtttcttcccgacctggcttgcgccggttcaggttgttatcatgaatatt,2366.29
aattaaaattttattgacttaggtcactaaatactttaaccaatataggc,2355.75
aaccgttgtctaagtggctcatcggccctcctgaatgataaaatttcgac,2353.43
gcctgagcagaagacttcacgcgagcttcgaatgcttgtagagtctgttc,2351.72
actgtgaaacgaaacatatttttgtgagcaatgatttttataataggctc,2345.22
tgccggcattctgcgtatttatcttttgcaattttctgccattgtggggt,2345.22
cagcccgtagttccaggctacgccaccggtcgccagcaataaaccgccaa,2327
attgacgaacatcattgtttgtttcttgttctactgctagcatatcagac,2326.99
ttctcaacgtaacactttacagcggcgcgtcatttgatatgatgcgcccc,2319.62
tttagcgcgcaaatctttacttatttacagaacttcggcattatcttgcc,2315.15
taaactaattcctaacaacatcgcatttttttgacactagaattgcagca,2314.57
agtccgctgataaggcttgaaaagttcatttccagacccatttttacatc,2309.82
gcgtatttatcttttgcaattttctgccattgtggggtataaaacgcggc,2309.14
tttttgacactagaattgcagcaatatggcgacgccattacattgtgctt,2307.14
attcacgcgcttacttgcatcatcttgaccgttgcaacgaaatattaggc,2306.52
cgcgcaataaccgttctcgactcataaaagtgatgccgctataatgccgc,2303.13
acggacatgtaattttgataacgaacaacgttgacctttgttacaattag,2303.13
attatgatcaaaatcatataattgttccgttattatgcgaccatatgaat,2296.04
tgagaaaatttcattaatatcaggcattctttttcattatgatcaaaatc,2296.04
tttttcactttctcttaaccagataagaacacacacaccaacattatggt,2294.76
gctcgccgccgggggttgaaaccctcaaaatcccccccatctataattgc,2293.1
attcggctcgccgccgggggttgaaaccctcaaaatcccccccatctata,2293.1
attgattaatttcacttgcgactttggctgctttttgtatggtgaaagat,2276.89
aggagggggtcggcggttcgatcccgtcatcacccaccacttcgggtcgt,2276.42
catggatctttttcccttgagggatgttattagaccgctatactgggcag,2272.91
catcacgctgcgtacaatttcttcaatctgtttttgatccatgatatgtt,2265.04
gctgcgtacaatttcttcaatctgtttttgatccatgatatgttatctcc,2265.04
gtgaactgggtgtctgcgtcgtcgatatcggtggtggtacaatggatatc,2261.17
tctggaaatttcccggttggcatctctgacctcgctgatataatcagcaa,2261.03
aagatgggtaaaacttctgggtgcccttacgcattatcattatgctgctt,2260.03
cgtaaagatgggtaaaacttctgggtgcccttacgcattatcattatgct,2260.03
gcaattacgtactttagtcatgttacgccgatcatgttaatttgcagcat,2258.9
acgctcggcagaaatcacgctctggatgaacgatgtgctaagatgcggag,2248.53
atgttctaaaacgctggacagacagaaattaatcaggctattttcaaaac,2247.17
gagtgagtaacttaatagatatgcgatccctgaagatatattctgtgatc,2239.09
aaattactcatggattgtcgctgttgctcatttgagctacaattcaagct,2237.72
ctttgctcgcagatggttggcaaccgacgacagtcctgctaaaacgttcg,2236.55
tgagatcaagatcactgatagatacataacttgtgtgtatctttccgccc,2232.97
gttggcgtccggcgctttaccagagccccccacagcgctacaatgcccgc,2232.84
ttgaatttttgcactttaaatacaatctctttttatttataactttttag,2225.41
tttgccgcgaggttttgaattcccgggcaatggcacttatacttacacct,2224.95
caccaccttaagcattgagcaagtgattgaaaaagcgctacaatacgcgc,2224.55
ttccacatctcgctgttgcgccttatcttcaaattcctgaagatataaat,2224.27
gcaaattataaaactggaacctattcgtatagtttatgtatcctgtaacc,2214.5
tgatggtatcggtcattttacccaatagccgaaaggaataagatgaggga,2214.2
tgccctgacttcaccccgctgtgtctgcttttcccgactattcttaatga,2213.52
gccccaggtgcctttcttgaggcaatcgcctgttggtggtatcgtttatc,2212.93
ttgtgacgggatgcacagaacagaacaataaaaaagggcagaaaataatc,2212.93
atcacctgctctcgcttgaaattattctcccttgtccccatctctcccac,2210.85
aaagattggccccgagtaaaaatctttcaggtaacacccgtatgggtcgt,2204.26
aacaataaaagctattaactttctcttcttctatgcattagaatcatcaa,2203.11
ccggtgactaagccgggaattgccttacagaagaatatccctgacaatgg,2200.9
gctaacacggaacaggtgcaaaatcggcgtattttgattacactcctgtt,2200.9
ctgatttttggcgctagatcacaggcataattttcagtacgttatagggc,2200.02
gataaaagtatcaagtttactcattcgcttcagtctgttgttattgttgt,2193.83
tgaccattttgcacgcaaactggaaaacctggcgtcgtcatctattctta,2193.51
attcaccggctgcatggatgaaggcaatgcgctctggtataacttagcgc,2191.41
actagttaattaaagtggcatcctcccgcatcctctctgataatgacggg,2183.35
atacaggttaattttggtatttaaaccttttttacttgttagtatgatac,2174.19
tttgcgagatgcgccgcaccattccgaagcaaaattcttaaaatgcactc,2166.82
gcatcagagaaagcattgcgtggggtctggcgctcatcaacaatcgggga,2165.96
tcttgcgcaatgcgacttcactcgggcgtttttccagattatgctgaaaa,2160.46
gcgccgggatagcgttttttttacagcaggataaatgatattatttgttg,2153.01
tttaccgtttattagatgacagattatgcgtctttcgctaaagtttccgg,2147.87
aaggagggggtcggcggttcgatcccgtcatcacccaccactcgggtcgt,2145.13
cggcgtttgcgattacgcaagtggtgctggatgaagctacattgttcaat,2141.81
aaagataagatgtattgaccttctatttttgtgccataaggatgttgctg,2140.76
ttatcaataaccagtttgtgatctctgaagaatattactaaagttaaaat,2128.74
taagcttgtctgaatcgaacttttagccgctttagtctgtccatcattcc,2128.74
tacagcaaatagcaggtgtatccagcgccagcgcctgataaaaaggatga,2125.3
tgtgattaaacgcgccagcaccgcttacagttacggctataactattacg,2121.38
tttgcctgtcgcgtcatgtaacttgaaatgtggaattttacccttatatc,2120.65
tatcctcaatggtgtgattaaacgcgccagcaccgcttacagttacggct,2120.14
ccagcaccgcttacagttacggctataactattacggttatagttactcc,2118.9
aggtgttacgtggatatgttgcttattacaagtactgctaatataaaaac,2118.59
ttttcccgtttcgtactgtatatcttccatccagcgggtatactgatccc,2116.71
cgtaatcaacctgatttgccgaatcacggccatcggcgatgatagccccc,2111.48
cttttagccgctttagtctgtccatcattccagtaaatgattactcttgt,2104.68
tagccgctttagtctgtccatcattccagtaaatgattactcttgtattc,2104.68
ttatgggatctggactggtgaacggaggtgattatttttataataacctt,2103.49
cgacccaccatcctgaatgattaaggcagcataatcccgcaaggggtcgt,2102.03
atttaactgattcatgtaacaaatcatttaagttttgctatcttaactgc,2097.23
tgctgatattattcgtttatgtcttcgtaaatattggtatggtaagcggt,2095.59
ctgccttaaatcaaaaattgtcgcagcaaggttaactaaaatcccagttc,2095.37
caaggagggggtcggcggttcgatcccgtcatcacccaccaccgggtcgt,2091.01
ggcggaatttcatattgacaacagtacagttcttatatctattaataata,2086.9
atcgcggaaaagctgtattcacaccccgcaagctggtagaatcctgcgcc,2086.64
cttcgtttatcgttggggttttacggctttgccgtttaatatagtgtgct,2086.09
gtcacaaattgagcatatttttgtagctgatagtttgttacaaacaccag,2078.66
gcacactctttccccacactttttccctttgctgtggtctacttattcgc,2078.63
tgccagacggcgttttgcagacgcgtaccgactttggtaaaaccgggtac,2077.94
aagacacattttatattgaacgtccaatcaataaccgctttaatagataa,2076.97
tgtccccgaagtgatgggaaaagtcttagcggcaatgcagaatagaaagt,2075.76
agctttgcagattttgccaccgctttcacagaagtggtagacttcgttcc,2074.94
ttggggttttacggctttgccgtttaatatagtgtgctattgtagctggt,2073.08
cttctttttgtctgctatcagcgtagttagccctctggtatgatgagtcc,2072.57
tttgcgtctgaacaaaccgccgccgcgaaaaaacacgtaaaatagcgctc,2071.55
gtattacaggttgttggtgctatcgcaggctgaatgtgtacaattgagac,2070.03
taatttgctttacatctcccgtaaacacttttctgcgatacaatgccttt,2069.95
ctgatgatgtatatcaaagtaaaaccgccattttcccttattctgtagcg,2066.03
tcgccaacgaaacgtattttttaacaataaaagctattaactttctcttc,2065.65
ttagcccggagctgatggttattgcggttggttccggtagtgtgattttc,2064.67
gagctgatggttattgcggttggttccggtagtgtgattttctctcatgt,2064.67
ttgcgggaagccgtttactcatcaggtctacacaacgtattgttttagtc,2063.68
caatgcggcgcaagactgcgaaattgtctttttttacgctacaatcccat,2056.58
ataacatattctgtgttggcatatgaaattttgaggattaccctacactt,2055.7
ccgtgacgcaggcatgtttctcaataacgaaatttgataaaatcccgctc,2054.57
agatgtgtttccagattgacttatcctcactaaaggataaaacttataat,2053.04
tcataccttgccacatagccaaacccatcctttcccgctacagttaattt,2047.08
acattttcgtcgttgctattctggttcactgcgtcgtgatattcttgcgg,2044.55
tcaaaatccagaacagaacgcttttccacgaagacgtgataaagtaaaga,2043.11
tcaccaacattctcttcaattttaggattgcttattttattgtggagctt,2039.75
gcgttgaaagaaatttcgaaccctgagaacttaatgttgtcagaagaact,2035.93
tggatgaactaaatcgccttcttcgttgcactgtcttattattaggaatt,2035.93
tcgagatcagccctaacgccgagccgccggtttgtcgtataatggattac,2032.73
aatgataattcaaactatcacataaataagatttatatataatttatatt,2032.52
cacatacttgcaggcggtgatgtgaattaagttaagtgatagactatttc,2028.52
tacttttccacaggtagatcccaacgcgttcacagcgtacaatacgccac,2028.5
tccacccattcacagtgactatattgatccacaattgcgtgtatcataga,2027.77
cagtgggctgatttttattctgctcgccagcttagttttataatcgggtt,2023.9
agtctccaactccatttgcgccatccctcaccgcgcgctagcatgatatt,2022.93
ttgttactgatgtcacaaattgagcatatttttgtagctgatagtttgtt,2022.93
aggctaattcgggcttgccagcctttttttgtctcgctaagttagatggc,2022.31
gcttacaatttctccggtgcaagattcatatttatatagtaatatataaa,2020.5
ttgcttacgttgggattgaaaacgggtcattctaccgccatctcccatat,2020.07
catcgtattttttgcttacgttgggattgaaaacgggtcattctaccgcc,2020.07
gcccatttgccagtttgtctgaacgtgaattgcagattatgctgatgatc,2018.47
aggaagattgccgggtgctgacagtaaaaagcaatcgtagaatcagcggc,2013.09
cgctcattcctccgccatttcatcccgctttcctgtggtaatcttcctct,2008.76
ttgtggataaaatcacggtctgataaaacagtgaatgataacctcgttgc,2006.21
tcttgatcgggttaactattttactacttacaaagcagtagaataactgc,2005.46
tttagctaccaataatagtagtcttgatcgggttaactattttactactt,2005.46
tctttacattaggttatgtaaaaacgtatcggcgtttatatactgaagat,2002.78
agcttgcattgaacttgtggataaaatcacggtctgataaaacagtgaat,2002.49
ttgcaaggacgtgctggttttataacctgcatgtactgtatgattatcca,1998.85
aactattgcaaggacgtgctggttttataacctgcatgtactgtatgatt,1998.85
atttatgctcgccgaccaccgcccccgttattttgtgctatgtttattga,1988.43
attggtttgggggttgcgcaaagtggccagattgtgggtaaaatcggcga,1984.42
ccaggctttgaggtattcatcccaggctttaagcagggtaaactcggtag,1983.62
ctaaatcattcgcgatagatgcgctcacctgaagcggtataatggcgttc,1982.06
accaaccttcagagttgctcattactactcccctgaaaaataataaaaaa,1979.2
aatgacggggatcaattggcttacccgcgataaaatgttaccattctgtt,1966.38
gccagataaatgacggggatcaattggcttacccgcgataaaatgttacc,1966.38
tttggataacccttccagaattcgataaatctctggtttattgtgcagtt,1966.13
cacgccggatatcggtttcttttttcacagaccaaagtatcatttgacct,1965.34
ttctgcggtgacaaggcgatgcattgtctccagttcgctaacattaacag,1962.99
ccagctaacgacccaacgcaagacgccattaaccgaatatactttgcaat,1961.63
ccatgcgactatgggtcgcctttattttttccccgttgtaacattgctct,1960.36
ttgtctaacgtgccacatcaatcgcaagacgttctcgataaaatgtctcc,1960.36
gaatatatctactgatgtacaaaacacaacaatagcttcatgatatataa,1959.23
gtgatgacggaaaagcgataaatgccttaaggtcatttttattaaggaag,1955.8
atagcagcttctgaactggttacctgccgtgagtaaattaaaattttatt,1951.41
gaacgcatacggtattttacttcccagtcaagaaaacttatcttattccc,1943.98
tacaaacacgcgcatgtcataaatagaaaagagtgagtaacttaatagat,1938.83
ctggaacgcctgtatcgacaatggcgcggtaaggcacctaagattatgcc,1931.9
acgatcgcgaaatgttagtcagcgtcggtagcggatttattatgggcaat,1928.81
aagaggcattgtttaggttttgtttaagttaatcgaccatactggagatc,1927.12
taaaaaaactggcgcgacctgccgcgctataaactaaaaaattacacaaa,1926.6
agtttggtgtgggcgatatcgctatcgcaccgttcatctacaatttgttt,1924.28
tgggtgtccgtgagcagatcatcttcccagaaatcgactacgataaagtc,1921.72
ttatagccatatgttggcgcggtatcgacgaatttgctatatttgcgccc,1921.72
agaatgttaataagacatgattgttgtggcaggatctgcaataattaaca,1920.65
aacctttctttacgccgtttttgtgtgcattcacatggtatgatgaaagt,1917.3
gcgccccggcgtatcgacaaatcatcaacgcgatagataatatgacagac,1914.35
gcaacaacagttccttgaagagttcgaggcaggtttgtacggttatactt,1912.26
caacctgtatcacacccgatgaaagattaattagtcaagattatgatatc,1911.16
attgcctgcgcaatggtgtttttgtttttatctgctttatacttgaggcc,1909.61
cgccgtcgaacgggtttacaccatcaaaaatacgatcgattattattaat,1909.61
gcagagaaggtcgcgttgctgttgacgtcgtttacgtagataatttcttt,1906.24
tcgcaataatatattggctgtctattcatcgtgttgataagatatatgtt,1906.24
gcaaaaggatgttccatgtacatgacgcgcggcttgcggtaaattgttgg,1904.27
cgttgattacaaaatcaacctgcttgacaaaaatgacttcactaaggaag,1902.51
tcagccataaaatcatttgcagatgcgctctgtcgaggtagtctcataag,1900.33
tcttgattttaatcagcattcatcgccaatttattgggcatattttttcc,1898.85
cagtgttaccgttacgatacacagcgttagagagaagttataattgaatt,1897.41
aaaacacgccaccccttgaaccaacgggcgttttccgtaacactgaaaga,1888.78
tgatacttgtatcaagaattgttccctgttcccagggtaacatcattttc,1887.83
tcattcaaaacccagatgtaattgtcatcaaaggcgggaatactgttaag,1887.11
aacccagatgtaattgtcatcaaaggcgggaatactgttaagattcatag,1887.11
gagaagaaactgtacccgaacgtcgatttctactctggtatcatcctgaa,1887.09
accggagcaaccatcactcttttgaacctaatcttgcgtatactcctctc,1886.21
ttctgataaaactttcttgtcatcggctccgttcgccgttatgatcggtc,1883.61
gaccattttgcataaacaccagccaattattgggggaagtactaaggaag,1878.93
gtcggacgaaaattcgaagatgtttaccgtggaaaagggtaaaataacgg,1876.18
ataatgctgccacccttgaaaaactgtcgatgtgggacgatatagcagat,1875.55
aatctgtgccaacttttaaattgcccctaaaaggcgttatcatgcgcacc,1867.51
ttcagatcatcaatagtcagggaaggaagtagcaacattagctaaggaag,1866.13
acagataagttaccgctggaattttcttcatgggtcgcgagaatgcgtac,1865.72
ctctttgtcgttccgcaatatctgttctggtggctacagcgttatggaag,1865.04
attaataatcagatacaaaaagggccgccagctcataacgcctccggaag,1862.1
tccctgcatttttcccagacacaacttttccttagccataaaattaatgt,1861.32
cgaagaattaaacggcataaaaaagtattatgccgtcttaaaatagagga,1859.77
acggcataaaaaagtattatgccgtcttaaaatagaggattattttaaat,1857.91
actggcgttgagacgaagtattaccaggctgcggatgatattctgcaaac,1856.91
gtatggcgcaagctgttgcagaaatgagccattacgccgaatatgattat,1851.88
ccgcgtctatctcaaaaaacgaagtcttccgttccggtatgatcgccatc,1850.93
tggatatcgtctgacgtgctcatcaatgtgctcccctctacagtgttacc,1847.3
tgaaaatcgctggcgataaaattataggcgtcggtgccgataaccatact,1847.05
gcgcggtaatggctggattgcgacacggagttactttataatccgctacc,1846.85
acgatgaaaatcgctggcgataaaattataggcgtcggtgccgataacca,1845.58
caggctgcttgtactggtgcaatcctgatttcttagagtataaaagtttt,1840.1
gcgaaatctgctttttttgccaccgaccacggatttgttatgctggtggc,1840.1
gttctgcgccacaagttgttccagattgattacctcactacactgagtaa,1835.31
gtacgggaatattcttttaaaaaaaggggtaacaccgtaatctcataccg,1829.74
cgaacgcgcacagcttttatatgagcgcggagtgttgtatgatagtctcg,1822.06
attacgatttgtcctgttgacctccggcgctaccgttgcagactataacg,1813.69
cggtagaagaagtgaatgcagaaattcagcgtatcgtcgatgatatgttc,1811.19
ctattgatatggattaataattcttaacccaaaatgggtagactccctct,1808.27
cacgccgaaatactgatttttggcgctagatcacaggcataattttcagt,1806.21
gttaaaaattaaacacttgaaagtgtaatttccgtccccatatactaagc,1804.02
tcctgaccatcaaaattgacaacatcaccatcctataattgactgaaaag,1804.02
gtgttgctgcccggttcaaacatcatgggattctgtggtaaacttctcgc,1804.02
ttctatggcgcatcaggacgttcgctattacttaaatggtatgctgtttg,1799.4
cgcgcacagcttttatatgagcgcggagtgttgtatgatagtctcggtct,1798
cggtccttgttccactacttccccttgtcgcagtatgataacctgatgac,1797.64
gcgcacggtccttgttccactacttccccttgtcgcagtatgataacctg,1797.64
cgaaattcagaatgattctcaatttgcccgggtgtgataccattgacggc,1796
ttgaactgcaacagttgcaccgtcgcctgaaaacgacttcactctacgtt,1792.03
gttccggaagggtattttcgcaaatcaggaagtgaactactctttgcact,1779.96
tctttgcgtatagattgagcaaatcccaaatagccgttaaaattatatgc,1778.91
aacttctttgcgtatagattgagcaaatcccaaatagccgttaaaattat,1778.91
atacgcgagatcacggactacaacgtctgaatggtattacgatgccaaac,1775.87
ggtgacaaaattcaggaagtaacccataccttgagctaaaaaggagaagt,1773.8
cggcactaaaaccatcacatttttctgtgactggcgctacaatcttccaa,1768.98
aactgccaatacccctacatttaacgcttatgccacatattattaacatc,1768.44
ctattcttcgccgcgcctggttgggagtatttcccgctaaaattgtttaa,1767.94
ggaatatcctgcttatcctcgtgctgtttctcacgtagtctataatttcc,1763.59
ctgggcgacgctacgcttagccccttacttatttctggtaccatggggtg,1761.24
gggcgcttgcccgtcttgtcatttttacaagctcctgattcaatattgac,1759.15
tttccgtatacaaaccgtgtgaagtgttaaatagcgtctatcattatcag,1746.14
tgtgttacagcgcagggtaagcgctgataaaagatggcatgatttctgct,1742.43
ttgcctgacaatgcgtgcaatatcggcaaagtgatgatagattgtgcagt,1735
cgatgatggcgtgaacaagttgctgaaggatttggacagacggcgcagag,1733.87
tgtgatctttccccatgatccactatcacagaatgctctatcattggcgc,1731.85
attagcaataaacgttgacaaaatgtggcgtggatcactataatgcctgc,1728.85
gtacctgcgggcaaatgggttttctacggtctggctgctatcctgacagt,1727.57
ctgagtaataaacttttccgccgttgtagtgcacgcgatatgctgttgat,1725.94
aagataatcagggctttattttcagccctggttgttttatattcatcgct,1725.84
tcatttttttcttgcttaccgtcacattcttgatggtatagtcgaaaact,1725.84
ctgacgcgtcttatctggcctactttaatgtaatttgttgaaataatggg,1725.84
ttgtttacaccttcgcattatttatctcttttcgtttctatactgatttt,1721.04
attgtcctttcacgattccgtctctctgatgattgatgttaattaacaat,1719.83
gttgatttgctgttgcgtgctgtttactcaattgcgatatactgttgccc,1719.83
tatggtgtgatcggggttcaataaattgcgaaacaaggtatactccagca,1718.9
tgaagttacaggttttttagcgcggcaggaggttgagctatgattaattt,1716.01
acccttccggttatatgttatctggtgtggttattcgttaaactacagcg,1712.71
tattgcgccagagcagggaatggcaatgttttgcgaaatacactgcgctt,1710.98
gtcttttggcaagttggtatccggcgcggcgcgccagtaatattgaccct,1710.37
gtgatagtgtcatcattttcaaagcgtaaaattgtggcattcttcactgt,1708.37
ctcttcacttgcgggctcgaacagcaggcaattgccaatataataatctg,1705.46
ggaagaagctgcagctatgcgtcgcgacggtttgatgttaacgttgcaga,1701.18
ccaaatcagcctcttttgcttgtcgcttttcactaaacatccgacaattt,1700.41
atgcacttttatcactggctggcacgaaccctgcaatctacatttacagc,1699.78
ttatccaaaggtcattgcaccaacatggtgcttaatgtttccattgaagc,1699.78
atcagcctcttttgcttgtcgcttttcactaaacatccgacaatttagcc,1699.57
tgtaattagatttgactgaaatcgtacagtaaaaagcgtacaataaaggc,1699.23
tttatcacttatcctatagcattcacgaggattatcgctaaactatgcgg,1696.05
ggggttgagtcatcttgacgtctgctttacgggcggttaaggtgcctctt,1695.99
ttgttctgcatgaccattacctcgatcgtgttactgatgttgccgatcgt,1694.77
catcgaaatttttgttgcgctcaagtctgaaatcagtaatatatgccgcc,1686.7
aagccttttttgcgctggtgtttcgttgcgacagcacttacgcttgcagg,1683.75
gcattccaatactgtatattcattcaggtcaatttgtgtcataattaacc,1679.27
gtagtgcaggtaattcgaatgacattgctactctcctttattattaattt,1675.61
aaagatgaagccggcggtaactggaaacagtttaaaggtaaagtgaaaga,1673.65
aaccggatagcatcttccgcgtacgcgacgatgcgaatacattgcatatc,1673.08
gcattcttcccccttctcgcttcaatttcgaccagccatcctctattctg,1672.39
ttcccccttctcgcttcaatttcgaccagccatcctctattctgatgggt,1672.39
cgcgggctacagcggttgcaatccatggaaaattagtggaacttatgccg,1665.71
acgttcaaaacattttgtcttccatacccactatcaggtatcctttagca,1662.55
ggtcaccccaacgttggctgaccgcggtttgctgtggtacggtgaatttc,1660.65
cacgccgtcaccgccttgtcatctttctgacaccttactatcttacaaat,1653.68
gggtggccgccgtgtggtcgtactatggtgcactggtggtcgcagaaaga,1653.26
ggcttgccgacgcgctggacagactgcacaagccggaagaagctgcagct,1652.27
ctttgcgaacaaacaagccatcgacggcaccaaacggtcataataagaaa,1650.59
gtacgctaactcacgggcgcgatgttgaaattgatactaacgttatcatc,1650.56
tgtgaactccgtcaggcatatgaaaaaaaagtcttgtataaggtatgttt,1645.99
acaaaagttaattaactattatgtcacccgcattatgtgtatttttaccc,1638.44
aattgcatgtgattctcggattattgcatctgaagagttataagcagttg,1635.64
acgctggggaatatctttaacgatattatcgacatggataagatggaacg,1632.87
atatgatctatatcaatttctcatctataatgctttgttagtatctcgtc,1627.62
agccaggcgagatatgatctatatcaatttctcatctataatgctttgtt,1627.62
tataagccaggcgagatatgatctatatcaatttctcatctataatgctt,1627.62
atttttatttctaatagacgagatttttcctgttatgatataatatgctg,1627.1
taaaagtcaataggttgaaataactccaggaatttgctgatattccgcct,1625.62
caatgaatattccacagctcactgccctgtgtctgcgttatcatggagtc,1624.03
gcaactaattctggctttatatacactcgtctgcgggtacagtaattaag,1618.14
tgtcggtgctttctacgtgtgctgtagtgccggttacggtataatcgcgg,1617.6
tttactatgtctatctttattgccagcctggcctttggtagcgtagatcc,1616.11
gagggataatgaaagtttgtggcacaggtcatgttcgggtatactgcttt,1616.11
ttctgaccatcgttgttgacggtaaagaaatcaaagttaaagctcaggac,1607.59
aaaccctgagtgccgaagagcaatcctgggtggatgctaaactggatcgt,1604.97
tgtgtgaatgacatgtcgcagtaaaacgcactattcgttaaattaatcgc,1595.68
ataaaattagttattgcatttgacgtttggatgaaagattatcatttgtc,1593.56
attttaaatttcctcttgtcaggccggaataactccctataatgcgccac,1593.28
tttgcaactcaatattcacaacaaccttacactgcgccactattttcgct,1588.29
aggagtgccaaacagtgcgccgatggttccggcagaggctaaaatagtcc,1587.65
taacacctaaccagatgaaaaatttgctcaaaatgtttaaattaacttat,1587.53
cttttgttacttacacaacaattcattatttttatcacttatcctatagc,1586.51
cgcaccattgcggggcgctgtttttattatttcctgtctacactcagctt,1582.77
agacgttaatccgttatcacgagggttatgatcacagctattattttgtc,1582.33
gatgaatatcaagacgttaatccgttatcacgagggttatgatcacagct,1582.33
tatcgcagttccaggctgcgatagtcgttaactgttttacacttaataaa,1581.52
tccagtagccatcgctttgacctgccgctttccgggcatataattaccgc,1580.82
tgctcgctctggtgtggtcggactttcgcgcggcgataaaataatgcgtt,1578.96
aaatgacaccagaagcagcgaagcggcaggatattgcataaactttaaaa,1575.51
ttcgcttagcgaagaggcgctgattcaggcaatggtggataatccgaagc,1570.98
tctaaaccacctgtaatgatatccgcggctttttctggcaagctatacaa,1570.07
cgatttcgcagcatttgacgtcaccgcttttacgtggctttataaaagac,1569.49
gcaatgaaagaatagctttatttattaataaaacgtgtcattctgattaa,1569.4
atttcagccgcttttcttgacgcatcggtgaaaaagtcaatatttaatac,1565.96
gcgaccataacagaatgcaccaggtaatcacggcgacgataatggcaatc,1565.08
acaaaatatcgcttgtcagttatattgtatggcaggaaagatatgcgact,1561.18
atgcaaacgatttcaaggaatgaattggcgttatgtgttacgtttagcag,1561.18
tttgggggtagggtgttctttatgtaaaaaaatagtgtcacctaaggaag,1557.15
tgtgatcgtggtagcgttaattccgctcatatatcattgtaaaatatggg,1555.43
aagtaaatatattgttgcaataaatgcgagatctgttgtacttattaagt,1553.43
tcgggaacgttcccgtttttaaatttttccgcgcaatatattctgcagcc,1551.45
ggcaaaccaaaggagtagactttcgtttgcgcgtagccaataatggtggc,1549.24
ggcgtgggtatatttgactctatagcaacactcacgttacgttatcgcct,1549.24
ttccgctcatatatcattgtaaaatatgggttttatatgaactataatgc,1548
agccagcttgcccccgccagcgtaaccaaaattacgcgtcagcttatcga,1543.23
ttaaccattcccgccttgaggattgcgcgtaaatcgtgcataactccctt,1543.23
tgtttgctgaagtggttgacggcatggacgtggtagacaaaatcaaaggt,1541.81
ttttttaatcacacctttatcctttcgctgtcttgctgcaaactgattaa,1534.85
aaaaaacccgcccctgacaggcgggaagaacggcaactaaactgttattc,1534.54
taacgtaagcttctcgattctgctgtggcttttgcggctagtgtatcaga,1531.88
atgccgttatcatctcgcattaaaaacgcgatttgtgtaccctgcggatt,1531.8
tataaaaaataaatctcgacaattggattcaccacgtttattagttgtat,1531.41
tcggcatttaatgattcgttaacaaatgcgctttactgtacaatcctttc,1526.95
ttaacagcaacggctaattatcatccaggaatacgatatataatgacggg,1524.78
atggcaaagttctttttttcgcgttgtcgggttagggtattatgttgacc,1520.45
aaaagattgttatgcttgaaatatggtgatgccgtacccataacacaggg,1520.31
cgcacgcgacggtcgatttcacgcagacgctttttattatactgatagtc,1519.52
caatttcatggcaaagttctttttttcgcgttgtcgggttagggtattat,1518.59
tattcccttaggtatgtagacgggaaaacagtaactggcattattaaaaa,1518.5
acctgggcgattacgttgaagatcagattgagtctgttacctttgaccgt,1517.92
aatgtcactgaaatggtgttttatagttaaatataagtaaatatattgtt,1517.49
ttttagatactatgttgtacaagtttgatgacaatgaaattataacttcc,1516.45
acggatcttcatcacataaaataattttttcgatatctaaaataaatcgc,1515.37
cttgcaatttggattgcactggttgccagacgcccctgaaaattcatttt,1512.09
ttgagcatttgttgaaaaaattttcccccgttttgactaaaatgcgccag,1510.85
agaagtgaaaatattttgagttaattcttaagctatgatacaaatcaggc,1508.37
tacggcctgtctcattcttacgattgcggcaggccgtgttattattgtcg,1508.01
cagagtaaaacgtaatggatgactgtggtgcgattttgcataatattgaa,1503.35
gagcggcactatgtttcacaggataacgggtttttgatatcttaaccgac,1503.19
aacgttttaccgatgccgcgaaatgagagatacggggtagactgttgcat,1497.23
tggcgcagggtgtgatttaagttgtaaatgcctgatggcgctacgcttat,1496.96
aaaacagcaatatctttacatttagccaaactaaatgttacctaaggaag,1496.45
tcgcaagaaacttaatcccctgcgtagacggtgacagaacgctaagatta,1495.34
tcgctgggcgtggtgtttggcattctggtgatgacgtttattatcaacgc,1491.91
accgcttatgtctctatgcctgacaagacttatttcctatagtcaggctc,1491.65
aattgtaaattcaacattctcaaatgcgtcatgctgagctatgattagcc,1491.32
atcatttccttgttattgatatcatgagtcttctcaactatgttgtcatt,1489.56
gatcgatgtcagcaggtaggcaaaccaccattctaaggtcatgatgaact,1488.87
cctggaatgcaatcgtagccacatcgctactgctcggttaacatagtgct,1484.52
taaggtcatgatgaactcccggtgtgtctatttttgtgccacaatacgct,1483.29
tgtccttttcagtcagtgcaaaagtcgagtaaaaggcataacctatcact,1482.9
gatggcgtgttgatttgtgaagtcggcaacagcatggtacatcttatgga,1482.85
ctgatgatggcgtgttgatttgtgaagtcggcaacagcatggtacatctt,1482.85
ccgggaccgcgacatttgatggagctgaaggggctgatttacaatgaagt,1482.6
cgttaagagtggttgttgattttttgcactggcaggattacactcgcgcc,1482.4
ttaatttgtccttttcagtcagtgcaaaagtcgagtaaaaggcataacct,1481.78
gtacaatgcggaagtggtccgcatgaaaaaacaaaagctacagttaaaag,1478.61
ttgatcttaacctaccgcaaaacaaccgtgcttcatgatacaaatggatt,1476.14
ctctgaaactcatggatgcggtgaccataatcctgagcgataataaaacc,1475.95
caagcaaggcaggtttgcaagcaggcgacaggatcgttaaagtcgatggt,1473.71
atttctccagagtgctggagaaatgctacaaaattgcgcacaatcaaatt,1472.78
attacgtagaaagggtatcctgcaagcctgtcctggactatccttgtcac,1467.94
ctctatgtaaagggctgaagggattcggatgtgatggtatgattacagac,1467.5
tacgcactatccagacttgaaaatagtcgcgtaacccatacgatgtgggt,1467.27
gttgtgtctttctggtgacttacgcactatccagacttgaaaatagtcgc,1467.27
acaaataaactgaaaaagtttgtccgcgatgctttcctctatgagtcaaa,1467.27
cgctcaaatggtatgctggtttatttcatgtaaaagaataaaatatctgt,1464.26
aatatgtcgcttttgtgcgcatttttcagaaatgtagatatttttagatt,1463.79
agagactaaaagcattgcagtttctcgcgcaggcgctgaaaatagcgcct,1461.25
atgctaaatccttacttccgcatattctctgagcgggtatgctacctgtt,1460.69
ttgcatgtcattatttcccttctgtatatagatatgctaaatccttactt,1459.46
ggctgcgcggattcttttgttcgtgaaagaccctggtgtagcgtgggtac,1457.7
taagtcgttgtctgcggcatttttgccgagtgccgtgtataataggcaaa,1455.24
ggaccgtttagtaaagacgtaatcctgaaaatcacctataactagtatct,1455.24
agcagcatggcgcgcgccgcagatgtgcatctgtgtgttaaagtagcgaa,1454.33
cagggtaagttcatcttttgtctcaccttttaatttgctaccctatccat,1451.06
cttgactatcaagacttgcctcactcctgcctgaccgttaagctttgcgt,1450.17
ttttcctctattctcggcgttgaatgtgggggaaacatccccatatactg,1449.7
cctctattctcggcgttgaatgtgggggaaacatccccatatactgacgt,1449.7
gttcgagcaaactgcttttacctgctgcgggttagtgctagtatgaaaaa,1449.3
tccggtaagctctcgccgtgtttcctgtatttttcggctataattctcaa,1449.3
aacttgtacggtaacgtttatctgtgccattttttcagtacaatcaccct,1449.23
tgaaatacacgcaaagcgggacgtacaggggctaaatcggctaaactaca,1448.93
gaacgtctcgggcagtttagttctgccgaaacgcagcgtattataaccct,1448.93
aaaaggggggattttatctcccctttaatttttcctctattctcggcgtt,1448.46
tttcttactaaaaacgacacttaacaagtaccaggtataaaatatgcctt,1445.94
atcaccaccaaacatattgactaatttctgtaactgcataatctgataga,1443.36
ggtactgcggccttgacggatgttagtaaaccctgcgcataatctgggtt,1443.21
gtaaccgctcaaggcttgaacaacatcgcgcttatcgttaaggtaagcgc,1443.21
gctttattcggcgctgacgggtcttacgctttccagtatattcattgtct,1442.76
aaaccgctgggcggtggcggtgaacgctatgcctgtggtgtaattaagta,1439.23
ctttccccttgactatcaagacttgcctcactcctgcctgaccgttaagc,1439.02
atgaggtacgcaccagcgaacttttcgacgtttggtgggactaagaaagc,1437.24
cggcaaaagatggattgcgaccaccctggtgcgaaattataataaaaaac,1437.2
aggttacgactaactggtttaaaaataaaattgattatatatttataatt,1433.3
ccgtagcagcctatgttgctgttaacacgaacaaatggttctatgagaaa,1430.98
ggctgcctttttctttgactctatgacgttacaaagttaatatgcgcgcc,1430.77
ttgcccctatgtgtatagtacgggttaagaaaatccgcaataatactcat,1421.9
gtttcaaataattatttgcagtgcaactaattccatgtatattactaccc,1419.16
gattcgcgtccagactgctatattgaagtgaaatcggttacgttagcgga,1418.87
cggcgcagtgaaatcgccagcgccctgtcacgtctgttactattggaagt,1417.71
accttaaagtcggagtgtttttatcttgatgagttcagtaatataagcga,1415.34
aaaaaactaacagttgtcagcctgtcccgcttataagatcatacgccgtt,1411.78
cattatctctccgccctggcaggcatcagaaaatcgctcatactttaatc,1411.78
cactttttttgccacaacacgaagcggcgctttttgctataacttagaaa,1411.14
atttattccatgtcacacttttcgcatctttgttatgctatggttatttc,1409.32
aatgaaattggttgctagaaagtcgatgatttgttgcgtatgattaaaaa,1409.04
cactaatttattccatgtcacacttttcgcatctttgttatgctatggtt,1407.64
gatcaggcgcgctttgtttacctgatacggaatttcgtggacgataatgg,1407.4
gatgaccgcaattctgaaagttgacttgcctgcatcatgtgtgactgagt,1407.13
aacggagtgtgttttttgacttactcgtaagccgttctactcttcaaaga,1407.13
gaatgcagcaacgtctggatagtgaattgcctgcgcattacactgtgccg,1405.92
aggctttttgcttatttatgccagcgcaactttgctctaagatgtttcgc,1404.75
taatgaaccaggctgtttctataacatatgatttatggcatattattttc,1404.01
tttttgcatctcccccttgatgacgtggtttacgaccccatttagtagtc,1403.45
tcagaacgagaacccctacaccgggcagcaatatgtgctagagtcacgcc,1401.33
caagatcgattcggttgagtgcatatccattcatagggtagattcttaag,1398.77
aagcgtaagctgaaactggcaggctccgctaaaattactacgcttaagag,1398.67
ttacaattttgtaatgaaccaggctgtttctataacatatgatttatggc,1397.3
tcctgtgctttctgattttattgtgtcatttatgttagggattaaggaag,1395.79
ttactccaatgcggtgcactacggggctgaatccggtaacatttgccttc,1393.2
tggtggtgtcgttgtggcattccctgatgacctgtgtttttatatttttt,1392.26
ttgtcgtactggtggtgacatttgcgaacgtcttcaccatcattcaacct,1390.85
ggaatggggacgtcgttactgatccgcacgtttatgatatgctatcgtac,1390.72
tgcgcaaatacgcttttcctcacacagttgtcaagtgttacgtttagata,1390.64
tgagagtaaaagcgtaagctgaaactggcaggctccgctaaaattactac,1388.01
gatccaggacgatccttgcgctttacccatcagcccgtataatcctccac,1384.65
aaagggggcgctctcttttattgatcttacgcatcctgtatgatgcaagc,1383.08
atatggcagccgccatacgccgcgttaattctatgcaatatgatgtctat,1382.34
tcgcaggaataagggggaactctctttcagtaatcaggtataatttgttt,1382.2
tagctgaaatcttatttatactttgtacaattttagcgtatattgtacaa,1380.82
aaaaataatgtttcatccaatttagctgaaatcttatttatactttgtac,1380.82
actgttttaatatggttgaccagcaaaccaccacagcgcaaactaacgct,1380.02
ttctccatgattttaccaggaagattacgtagaaagggtatcctgcaagc,1379.13
aacagtggagcaatatgtaattgactcattaagttagatataaaaaatac,1378.28
gattggtgttgtttcattgtgtcgtccgtattgccgatttaatattgagc,1374.62
gaaatgtctgggggtttttcttttggtcatctttctagtataagattcag,1373.8
gccgcaggcaccgtgggaaggcaccaccattccggcttatgatggttggt,1368.88
agtatgagcgttatcagcccttaggggtaaaaatcctgtaaacttaaagc,1365.43
tcaaaaccgacgccaaaagcgtcggttttttcatggctatacttagcgat,1365.04
taaagcgtataggtttacctcaaactgcgcggctgtgttataatttgcga,1364.04
agaactgcctgcaactggtgatgctgtggcaagcccgccataatatcgaa,1363.48
atggattgagttaactgcaaggacgcactggtcgcgttagagttgatgcc,1363.48
ttgatgcccagcgcgttgccgaacgtattgatattgtgttagatatcctt,1360.27
taaggaaaaagaaccagacaaatatcagggataaatattataatcatggc,1359.7
tgaatccttccgctcaagctaaccccgccattatcaactatgcttttctc,1359.02
aaaacctggtaagtgttctccacaaaggaatgtagtggtagtgtagcgat,1357.29
tgctgaacaaagcatattttccactatgtaatgccgataccatttattcc,1357.04
ttaacgcagaaggcctggcgtaatgtcaggcctttttttaagatgttgtt,1356.37
attcacgcagaaggttgtgaaaggtcatcaggcagggctattgtaatcaa,1355.36
tcaaggcctggctggcataatccctactccactcctgctatgcttaagaa,1353.47
gttaccttcatcaatagtcaacggccctgttgctcattataatccgcgcc,1351.81
taaaaaagtgtccgtaacgtggcgtaaacggcaatgactggttagcataa,1345.86
aaagtgtccgtaacgtggcgtaaacggcaatgactggttagcataaatct,1345.86
cacctgtcattctgttgggcttgcagctgctaaatgctatttttattggc,1344.31
agacaagcccttttctggtccaccagggcccaaagtggtagcatatcatg,1343.62
atgagcgttcggatagttaacagaaacaggttctcgtgtattatttcatc,1342.72
tgctggatttacagttcggtcattcccagcgggtagggtatgatgtagcg,1341.94
aatgatccagatacaaaaaaagtgtggtgtaaatatggtaagataccagg,1341.83
ataatcagttagtatatgtatctatcactgttgatgataatatcagcact,1338.87
tagttcgctcatgactattttttatcaacccaaaggtacggtatattccg,1337.47
tttatcattcaggcggcattttgctgtcttttttacgctaatcttacccg,1334.97
gccagggggtggaggatttaagccatctcctgatgacgcatagtcagccc,1333.76
aatggcgataaagccgagcagcggatgcaactggaaactattattgaagc,1331.9
aaagccactgacgtatagctgtttgccgccaccagtcgtaggctattgag,1324.37
ccttgatgcgcattgctctcgcagaaaaccggcgctgctatattatgcta,1324.37
taagcgatcgctctgaaagcgttctacgataataatgatatcctttcaat,1323.99
ataagaaaatgcctcttgtctcgtttcagttttaggcgtacattagcgcc,1322.94
ggggcaacccgtggtttgcgtttggtttgacgatgccttacgcttcagag,1322.61
cgcgactatgtgcgttttgttcatgtcagatgcggcatgaacgcctgatt,1320.62
tgtgcgctataaggcaaatctgcttcaccgattcagccataatccgtagc,1319.94
ggatgcggcagcgattgcggccacgctgattatgctgtatctcttctttc,1316.11
tgaacagattcattcatagaatgaattgtcagttttgatacgctagcgta,1314.75
gactgtttaagatatttcggcacgttctttcccgtgataatgtgcgctat,1313.92
atatgatacaccgccgagaaatcatcaccttaacctctgataatcgtcat,1313.43
atgcaataaatcaattttatttctcaaactggaagaagcacaatagaacc,1311.75
attcatagaatgaattgtcagttttgatacgctagcgtagccttatagat,1309.42
gtcagcgttaacccatatgatattgattatcatagtggtagcatcggttt,1308.66
aggggcgaattatctcttggccttgctggtcgttatcctgcaagctatca,1307.75
ttttgatggaagttgtttgcatttctttaaggcgaaacaaataattacgc,1307.13
gcagctcgcccatacattacattatcataatgataagttaacatagtctg,1306.14
tctaatgaaaaaaagccgcgataaagtgtttctcgtgcaataatttctac,1304.9
attatgcacgacagtggatttctgaaggggagaaacgtactctttccatt,1304.04
caagaagatgaaagctttaccaacaagaatattgtggttattctaccatc,1302.9
gcaggatttagctcacacttatcgacggtgaagttgcatactatcgatat,1301.68
gcgcattgttgagcacaatgatgttgaaaaagtgtgctaatctgccctcc,1301.3
tgtaacgcgtcctgttgcacaacataatcggttgccagtacactacgcag,1300.88
aaggtgatcattcctttaccaatgagtagctgatgcgccattataggtcc,1298.33
tcctggcgtatatctggctaacattcatcaatgtgatagattcctctccc,1297.84
atcgcctttaaagaatgggcgaaaacagatatctacaggtaaactaagtg,1296.54
aaaaatcgccccaagtaacaccaaaggtgtaggtcggataagatgcgcaa,1293.79
agggggtaaacgacaaagtgtataccctggcgaaattgtataatttgcct,1292.89
ctggaaagcggctcgcaataaccaccaacataatgcggtttaatgcccgt,1291.03
cgatctgctgcatcgcctgctgacttctccggtgctgtataatggcaacc,1289.8
cctcttctgaagcctgtctgtcactcccttcgcagtgtatcattctgttt,1289.44
gaaccttcaagatacttgtaccttaacggtacaagggttttaatttcgtt,1289.44
tggggatttcggtaatgctgccaacttactgatttagtgtatgatggtga,1286.86
agtccgcaattcctgctgacaagtaccggttgggtcattacgataaccac,1286.59
ggccgctatgcggccttttatcaacgaacagagcgtggcattttgctctc,1283.65
caaaattatttgtcgttatgatttaaatgttttgttttacactctgtcaa,1283.59
cgctaaacaattccccattcctggcgtatatctggctaacattcatcaat,1282.98
aagaaaataatctttttgcctctatttattatttaagataatgttaatgc,1280.85
tggaaagattaacgtgaccgccaattcgtaagtacattaaaattggcttc,1277.69
gtccaataaagaaagtagcgatcggttataaaagccttataataacgccc,1276.17
atatctaaatattctttcaattataaccaccttgctgcaatattatgatt,1274.84
cggcaaactgctgatccaggcaaaagacggaaccgtgtactctattacac,1274.31
gtctactgccgatacttcctcctttaaaacaaaacgatcataatcgtcat,1271.18
accatcgctcggcgcacgcactatcgtctgctcaaggttatattttgctt,1266.88
cgccacgtgtttacgtggcgttttgcttttatatctgtaatcttaatgcc,1266.82
ttgcttgatccctatgaaataaccgtaccgttcatgagacaattctaacc,1266.46
catacattgcgtgatgatccgatcgtgcggttatgctataacaccaccct,1265.93
ataacatctccacgccgttgatgttccatctgtttagctatactgatgcc,1263.17
gcgaagcaatctggctgatagcaacgacagaatccagtatcatagcttac,1263.17
catcagtggcaaatgcagaacgttttctgcgtgttgccgatattctggaa,1262.81
tcatggtgatgagtatcacgaaaaaatgttaaacccttcggtaaagtgtc,1262.81
ttgaagtaattaaggtggaatacctgtaagaattacccaatactcaagat,1258.91
atcgcctcgatgaatttgccaaccttgaagaagattgtgagaatttcggt,1256.8
ttaccccgatcggggtatgcatctttgacacatcctttaatatcttagcg,1250.78
gaagctgaacgtgaattgagcagtcgctttggaattcgtagtataccgac,1250.78
aggcacttttttctgtttatctatcaataaattcagaatattatctgttc,1250.78
ataataactgatggcaaatgcagcattgcctgaagcgctacgcttatcag,1249.71
tctctacccgcaggatcgggaaatcagcgaagtcttgctacaattacctg,1246.33
atagcagtcagctgcgcagacagttctggtttttgtgccagaatagtatt,1244.59
atcatcaattccggcttgccatcctggctcactcttagtaacttttgccc,1238.87
ggtacagcaattattagatctgttgagacagaacgatattatcagatcct,1235.46
gccgttttcggctgccagttcccttgcagatattggctaaaatattcacc,1234.97
atctgggtagcatcacagcagaacagttagaaagcgtttaaaatcattcg,1233.95
agataccccggtgcgttccggtcagcgtatttatgctccacaatgtgatc,1233.45
gtattttgctccagcatttgctggaaaattaatgtgcttttatagtggcg,1229.73
acgcgtttaatagataccccggtgcgttccggtcagcgtatttatgctcc,1229.73
tagggcgtgtctgtatgtagatttgttcgacaacgctttatagtaccctt,1229.45
tcatgctgctgtgcatgtcgctgaccgtgttgtttgatatggttattgcc,1225.15
aggagcgcattgttgagcacaatgatgttgaaaaagtgtgctaatctgcc,1221.12
agcaagtcgccatgccttgatatcgccgtcggttttgataactttgaagc,1220.23
agcctgatcaccactaacgtaaatcacccgagttgccgataaccatccac,1219.21
gaaagctggcatttgttttactttttagccgcataaagtcaaaattaagc,1218.76
atatattccaacagttgttttatattctcaaaatatgttaaggttgcgcc,1218.59
gattataaaagtcttgacctgatgctaacaacatcattatatttgcccat,1218.59
ttacccgcaaaaatcttggtatgactgtcatttgcgatgacaatatgatg,1215.34
aagcctctttcggtgttagcgtaacaacaaaagattgttatgcttgaaat,1215.02
gcttatcgatcttggtgcgtttgttggcacacaaggcgaaaataaatatg,1214.7
ttgatttctttagtatcggcaccaatgatttaacgcagtacactctggca,1212.7
taatcacagaggaaactattttattcacgcgttagcgatagactgcattc,1211.16
agtataagacaggaatcacttataacgataatcagttagtatatgtatct,1211.16
gttaagtataagacaggaatcacttataacgataatcagttagtatatgt,1211.16
cctcagccctcattctttacgaagcccagcgtcagcggcaaaatgcaggc,1211.16
atggcgcatcgatcgcattattgattttgcgattgaggcaaaatatatgc,1209.58
ttctgattcttactgctgattttcacgtcagcacgtggtaaaaatgaaac,1209.3
tctcttctcaaacagttgtaaaaaaagcctgatcaccactaacgtaaatc,1208.06
gttttttgcatggtattttcagagattatgaattgccgcattatagccta,1207.75
ttattcaaaaatgattatctatctttaaccgatacctctacagtcatagc,1207.1
gttcttcgttgcaaatggcgacccccgtcacactgtctatacttacatgt,1205.58
tgccagctttcgctaaccacggcgggtaatattctgtaaatatgttgggt,1204.19
tttacatgttagctgttgattatcttccctgataagaccagtatttagct,1203.73
ttaggtgaaaaaggttgagtcgcaaagcggaatgcatctagcataaagcc,1202.68
ccattcagtttcttactacgccttatctccctttgcgttatagtgattcg,1201.04
ctcttagaccggaacagattaacatcatcagcacagcctatacttttttt,1200.49
agcacggtacaccgctcgacaaaggctggccctttggctatgtgtatgtg,1196.65
taacgcagtacactctggcagttgaccgtggtaatgatatgatttcacac,1194.66
aagagtgcggatcagtttgcatacgctggttaatttctgtatgatttcgc,1193.84
ttgttgacagaaaccttcctgctatccaaatagtgtcatatcatcatatt,1192.65
tgctctctccggcgggtgatatcttcatccatctgattaaaatgattgtt,1191.25
ctgaacacaaacggtaatggcaaatgtcattaaatattagtaagatagcc,1190.65
aaccgattttcgtcagatattggctaattcgaccgttcacgccataatca,1190.65
tacggcataatttcttgacggaagcacgaactttcatttttactctccgt,1190.65
tttggctacttattgtttgaaatcacgggggcgcaccgtataatttgacc,1190.65
ggcccgacgggcattgacatcattatgactcagcaaagaaactgtatgac,1188.86
tgtttagaaacgattgatagtaagtaaaaacagcgcggtgtattgtgacg,1188.65
acgcctgcaaccgacttgcataagataaactaattgttcattgtttatgc,1188.2
caaaagcgttgcgcctttgttgtatcgtcagttcagggtaaaatagattt,1187.62
tctttatataatttgggggtagggtgttctttatgtaaaaaaatagtgtc,1186.67
ctaattagccaacaggattcgcgccactcatttttctatgcttatattta,1184.64
aggcacagaaaaaggggttacgttcccgtgcctggtttaaacttgatgaa,1178.99
acaagatgaatattcttaatgtttacgttaaaaatgtttaatattattta,1178.62
tcgtcccgcacgtagcagacgctatgaataaaaactgctaaggtggcgac,1175.44
gaaaaaacgctacgaagaagtgtcacacaatctggcgtatattcaggcac,1175.44
acgcctctgggcagttttttgccgtcggaaagtgtgatattgagtaatgc,1174.55
cgacggattatgcggtgagcaaagctttctactgcgatattcttggtttc,1173.23
cgcatttccgatatccataaagagtcggtcttgtctgttaaatttaaatg,1173.08
ttcgagctttattaacagattccgcgaatgaatagttttactggtatact,1173.07
ctttattaacagattccgcgaatgaatagttttactggtatactgcgtgt,1173.07
gcatttctgtcaaacgtcgtggtgctgttcgtaaagctaaactgtactac,1171.46
aatggtagttttgattgatgtataaggcgattgagtatagaatctcgccc,1170.29
ctcgacagaggaatcttgccgtaggcagcggatcagcatactattattag,1167.49
tcggagactcgctgtgtgagtttacggtgaaggaacgtaatattgagttt,1167.18
cgtgaagtcgattaagtcattagcagcctaagttatgcgaaaatgccggt,1166.57
gttgcgcaatctactcgcccgtccgctgcgcttttccttatactgagact,1162.15
tcttaccggggcgcatcttgtgccccgttttctcctctgcgacaatggcg,1159.14
aggatgtggcaaacgtttgcttttctctttcggtcagctaaaatgcccgc,1159.14
atcattattggtgctgtggccatgcgttttggtaatcgtaaactacgcca,1156.54
tgccaacatggagaacgccaactctacggaatttgtgccagactgtaagt,1155.43
taatatttttatgcttgagaaaaaatacgtaacttatttatgatatggac,1154.57
ttaccaggcaattgtcgattgctctaaataaatcctctaaaccagcatat,1153.92
gcgggcgatccgtcactgttcttctgatgacgcggagataacatatcatg,1152.68
taaaaggttcaacggttgaactgactatcgttgaagatgataatcccgcg,1151.71
tgagatcgaaaccaaacgtgaaggatttgctttctggtatcgtaatccac,1150.71
attcgtaaattcgctggatttttgactaaagtttctttaggatttgtctc,1149.85
taatgatttccttataagcgatcgctctgaaagcgttctacgataataat,1148.15
ccaaagatcgcagcttgtctgcacaatatgagcatactattgtggtgact,1146.55
aaacatttcagggatgaagtgaagatgaattgcgacgtagtatccacacc,1146.55
gccgcagtacctgctgtggtaggaattgccagaatcggtacactgggttt,1146.55
tcactggagacgattcgtaaattcgctggatttttgactaaagtttcttt,1146.14
tgtgactcgattcacgaagtcctgtattcagtgctgacaaaatagccgcc,1144.96
gttataaagaagtccaggaaatcagcccgaatctacggtatatcattgat,1143.53
gcctctctggcggtaatttactttacgtaaaacatgcatactatgagcac,1142.54
tatttatcaatcaatttgacttaagagggcggcgtgctacattaataaac,1142.54
atgaagcgttgctggaaaaatatccgcagcatcatggtaaaattcgttat,1139.18
ggcgatgacgaagagtagtcagcagcataaaaaagtgccagtatgaagac,1138.71
ggagttttaaaatgtctctaagtactgaagcaacagctaaaatcgtttct,1138.53
ttcagaatttattacccgtcacgctttacccgaacaggtatactttgtct,1136.85
ttgaataatgaatccagaacagccacatttagtgaatgagaataaaaagt,1136.85
accggtccgaaacacatgaacatcaaagtgactcgtgcgaaactggaaag,1136.51
ttgcgaacctgttcccggaaaaaagtcatatttctgtcacactctttagt,1134.92
cgtggaagtggttgcttgcggtgaagaagggcaggtggaaaaattaatgc,1133.14
agacagtggtttctgctcatagcctgcccgcacgggctaaaatgatgcat,1132.79
ttattgtggcaatggtcatgaagcgcaataaaaccgtataacatctctct,1131.81
aactaattaataaatagttaattaacgctcatcattgtacaatgaactgt,1131.8
ccatgcaagaaattatgcaatttgttggccgtcatcccatactgagtatc,1130.24
cgttgttttaatcatctttgtctcttattgacatcatgtatagttatagg,1128.51
gcgtcgctgatgttacaaccaaagcgtacaaaattccgtaaaatgcacaa,1126.48
attttaccgcgcgcctcgtgggcctatgacaacgaggctaaaattactga,1126.25
ccctgcgccgacaggcttgcgtaaaactcttttggtgataatgtgagcct,1125.71
tgcaccgacgcgacggacgaaaaagtattcgtaaggttggttttctccct,1125.6
acgcccgaggtggcatacagtctgtggcgtttttctgacataataggcaa,1123.88
atgggtacatcgagtgttgcaaatgttttcgtaattcaggagaaatggca,1122.26
gatgtgcattcagcctcgccgttctgacggggctgtgttagcattacccc,1121.99
atgatgggaatgatcttgagcattaacgcatttaatgcttattttaatag,1120.76
cctgctgctcattacattctgaaaccgcaatttgcagctactcttagacc,1119.82
gtctggacgcacaccttgatttattactttccacccacacatttggttat,1119.6
cattaacctggctcaaagaaaaataccccccctttgagactattttagcc,1119.26
gccacattaacctggctcaaagaaaaataccccccctttgagactatttt,1119.26
gttacatgtttaacacttgatttaagatttgtaatggctagattgaaatc,1118.86
agcgcactttttgactggcacattcggctgcctcaactaggctgaaaaat,1116.94
aagattccgtttagacatgtgtgggtaattgagttgcgtataatacccat,1116.05
agtgtaggcgcaaccttcaactgaacggttaaacatgccacaatacccgt,1115.49
atacagggctatcaaacgataagatggggtgtctggggtaatatgaacga,1115.33
actgtctgcgttgttacctgaatgtagcaacttttgggtaaactctctac,1114.56
tgctctggcaggtttgcctaacaccgttctggcaagcgaatataagatgc,1114.28
cggtaagagtcggaaaccacccacgtccacggccagctataatcagcaat,1111.58
tcagccgtcatgtttatcccttttctcacgcagtgcgttaaaattactta,1110.46
aaacaaacaataaaacagcaatatctttacatttagccaaactaaatgtt,1109.35
cgctggtcgtcatgttgctttcgctggtggtggatattattgttttctgg,1108.99
cgcgtaatcgtcgtcgttcaggttaaataaaaaatgtcatactcaaaatc,1107.74
atcttgatatgggttccagcgtgtcaggtattgcccttaaaatgacggat,1106.46
ggaactctgttttgcgtgacgcctgcaaccgacttgcataagataaacta,1105.62
atcatcttgctgctgcttcgattcagcaaggataaagggtatgatagtga,1101.85
atacggaaaagcattttgctttttgtattcaatttagacagaattttatt,1098.32
atcccccgcaggatgaggaaggtcaacatcgagcctggcaaactagcgat,1097.68
gccaaccttttgcggtagcggcttctgctagaatccgcaataattttaca,1095.98
aagaccagtatttagctgccaattgctacgaaatcgttataatgtgcgac,1095.98
aactgcaccactattgcgacgaataataaatttgtggtactgaaagcggt,1094.41
catcagagaaaatgatgtttccgcgtcttgatccaggctatagtccggtc,1093.68
tggttagcactctccttgtatcaaagtgaattttgcgtcacgatcggtgc,1092.27
tcatcgactcatgcctttcactgatatccctccctgtttatcattaattt,1090.33
ttcagtgatttccagatgcggatccaccgggagcgtgatacgttttagct,1089.07
caatttcagtgatttccagatgcggatccaccgggagcgtgatacgtttt,1089.07
ttgcgatgtttttttgcccagcacactgagaacgtgagatactcacaact,1088.42
atcctgtcgctgaaattactgagaaattgcgcgctcgtggtattaatgtg,1087.6
atgtcgaagataactggcgcgtgcgctggatgacgggctattactataag,1084.84
ccttacagttaacctgttgtcgcctgctctggattaacggataataggcg,1082.41
ccagtgcacgaatggcgagtaattgccagttgatcctggtatcatcagag,1082.41
atggctattttttcactggagaattaataaatcctcgctacaatagactg,1080.26
aaaatgcctttcgtcttgaattgcccgtgcaaggtcgccatatggtgatt,1079.58
ggagattctctgttcctgctcccggttaagaccagctacaatagcacact,1077.2
gatagaaacatacttgcaacattccagctggtccgacctatactctcgcc,1076.4
aaataataacgtgatgggaagcgcctcgcttcccgtgtatgattgaaccc,1074.79
ggttaaacccgttgtgccgctgttaagtgcggtgatggtaaaagaaacct,1071.84
tcagcaaacatgcctggctgaacgggggcaacggactgtttaatctcttc,1070.98
tcaaatcgtccactaatttctctcttcacttaaaccagatacacttgtcg,1070.38
gtcaaagtttggcctttcatctcgtgcaaaaaatgcgtaatatacgccgc,1069.98
cggggctcgtttttgtctataagttagacggaaaagactatatttaagat,1066.41
gcctgtttgcaccgtggagcggcatacccagaccgttgtatgctttattt,1066.41
ttcgtaactcatgtccgctgttgcgatgacttcgtgttaatcttaacgtt,1066.37
tgtttcatgatttaccgggagttaaatagagcattggctattctttaagg,1066.26
ggatattgatttactgcccgagagcaaaaagcagttgtacaactaccagc,1063.75
ttaggtgctttttcattgctgtaattaaccttttaggttataactaaagt,1063.53
tcagatgtccagatcttgatgaattcctatttgtgagctacgtctggaca,1063.53
ttcactagcgccttttttatttacgcgttttcagcgtgcataataagaaa,1063.49
ttgtcgagatgacacaagaatcacttcagccaagccgctatattcttact,1061.81
aggttattaaactgttgagcgtgggtaaaggatagtgtcaaatagccatc,1060.13
ctcagcaatttggaactgacagcatgccggaaacggcagagaatgtagct,1058.36
gtgatgaaaatgttattttccgatgccgcactgacccgctacaatgtcag,1056.33
aaaatgcgtcccaacccaatatgttgtattaatcgactataattgctact,1055.77
gaaacccgaactacattgaggaatcaggcgggagtgatagaatatcgccc,1054.35
acgtctttaccaagctgtttttgaatcatttttgcgatattttcggtatt,1052.23
tcagggtaattgatgctggcgaaaaaaatcgaacaagctataattcagca,1050.78
aatgatgcaaactatcttgcaatcgagagttaatgtattaccatatatta,1050.07
gagattcagatcacatataaagccacaacgggttcgtaaactgttatccc,1046.71
cgctgtacaaaaacttgaagaaattcaggagtgtcatttagtatccggtg,1046.33
gatgtgtaagcctggttttcagattattcatttcgtgtatatttcctgcc,1046.33
cacggtgcgcagttcttcaccttcggtttcaaacagcataccatttaagt,1046.12
atcatagtagcaaatacagtactttacacgttaaatgctatgcttaaaga,1045.04
gctcatccccgcggcgttaacgcgccgcgttcctctgctacactttctga,1044.74
aatttattctgcgctaaggcaactgcctgataaggtgttaaagttataaa,1043.36
tgactgaactaattgagtcaaactcggcaaggattcgatactattcctgt,1043.36
aacttgaagcgggtcaaagaagcgctgaaggaatcgcgttttgataagca,1042.32
tgccagctaacgaagcaggctgttgtggcgcggtggactatcatcttaat,1042.3
ttccgctttggcgctggtcgtgaaggcgatttcttgttattacagaaagc,1040.44
ttttaccgtcaatacgtattcaaccgtccggaaccttctatgattatgag,1040.32
ttgttatcaatttattctgcgctaaggcaactgcctgataaggtgttaaa,1040
gcttatcgacagcgcctttcatgcattacgtcctggtggtacgctggttt,1039.82
ttgtgagctacgtctggacagtaacttgttacaacctgtagcatccactt,1038.97
cggtgcaaaaggtcattgactaactataggagatttagaattttattagc,1038.48
tcatcgatttcctggcgctgatgggtgactcctctgataacattcctggc,1037.49
catttctacacagataatgcgatgttcagattctgtagacttataatgat,1036.71
tttttacgcactgcctctccctgacgcgggataaagtggtattctcaaac,1034.79
gctgacaaaatgcgctttgttcatgccggatgcggcgtgaacgccttatc,1034.57
tgccccggtggtgacgtatatcctctgtgcgttagtggtattgttggcaa,1033.68
ttcgccaggcaccgggggcacccgacaccacaactttatgctgtgtgtag,1028.58
cggaatattgtcactcgccagttagaaaattggggtgcaacctgtatcac,1025.95
ttagtcggtcagcgttcatcacagggttggcaaggcgatatcattccatt,1023.54
aaattcccttgaaaccgttgtttattcatgcgttgcgattaacaatacgc,1023.54
gcaggagaaagatttacaaaaaccagcttatacaggatataatcgcagag,1022.28
ctattgtttgccgtcatgaaagatgcgcgttattaggctataatgcggca,1022.28
tcgccgttcgcttcttcccctgaaatgattaactccggtatcatgtgcgc,1022.28
cgtatggcgactgcatggtggagatgaacgatgtgttcgctaatctgtat,1021.68
agcttttattccgacttgttccgtagtgaacatgctgccacactaacaat,1021.2
cacggtaactctttacgtgcgctggtgaaatatcttgataacatgagcga,1020.85
cagcgttcatcacagggttggcaaggcgatatcattccattacgctaggc,1019.82
gttgttatgcaacggttggagcagcgttcacctgacgctatactgcttct,1019.82
tcaactcgctgacggattattttgttgaggtcggtaaattgtttcaggag,1019.81
cattggggttaaggttgtaacaagaggcgtatttgcacacaataaccacc,1019.2
acaggcttcaaaaatagtgatctgtcatacatttctgctatgttgtgtat,1018.27
gtccgaagtctgaaccgatcaaaggcgatgtcctgaactatgatgaagtg,1013.91
gttggcgaaaatctttgcagctttgctgattctccctcattatttgaaat,1013.17
tagcgtcatcttctctataaaaaagagcgtggattgggtacaatcccgct,1012.25
tgttaaaaaacgcggtagtcaacgaaattgcacatgctcacaatatcagc,1010.97
gcactgttttccccgggaaggttctgatgtgtccgtgttaaactaagaga,1010.68
tgattcgcgcaattcgcgccaaagccgctgcacttagctaaactaaaagg,1010.25
ggaaggaaatccctacgcaaacgttttctttttctgttagaatgcgcccc,1010.25
ttatggaaattgttaatgagagcatcattaaaattaatgaaaataatcgc,1010.25
gatttcattagtatcttgaaaatcgggtaattacgacgctaaattaatgc,1008.82
tttgagaaaagcccgttatgttaacggaaaattatgttaaagcaggaaat,1008.13
cttatcataaaacgaagacagatgccgatctcgctgctatactctgcgcc,1007.75
cagcgcgcaaaacgtggcgatacgggtcagatgatgataatttttagtat,1003.1
aatggccggggtttctatctttatggtcagaaagggcgtaaaagcaaaaa,1003.1
ttttggctaaccggataccacttccggcgaaatgtgcgtattatccacag,1003.1
ccgcgtctttttacgcactgcctctccctgacgcgggataaagtggtatt,1002.62
ctgaaaaaagtcattgctgacatctatcccggtcagacacaattttatgt,1002.39
gtaagaaaatttcctgtgctttctgattttattgtgtcatttatgttagg,1001.73
aacgtctctcgcgcctgatgaattatccgggcacgcgttacactaaacag,1001.42
gcgttggatttcgtggtgtacggctttattcttctgataatatgtatcct,999.75
ggaaatatcgaggctttacctttgctttgatctgatgtatcacctgcaca,999.05
cgtgatcaatttaacaccttgctgattgaccgtaaagaaagatgcgctac,998.22
agagtagtaattgctggtaatgactccaacttattgatagtgttttatgt,997.65
gacacgcgtttaatttgcgatacgaattaaattttcacacactctgtagc,996.39
aatgcgccccccatcaacaaaatattgaccagcagcggtaaaataacgaa,995.49
agagtaaaagcttgtaagcggcgccaccaaaatcatcgtgaaatgatatc,995.33
ggtcgcccttgtatctgtttgaaagcctgaatcaactgattcaaacctac,995.11
aaaagaataaaaaatatcgatttatgtcgagtctatgcaaaaatgatatg,994.16
tacttaacataaatgggtaatgactccaacttattgatagtgttttatgt,993.64
gttacttttaatgtcggtaatgactccaacttattgatagtgttttatgt,993.64
ttattacaaaggacttgtctgaaagtgcaagatagtgaacattacctgcc,991.96
aaggcgtccagccgtatgacatttgctaacggcgcggtaagatcggcttt,990.4
caaataaaatagcctaataatccagacgattacccgtaatatgtttaatc,990.2
taatccagacgattacccgtaatatgtttaatcagggctatacttagcac,990.2
cttttgtcggtcgcttttgtttattttttttgtaaaggaaatattataca,990.1
ggtcgcttttgtttattttttttgtaaaggaaatattatacatttgttgc,990.1
gagaaactcggctgccgtaaatcggtggtggggctggtcatcccgacagg,989.29
tctacacagataatgcgatgttcagattctgtagacttataatgatagat,988.6
cgttattagttgctggcgcagcaaatgcggctgaagtctataataaagat,988.27
tgaagagatattaccttgatctcatttgttttttgttgtctactctgaga,986.65
atcgtcagccgatattgtgcgtttgccacctgatagcttacagtttcgcc,984.53
tgcgttaccgttcattcacaatactggagcaatccagtatgttcattctc,984.53
ccatcggtgaaaatttctacctgtttaagcatctctggtagacttcctgt,983.56
ttagcattcccttcgccatttccttgagcaaactttagctattcttatca,983.29
aattgcagtaaatatgttttattgcgttaccgttcattcacaatactgga,983.29
tttctgatgattagcattcccttcgccatttccttgagcaaactttagct,982.05
tctttgtcacaaaggtggaggcaatgtcagtggtgtgtgacaataagagt,981.21
tggcaaatttacctcttgctgagattgataaggtaattaaccttatttaa,980.81
gcgcggattattcagtttgaccgtcaacggtttttcatcacactggtatt,978.55
cgtgctggcgatgtaccacgatcagggtcttcccgtgctaaaataccagg,977.38
aacagaaaaaccattacccctgaaaaccgaaaaatgccacaatattggct,976.26
ccgcttatcaggcgttgacgatagcgggatactggataagggtattaggc,975.6
agccgcgaccagggctttacacaggttaagttcttatttaaaaacaacag,974.17
taagaaagccgtgcaggcaagttttccatttgccatctacgcttaatttt,974.17
tacctcttgctgagattgataaggtaattaaccttatttaagttacctgt,973.38
caaatctgtcaatttttcctggaactggcgttttcagttatgattgtggg,972.91
cttagatcaggtgattgccctttgtttatgagggtgttgtaatccatgtc,971.03
cttccctgactattgatgatctgaatgaattgtcgcggtaaaatagcccc,969.67
gcaccggctgggaaatagaccccgtcgcataaatgattatgataagattt,969.55
cggctgggaaatagaccccgtcgcataaatgattatgataagatttatgc,969.55
tttgtaaattcttcccgcaagagtgaatgcggttacctacactccagatt,966.76
acggtaaccgctaccttgaaagtctgcgtaatgcccccattaaggtctat,966.68
gcgcgcgggaaaaccggatacgttccgccacagtggtgtacaatagaaca,966.2
gcggcggacgcaaagccaggcggtgcgggctgatatgctacattaccagt,965.95
tcctggtgcaggactgtcggttatttaactttgcgggtattatgcttcgc,963.53
gacgatggaaggtgttgtcaggatgttcctttctctgctgaaatctcagg,962.14
agctatcatgccgcatctgcagaagatggctggcagcgtatgctggaatg,960.38
atgcattaacggcatcactgctaacaaagaagtgtgcgaaggttacgttt,956.7
aaacaaaaaatatttgcgcaaagtatttcctttgtcataaaaataatact,956.13
cagatacaaaaaattgtaactaacctactgaaaagtatataatgacactt,956.13
tgaacagatacaaaaaattgtaactaacctactgaaaagtatataatgac,956.13
tttttcatccggactagcgatatgcgccgagtttttttaagctagtgagt,955.13
caatggtgggctgatctcgtaaaagcagcagatagtggtagcatcgtttt,954.81
gcgtgaagtttaccgtgctggacgcgttacagttaggttataaggtaaac,953
agagaatttggttattggtctgcattccaccagtcatgaataatttcctc,952.95
gacccctgttccgtcgtacccagggagggtaaacggtctatgctttcata,952.95
tccaatagacatttttaacatgttgtttttctaagtgttataaggtaggt,952.78
gcgctggtgaaggggctgattgataaagatgaagccgctattctggtgaa,952.22
agcccccttctgcagcaacggtatggctacgcatcgggtatacttttgag,949.84
tcggcggaactgttttatgaagaccttgatgaagctgataacattgaggt,949.07
ccgcgagagagatcaaataaaccatactaaaagaatggtaataatgtggc,948.61
aaaactaagtggctaaccgcgagagagatcaaataaaccatactaaaaga,948.61
accgttttccggctgcggtcaattgtgggacatcgcctataatttgcatt,948.51
ttgtgcattcaacaacatgccgggagcgcgattagggatataattgatct,947.75
agattattaatatattagacagaacaattcgattttcctaccctatgtat,947.38
atatatgcgccagcaatatcacgacgtacagcatacgctaaactggtact,947.38
gaccaggaaggtggcatggcctctatggtttatgccggtaaaatcattaa,946.12
tggtcgtcaacgtgcggcgcgcggtgctgatttacgctataacatggagc,945.77
caaataaatcaaccatcgtcagagtgcaatcgttcatatacactgtcggt,944.72
acgagcgtttagaatttttaggcgactctattctgagctacgttatcgcc,944.1
tctcgccctgttccgcagctaaaacgcacgaccatgcgtatacttatagg,944.1
aaattctgaataaataatcctaagccaaattgctgactacacttaatctc,942.69
ctcatggtgtcgctctcccgaaaatcggtcattggggttaaggttgtaac,941.18
ttaaaaactggggtctcaaacgtctcaatgatgtggagtatcatgaatcc,941.04
agaaaaaatcgaacttgatgggaaagctgtgataagcgtagtctacttgt,940.98
cggcacctataactcgccgacgccggacgaaccgggccatactctgggcg,939.95
gcatggataagctatttatactttaataagtactttgtatacttatttgc,939.95
ctgcgcgaagaaaaagtgacggattgcggtggcgtactacactgttttac,939.36
gtgattgctccgccgatgtttatcagcctgctttttggtattctcgacgg,938.09
ttgatctggtttgccgcggcagcgtggcggaaggttgtaaactgcacctc,938.09
ctgcggtcaattgtgggacatcgcctataatttgcattatcatacctgtc,937.49
gcgttgagacttccttcagacgacgcatacaggtatgttagtctggtaat,936.56
attcggcgttgagacttccttcagacgacgcatacaggtatgttagtctg,936.56
cccagcgtgcagatacgacgatattcgccaccggtgataaactcgtgatc,936.1
acctgtccggcgcattcaccggtgaaacctctgctgctatgctgaaagac,936.1
ggaagtcgcaacacattgtggaatcagattaaagccaatatgcttgatat,934.83
ctgggctttatgacatttgcgttgttcgtcggcgcaggtaacattatttt,933.44
ttgacatgtcgatacttcacaacctgcataatatctgcacaataattttt,933.44
caactgtggacattttttataacggggacggttcgactacaattcaatat,933.44
aatgtaggcctgataagacgcgccagcgtcgcatcaggcatcatgcacca,932.31
gtgttctgttgcgtgttgacggcaaaattttgctggcgtaacatgcgcgc,932.07
ctgcaagccaggcttgacgctatccgctgccgggatttattcatatactc,930.07
tccatagagacgtgatgatatttacagcaattttaatctatttatatgat,926.06
tcgaaagcttaaaagttgatgatcttgatattcatgcttaccgttatgtg,926.06
tcaaggaagtagctataatgcgccccgcctccatgtagcaatcgaggcgc,925.46
aatctcaggtgaaggcacgacaacaaaagtattgtgataaaatcgccaac,925.09
ttttttatctgcttttgtcattaacacggcacacaggcgtaatatctgac,924.86
gcgctttaggtaacattgaaaaaacattttagagtgatatgtataacatt,922.8
catttgtttgctggcctggatttgcataccgggctgttattattgcttgc,922.05
gcgcactgcatacattgaccttcacatcatcaggggcgacgattatacac,919.13
tggtggcggtactggtgatgtctggcgtgcttttaggtatgttacatatc,917.48
ctcccgtagttatcgacaataagagaaaaattggatgtattatcacccaa,917.48
tcgccctggtttattttgcgaagaagcgtcgatgttctaaaattgccagc,916.65
atgataaggattactcatcttatccttatcaaaccgttaaaatgggcggt,914.68
ggtggtctcggctatacccctacagcgagagcttgtgttaacatttcaat,914.03
cagccatgctggtggttgttcgcaacgggcttccagggcagcatggatgt,913.94
gacattcatttcacatttcagtgattgggaataatgccgatacatatttt,910.75
gttgtaatccaacattgcgagcggcgtaaagccgccgctatactaaaaca,910.62
tctgcaaagctgtgggttacaatttccctgtcacctggtacattcactgc,909.51
tgaagaagattttcggcaactgcaccactattgcgacgaataataaattt,909.17
catacggtatgaacatttcctcgcctcaatgttgtagtgtagaatgcggc,908.37
ggcgtgctggtactggaagtgctgctcgccctaaccgttatactatgggg,906.51
acgcgtaaaaacttttctgatacggatgactgacaattaagctaaccgtc,906.51
ctcgcactggctattatgcaaaattcgccatcttcaactaaggtgaacaa,905.93
ttgaaatcacccacagcccactctgcaaagctgtgggttacaatttccct,902.86
gaacatggacggcgtcttgaaaactgttgaaaagaccacacgtactttac,902.46
accattcattcgatgatgatttttgaggaattatgggcaacactaagttg,902.01
cctacaccggggtactgcattttttttgtagtaccccgtataatgtgagg,899.08
ttgggacgttgatcggcgcattaattcttggcttccttaataatggattg,897.81
tttgtcccaagtcatcccctttactgagcaaaaaaaagaatatctcctat,897.81
cgttatcgaacatattagcaaagaatcgcgctttaggtaacattgaaaaa,896.21
cacacggatgagagacagcctcctctcctccgtgtgttactataaaagtt,895.75
ccgaactgaaataaattagcgacacagcttgtggctggtttatcatcaat,894.31
ttatacatttatgggtgatgctgccaacttactgatttagtgtatgatgg,892.19
catgatgttaatcataaatgtcggtgtcatcatgcgctacgctctatggc,891.65
gcgtggcccttcagctgccaatgtttacctttcatgagctatattaaagc,889.98
gaaaatgttaagtaagtacttctctatattcttcaggtaaactatcagct,889.98
cgttcaaagccctatgtacagaactcaatgcacaaggcagtattaacgtc,889.98
tgttcaatgatgatcccgtacttcatgcaacatggctgtactatcaggaa,887.93
gatacccgttatcttaatatccgccacagaattgctctatcatagaaacc,887.31
agcgtacgtattgtcggtaatgactccaacttattgatagtgttttatgt,886.52
ccttgcagcaggcgcttgatgttgagcaccttgccgatgacgatgatatc,885.57
aagcataaacagaactatgccggaaggcaaaagcgcgacacaatagagga,884.22
gtcaatataatcttcttcaggttttgcaccacagaggatattatggagga,884
tttaccatttctgggttgtatatctgcattcagttaattactctgcttaa,882.33
cagtctctcatcctgttgcgctcctgtcatgtgcattgcttcatataatc,881.74
ttgccctaagcaagtgttgtaactttctgctgattttgtagaatcgggta,880.5
atccacagcagaggttgcgccagcagtgtacgcaaagagataatgagaat,880.25
accggttgccagtactagcttgtcgtattgccactgattattctggcttt,880.25
cccgtttttattttctccgcacattgtgtgagcttttgcgatattctgaa,879.16
agaaaatgcgcggtcaggcacattaatactcgcactggctattatgcaaa,878.82
ccattttttgcggcatcattaaagaacagatacccgttatcttaatatcc,878.03
cgatttatgcatattctctcagttcaacaattggattattaataaatatt,877.95
agctgtaagagcttactgaaaaaattaacatctcttgctaagcttattaa,877.95
ggcatgttggggctggatcgggtggtttaaatattggctatattcaatgg,876.79
atgaagaggtgttcggaccgttattgcgcgtctggcgttatgatactttc,876.26
gaacactgctaagctgtagagttgtatcattatttgtcataatttcacct,873.91
tgccaacattgaacagttcatttttgcgggtaaaacaatatactaccgta,873.84
agcaggtgccaacattgaacagttcatttttgcgggtaaaacaatatact,873.84
gcgcagcatctggcgctgctgcaaaaaatggatcaccgccagcactctgc,872.87
agaaaataattaattttacagctgttaaaccaaacggttataacctggtc,872.26
ccatccggctggtgaaaaataaccgccggatgctgtactaaaatcacaag,869.36
atttgaataatcgatgccacaccggaggcaaacagcgacatactaataat,869.36
caataattattcatgaacatcatcaatgaaattgtcataaactattacct,868.91
ccggcctacaaaaccttgctaattcaatatattgcagggactatgtaggc,868.73
tgcggaaaacattaaacaaatcgcccgttacgctaccgatgataataatc,866.96
ctttgcacttccctgcactatccgacactgtcaccatccataattcaggc,865.93
cgaatttattgaacaacgcatagaaagccgcgatgtggtactctatatct,865.93
actataggtatttgctggtagaagctcaacggacaatttataatggctca,865.93
tttaacatgttgtttttctaagtgttataaggtaggtataaaatgggatg,865.55
gtgccatttccaaacaggtctacggtaacgctaatctgtacaataaaatc,864.75
tcagggggaataacgatgcgtaagtcagttatcgcgattatcatcatcgt,864.75
gaactggatatgtacgatcgcaattggccaattcgcacctacaatgaatc,863.6
taagtgacgatgaacggcgaacttaatgcgatcttttttgtcagtagata,859.91
ggcatcaggcttacgtgtgatgtccggttaactcgtggtatgctgctgcc,858.21
ggcctttttggtcagtagataagattgatcttcgttgatagaatttactt,857.44
tgttaacgcgttatctcgtcgcgacctataagtttgggtaatatgtgctg,856.5
ttaatgcaaatacgtctgcctgcaaactatggtcgccgttataatgaagc,855.49
gcaataaataatgctcgctcacagtggaaacgttgggtgataataatgaa,855.49
agcctgattcactggttgatttgaaattcatcatggctgatactggcttt,855.49
aatccatgtgtgaagttgatcacaaatttaaacactggtagggtaaaaag,855.19
aacgcgacgcctgatttgatactcccccctgactccttcatactgaaagt,854.15
caaattctttgcacttccctgcactatccgacactgtcaccatccataat,853.9
tcaggggattatgctggacatttttcattctctaatgttttaattttgta,853.9
aagcgtggtcgccccttgcaatatcagaatcgcggcaccattaagtacgt,851.81
ctgcgcaccgtgaagtgcgcagaaagataataaatggatatactctaaat,851.41
aatggtctgattaaccgctataaagcgtggcgcggttaatcatcgtcgat,848.97
aatttgacgagatcgatttttttagtgcgcaagagggctaaattatcact,848.92
ccgctggttggcgcgctgacggtgggtgtgctgtgggttaacctcgagtc,848.34
gtctttgaagctctgatgagtaacctgcgtaaagaggcgaaaatcaaaat,847.09
tagctgcaactgcttcaatgatttgatctttagtgatagacatttaaatt,847.09
gcaaaagcagaaactgtaaaacgcagcagtagcaaactaagctataaatt,845.68
atctcggcggtgcggtggaaaaacgcctcggtagcggtaagctaattgtc,842.96
aagatcattacttgtttgttcttcccttaacggcgcattattcttaagtc,842.07
gtgagctgcttagctttacctgtctgtactgatgtagccatattatcccc,841.87
tccaccagtctgtcatttgcggaagttgaaaaagaggcaattattaacgc,840.36
acaccgatagacggcttgccgctacccgagtgtgctggcaggatcaggga,839.64
tcaacaggctacagcgccacggatatcgttgaatacgttaaaatattact,838.71
gccagcgaactgcagcgtatggaaaccgatctgcaggctaaaatgaaaaa,838.55
atgttgtgtatggaagctgaaagttatgtaaatgtgctaacattaaacat,837.86
gcaaatcagggcgtctggacatcagttgacgtgctgttacaatcgcccac,836.86
tttacggcttactgggtgctgggcttgccaagcggctatattctggcact,836.37
cagaaacctacgagcgcgatgtgattaacaatcgtgagttaattaaaggc,835.86
tgagttaattaaaggcgtaattactttctgataaggcgagattattaaag,835.86
ggcatggcgagcggcggcatgggcgatgtgctctctggtattattggcgc,835.36
tcccggggaaaacagtgcttgtttacaattattagatatacactaaatca,835.3
cctcagtaaaaatcttgctggagctattattgctaagtaacatttacccc,834.33
aatcccgatctgactttctctgcccgtatcttaaggtctatgattgatac,832.21
tcacgcttcagggctaagtaaaacgctgtctctgccgctaatatggtagg,831.21
aaatatcgcaaaaacctcagtaaaaatcttgctggagctattattgctaa,830.91
tcgtcctcccgaactttgtcgggaggcgcgatgtgcaccacactaaaaat,829.85
tttcaggattaatcggtaacgccattctcgccggaggcgtaatattaatt,829.73
ccggttgtcaacattgttgaactcaatctggcgctggataaacttgatga,829.26
aaagacagcctgaaagacagctttgacgattccagtgctaacctgttcaa,828.23
ttcatcaatccgctggcaattcccacatacttcggcgtaatatccatcgg,827.62
gattgacattgatcacatttctgcgtttaaactcctgacattcttatttc,825.91
tccagtaatttcggatcctgaaccggaatgtaagtggtataacggttact,825.29
cattattcgcctttgcgatgatgcgcgataccccgcaatcctgtggcttg,824.92
cttcaacagaccgatttgcaccccagcaaatgtagcgttattgttacctt,824.77
gtgcgcatcgcagcagtgcgtttgaagccgggcagtttattatggattat,824.41
tttccttgatgatttgtaattgacccctgattacgcatataaaagaaggc,823.88
gtgggctttggcgtgtggcaattcttaaaacattgtctaacatgcttgtt,822.92
ctgtaacatctggcggtagcaattcaccataatccaggtagactattcgc,817.34
cccttctgtttcaggcataaagccccaaagtcataaagtacactggcagc,816.44
gagaattaattgaattgccttttggcgaacagtcgcagaccattacggcc,816.43
accgtcagtcgaccattgtagcgttaaacgacacatcctatattgaaaaa,814.67
gcgcccataaggactccttgatttattatgtaacatgcattacaaaactg,814.21
tcactcccttttactggctaaaccagaaaacttattttatcattcaaaaa,813.77
cttaagatttttctctttcccttttcccttccctctgccatttttatatt,813.45
tttttacgcgcctatttggtgatatatgggagatggcggtagaatgaccc,811.81
ggtggctaaatttagcaaatcaatacacttcaggggggtattattgtaga,811.79
aatttagcaaatcaatacacttcaggggggtattattgtagagtttcccc,811.79
cgttaaacgacacatcctatattgaaaaagcttatgatactctcgtagat,811.32
ctaaatttaatctcttcatatcttcataagtatcagataatatatcccat,811.15
accaaatttgtcgatggcactggcccggtatggaccggtaacctgttccc,809.9
catgttattctcaatagcgaagaacattttcattgctgtaacctgttgtt,809.9
tatccgcctttacgtcactttatgagcaattcgcatataaaatgtaaaac,806.8
tatgagcaattcgcatataaaatgtaaaacttttgtactagcataaacac,806.8
cgtgatggttgccgatggcgaccatttactcggtgtgttacatatgcatg,806.28
aagccgacatgaaagtgccacgccgtcacgtagagctgtacgataccatc,806.09
taaaagagctggggatggagtgattcacagcttgtgtgtaaagattgatt,805.79
cctttgcagctcagacgctggcgaatattcagttgctgggtagtgaacgt,804.57
acaggcaagtcgtaaaataacagcctggctattcagagtatgataaaaac,802.25
aacttatacagagttacactttcttacataacgcctgctaaattatgagt,801.81
caagtcgtaaaataacagcctggctattcagagtatgataaaaacagggg,801.7
cttacgagcccaaacttaaataaaacttatacagagttacactttcttac,796.78
atgttgaaggtgagaaagtttcaaggaaaagactacgttagaatataaga,795.1
tcccgattattcccgtgtgcgtctctacaacttcgaataagattaatctt,794.33
ggagcagtgatttttgcgcgatccggccgtcaggctctattcttaacgtt,793.77
gagcggttgtctcttttggcggatcaagaaaagcaatatatccttcgagg,792.86
tcgattttatgatttggttcaattcttcctttagcggcataatgtttaat,791.76
gtttcgtgttttatggctttccgtattcttaattgtttaatttatgtaac,791.34
ttatgcgtgctgatgttgttggcgagggtaatggcgttaataataaaggg,787.75
ggcacatgaacattgccgattcccctgtaagtcgggtaataacaacactc,787.75
tacgctttctttaagttttatttaacctatgcccgttacaatcacccacc,787.62
ccgcggcggatatcgtcggcgtaccagacggtgtgtggtatacttacggg,787.62
actaaaggcgctcgtgctgctatcgaagctgctggcggtaaaatcgagga,787.09
acaaggaggaaaatatgagtcgttcacaaaatttacgccacaatgtgatt,786.96
acctccttatctccagccagcctttttccacaatcagatatactttccct,786.71
tcaccaaatctaaccttgaagatggcgtggcgtttgctattgagaagtat,785.56
tctgtaatgaagatattgaccacatcatcggttatgtcgattctaaagac,785.49
gcgttgccgataaaattgctcagcgcgatgccagcagtatagtgttgcac,784.96
agggcgaatgctggtttgattcgccgatcatcgctgaatatattgaatta,784.52
aatgacgaagtgatcaaactgaccgcgttcgaatacactattatggaaac,782.38
aatagtgctgcaacattgcatttttgccccgatttatccatgatcgaatt,781.68
tgtgctccggattaagtgacgcgctggaacgtttcgaagaagatgaaatg,780.46
catactgctgaccgttgctcgttattcagcctgacagtatggttactgtc,780.19
cctacgtggcgcaggtagataaaacagccgttgatacttaccgttatctg,780.03
aaaatgaatattatcagttctgctcgcaaacgaattcccgtacactgaac,779.1
gttctggagcgcactttacgcaggcggcataatcctgtaaacgtgatgat,778.33
tcaatcaggtaagagtctggaatttcacactgtaccctttatactgccct,778.33
gttcccgcagagcctgggggaggttcacgatatgttgtacgataaatccc,778.12
cgcttgagacgttgcccgtctataccaacgtgtttggtaagattggtctg,778.12
tttacagttccaaagggatcgccgcgattattatgcctggtataatgggg,776.93
tggttgacgttaatcaatgaagccaatctgatagttgataatttaattac,776.09
gcccgtcttaaacaaccgtcgctttgcgccgccgcaattattatgatgtt,774.97
ctattgatccagaacaggtaatcagtatgacgaatacttaaaatcgtcat,774.62
gcccgggcagcgcaaacttcgcagcagcaggaatggagtacaatgctgtt,773.29
cacggcaagcctgcattgcggcgcttcagtctccgctgcatactgtccag,772.76
acagggacgaattgttttgcgtcggggaaatgatcgctcatgattgaatt,772.76
cgggcgtactcagggtacaacggggatgtttgattcgctaccataccgaa,772.23
gtaaactggtggatgcggtcgttaacgcggttgagcactataatgaaatt,770.75
tccctgtctgaaatttctcaaattctaaaaatctcaaccaaacttatctg,769.94
gcgtcaaaaaagccccggcaagttttattgtcggggctatgatagtaact,769.71
agtaacggagatcggctgaccattccacagagttacgatacactctgcct,769.05
taatcggcaatgtcatagacatcgttttcatcacggcgataattatcttt,768.26
tgtgtttattatcgctggcggcggcgcgtttaagcaggtattagtagata,767.23
atacaagttttttatttactttattggcatttttagctagcttaatatat,766.58
tgattgattcctatcaaaaagcgtatctccctgttttttatgatggcttt,766.33
tcattttttccagcttctggaaggtccggaagaacaggttaaaatgatat,766.03
actactgcaaaaacatattcgccagcgcgacttaatgttattgcttgagc,765.33
tattgcttgagcaactggtcacgctgatcgacgaagggtacactagcgga,765.33
agataaaaccaccatcccggactatttcgcgaaggtgttatgctaaaaac,765.02
cgacgtaatgatgatgttattttcagcaagggatcgctataactcatcag,764.7
cctctacgatggcggcggaagaaattaaagagttgtgtcagaatcataat,764.61
agagctatacgccgatgttgcatgatctcatcgtcaggtacgatggtgat,763.38
tcagtcagaatgcttgatagggataatcgttcattgctattctacctatc,763.38
tttgccctcaacggttttactcattgcgatgtgtgtcactgaatgataaa,763.24
ttcagcacttcattgcggaacttgcggactatctggaactcgaaaaccat,762.85
gccgcctgaaagcggcggcaaaacttgcatcgctgtgccagactggttat,761.94
ggtggctttccgggcagccatttttgaccgcgcgcggtaaactggtggat,761.91
gagataaattgttctcgatcaaattggctgaaaggcggtaatttagctat,761.7
aaatctctccccgccaccccgtacctctgataatggtctaaaatcattga,761.62
ctggtctgacctctttgtgttttgttgatgatttatgtcaaatattagga,761.55
tcatcgacccgcctcttttttaatcgcttcccgcctgttacactggatag,761.55
gtgcgaaatcgcccgtgaagagctgaccaacggcggctacaatatcggtc,761.55
catcgcataaaccactacatcttgctcctgttaacccgctatcattaccg,759.2
gtttttggaaaacaactgcaactgacctgcaataagaaggtcaaagctat,757.9
aatctggcgctaacccccatcgtatacagatagtcgctattattagtggt,757.9
aaaaatttcatggtcacagcaaactcatatttcccgtctatgctttcaga,757.69
atcaactggtggcgatgaaccaggccttactgttgagctatactgtggga,757.69
ttccgttagcgctgaagatctttttgatggctctggctattatcgacgat,756.59
atcaggtttacgtcaatccaaccaacgaagttattgataaaatgcgcgct,756.59
cctgtagatatctgttttcgcccattctttaaaggcgatatgataggcgc,755.68
gccacatttgccatcaggggttgcctcagattctcagtatgttagggtag,755.32
aaacaccgttctatctgttgcttttgcaatcttaatcgttaaaactacca,755.32
ggagcggatcgactggcagcgggtggcaaaaatgcgcgacaatggtatcc,754.84
gtcattattcattccgcaagatttataacctccggtgataaaatggcatt,754.54
caacctggaagccggaggttttctgcagattcgcctgccatgatgaagtt,753.72
tttcggcaatgtgaattgcatgttatttacatttatgtaacttaataaat,753.56
gctggaaaaaacacatcatattccggttgatgagttctacactttaaagc,752.33
gcacaccaactgtctatcgccgtatcagcgaataacggtatactgatctg,751.79
ttaagaatattcatcttgttatctgtctgtattttaaccagaattaaatc,751.67
aaccagttgcccagtggtagcgagagatcgagagcgatatattttcctgt,751.59
tatgcaaaagaagcactgcaaaaactgggcgcatgggatacgctctctcc,750.47
gaacgcggtcgaaaaccacttcgacacctcttatgagttagaatcactcc,749.94
cgctgggcgacgtcgattgtattggtggttttcgtcggtatattgctact,749.94
aaggagggaaaatccgtcgctatcgtataccaaaatgcgacaataggcgc,748.67
ccataggcgggcatgttgccctgcgctttcactttattaacaatgatatc,748.65
tttgccacatcactgtttgacaactcatcactgtaggccagtatttcata,747.66
aggaaccacgaccttttgttatctggctggaaaaaacacatcatattccg,746.76
taaattatccctgtgactggcgttgctaaaattcttagccatactggaca,746.73
tgccgctggtatggaagccaaaatcaaggcctggctggcataatccctac,746.46
aattcttagccatactggacaactcccctatggagtcataatcttaatca,745.62
ttatcaatttttctcttttctcaaaatcagtgattccttatcattatgat,743.29
gatatcggacacgctttcggcaatgtgaattgcatgttatttacatttat,742.97
acggtggtcatacgggcgaaatgggcgatggtttctgcgtcgccgtcaaa,742.54
attggcttatctcctgtgtagttgctgtatcattgactaaactgtgtatt,740.65
gctcagtggatgtctgggaactgaaagatccgcacggtaatatcgaatgt,739.8
cacacattttaagtattgctgatagaaaccattctcattatcattgtgtt,739.65
tactttataagtcgcttgcgtacgtaagaagagagtggtattaaacaaat,739.65
acctgagggggtgcatcgccgaggtgattgaacggctggccacgttcatc,737.47
cttaaaaatgtgaccgattggtcagacgctgcagaagcagtaagatagaa,737.08
gttgtgcaaaacatgctaatgtagccaccaaatcatactacaatttatta,736.04
cgcagatccagcgttttgacgaacatttcgtgctggatattctggttgat,735.3
aattgaaagtggggaactggaaagcacgattggcctgccgatgaataaag,733.91
aacgcaataaacttctggcagcgcgcattcagcagcagcaagatattgat,732.5
caagttgtcctggattaccgtctgggtggaactgcgggtattatacattt,732.44
gccttttacaaagggtgtcatctaaaaggctgcgtgatagaatacgccgc,731.89
tgtcgtcatatctacaagccatccccccacagatacggtaaactagcctc,730.66
aagtggtattcgcacttttgctggtgcaaaaaaggtggtactgtgcgcgc,728.18
tgaaaagagttttgttctttttgctgatgatatttgttagttttggtgtt,728
aatgttggttcgttgaaatcggcaccgtccagccattacactctgcagct,726.01
aaggaaggtaaatctttgccaaatcagaggcgtctctgatatgtttaact,725.7
ttgtgatctctctcgcacccgattatttttggtagaaatatgatgcagtt,724.65
tgatgaatagggtggattacatgaccaaagtaaggactaaaatagtcggt,724.65
tcaacagcattatccattttgttcttcccgtgatgcagacataattctat,721.61
tttcagaattcgggttgacatgtcttaccaaaaggtagaacttatacgcc,721.61
ttctttcccgccgactaacatccttcccccgtccgttgtatagtgacctc,720.75
gagttgcaagaggggagactactgaataactcaagttttataatcgaggg,720.65
aataacgcatgaggctaccttgtatccattgcttctggcaacattaagtc,719.32
tggccggtttgcgctttatgctggtcgcttttccggctatcttttttgtc,719.17
gcgcttaaattctgttcgtagttgcctttataggtcggtacaattttgta,719.17
tgcacgatctcgatttgcttgaagcgttgctaattgaggaaaatcagtaa,718.27
ctgcctcccaccgtttcgtcaaaaaatcccaacatggctaaactttaacc,718.03
gtatttgccggataccaacgaactggcaggcttgctgtattatctacatc,718.03
tcttccgcacgtcagctgatcaacaccgttcacgttgatatgctgattgt,717.98
cgacctgtaccatatgcaggaagaagcgccgggtatggtattctggcaca,717.7
attgcaccctctctttgcaggcactggctgaagccgttaatctgacaacc,716.7
atattgacctgcaatggtttacctcggtggtgaatggcaaactggtcgtt,716.7
aatccgcagccggtttttgccaatacggaaaaattgaacgatgctgtgga,716.22
cacgttgatctcctgtgactcgacgcggcagataatgtagtatctccggc,713.99
tgctggccgtcatcttcttctttgcttctgctctgctgtactctcaggct,713.28
tgcagaaactttagttcggaacttcaggctataaaacgaatctgaagaac,712.97
cataacgttctacgcttctgtgcgtttttaatttatgctttcatagaatt,712.97
gcatactaaaagacttgcacaaggccaataatgcccccaaagtcattagt,712.97
caaagggcaatcgatatgagtaaagccagacgttgggttatcattgtgct,712.91
taggctatatcaccttgatatttttcttcttcagataaaaactgttatct,711.79
ccgccatcacttcttcacgacttaacttccccagcaggctatgatgggaa,711.23
tttcttcatccttcgctggatatctatccagcatttttttatcatacagc,711.23
tacgcgacatccagcgtgcaagacgtggctgaagacactaaaatttgcca,709.6
aaaaccgtacctctctggtgattgcccaccgcttgtctaccattgaaaag,709.6
acagcgttaacgctatgtacatagcagctaaaaaaatgatgaaatagtct,708.99
cccgtcgttgttaacggcgttgttttcgcgctggcctataatggtaacct,707.38
taaaagctctctggattgcgccccctggaagtcgggcgcataattagtgt,707.04
cgccagttgatctttaatctgtcgcgttatctgcgctataacattgaatt,706
aaaaattgcgcgactttttcctgctcaatgtctgtcatattatctatcgc,705.89
ttccacgcaaacggtttcgtcagcgcatcagattctttataatgacgccc,705.89
gatgcttagcaaaaattgccagaggttaaggattgtcttactattaaagt,705.59
gacaacttgaacatagacgatagcggacggtaacgctagcattaagggtt,704.52
ggtggaaagttttgtgccggaaacgcgtccagcgtgccaatataaatgtc,704.43
tcagcgacgtttgactgccgtttgagcagtcatgtgttaaattgaggcac,703.33
gctgactcgtgaatctttccatcttatggtactggatttaatgttacctg,702.96
aaatttatctgtattgcagacgcttccaagcaggttgatattctgggtaa,699.42
gacttcggtggtgaagttgaacgtgtaatgtccatggtagactcagtgct,699.42
cgttgactccagtctggatcagcaaacttgatttcctctactatcaatct,697.81
tattctggtggattagtaactggcgagggtttccagatatcatgagttct,697.81
caggattttagcttgtttcatggcttaaacgtcatttattctcttgagtc,697.35
ccgattattctggcgatcatggcaaccgtaatttagcgtatgctgaactg,696.76
ttttaccgattattctggcgatcatggcaaccgtaatttagcgtatgctg,696.76
ttgagataatggatattcttagtgaagaagaagtgagttactataaaaaa,694.74
ccttaaatataaagcctttctgattgagcaacagtgcggatattatggca,694.12
atggatatgcgcgaaccacaatgtgtggacgatgtgttatctgttgatgc,692.72
tgattatattttgctgtttgatggctatcggcaatgcgctattgtttgca,691.54
actaatggaaaatattttgcatctaaggcagaaactgataatttaagaaa,691.54
atggccgttgcgtattttcaaaaagcggaaggtaactctataaattaagt,691.43
ggcagctgcgcgactgctggctcaggcaatgaatgagttataatagcagc,690.01
tggaaaaaatcctcggctaattcgaaagcgcgcacggacagtcccctcgc,689.82
ggagccatagagcgtagcgcatgatgacaccgacatttatgattaacatc,689.7
agctgatattgtccgatgcgcatgagttaagaaatgaccatactgtgact,688.22
tgggtagcctgaaaacgacttatacccgtagaaatggtaagatttatctt,686.75
ggtgcgacagatggattcatcctgcgcccgttcctgtatggtggcgcact,686.14
accttttcaccagacacataagggtggcaacataggctatactcgacagc,685.57
ctgccggttgccagatagtcaaaagagacatgccgttgtactatctgaac,685.53
aaaactgattatattttgctgtttgatggctatcggcaatgcgctattgt,685.53
ataaattgccgcatcgtcatgtctttaacggcatgggttacgatggcgat,684.73
tcttttgcagcagactggcaggagtgcgagtctgctcgcataatcaacac,684.73
tacatgccttacccacttcccctcgccgttggcaatgttatgatggcggg,684.58
aaactgttatctatgtatacttttaaacccaatccgtgtagagtctctgc,682.71
aacgcataaaaaagcagaaaaaaaaccgttgctacggtaatatgttgccc,681.16
ctcacaaacgcagcaactggtggaacagctgcgctgctaaactactctct,680.5
agttaggtcatgttggactggcgcagccaggttcgcctaagcttatcaac,679.38
tttgatttggatcacgtaatcagtacccagaagtgagtaatcttgcttac,678.64
tggcgaagccgtcatatggattttttctgccgcccgggcaatattattgg,678.02
gatcttcgccttacacttttgtttcacatttctgtgacatactatcggat,677.68
cgttgatgtgcattaagccacgcattggcgggtgatgcaacaattatttt,677.68
atcgttataatccctttgatattagatgcaaattaaggtcatatatagcc,677.67
atggcgctggggctgcctgcggttacggagacctggattaaactgggcgt,676.69
cagagattttttcttattattcctccccatctggtgttaccctcctgccc,676
cgtatcgccacgcacattctggattaccaggatgaaggtaaagttgagtt,675.48
ttggtagtctcctgttcagaatgagtacgatgaactgttataatataaca,674.96
ccggaggcgcagtccttgatatttatgatgcattgcataccgtgggtggt,674.33
acgaaattcgttcagtggcaggctgggattctggctgttaaagtcttctc,674.33
aacggcaaggccacttgaacaccgggacattgtacaggtacaacagcaaa,673.5
atctatgaccggtcacctgttaggtgcggcgggtgcagtagaatctatct,673.5
gcaagagcgccttactggcaactttggattttgcatgctaataaagttgc,673.5
aaactggcgcacagcctgacgaatttttttatcgctgataccattacaaa,673.5
ttaagcttttttgattatgtccgaattcggacaaatgctttataaaaaag,673.5
gagggtgatcgaccggctgggattaggcggggaaaaaggctacacttcgc,673.5
tggctgcgagttcgtgtttccctggcgcgcgctgaacgtaaaataaagcg,673.42
cacgctggcgtgttgttgctgacagccaccgcatacgccaaaatgaggac,672.65
aattccatttgaatataagagccagctcacagttctgttaatcttgcgcc,672.45
gcgcgggccaggctcttacggtgcggcagaatttccagtataatagccgc,669.36
ttgtcgcggaaaacagaaaagggcggtttattttcagcgataatttcctc,669.07
cggctcattgcagcgaaataatcctctctttatctgctatacctggtagt,668.74
tcactcgcgataagtttgagcgaacaatgccacaggcgtattgttgttgg,668.74
aaccttcgatttgtttgtcaagatattgtccatctttatataatttgggg,668.07
ccgccagcattgtttttgatcaggcggaaaaccgtatgcatactatcaaa,667.62
aatctttctgaactcacagcaccatttaccgggaaaggcatcataggatt,667.5
aatcgccaatctttgttgtgaattactggcttagctttatattcattaag,667.49
ttcctggattatggttgtaccgcaagcgccctcgcgtataaaattgcctc,667.49
acaaaccatcaacattttctgccctttttcccatcaccaggccatactga,665.02
ttaaaaaactctccgacgcgcttagcgtgttcgacgacttataatgagat,664.26
ttccgccagattgacttccagtcccagcgccctttggctactttgaatac,663.17
aaggcgcaattgtgattgatgtcggcatcaaccgtctggaaaatggcaaa,662.68
gcttccgcgcacaccttttcaatgattcagagtgcgctataaatattcac,662.58
aatcgatgttttgctttgacaatcccctggtgttttgcgaaaacattcga,661.47
agtcacgacaaggggttgatatccgcagagagcgagtccatatcggtaac,661.47
tgcgaggcgttttccagatatgatgtaacagttgcagttattataagttc,661.47
tacgcatcattttttatttttgcgaggcgttttccagatatgatgtaaca,661.47
tctctgaaccttgaaaggctggcgacatcagggctttaatgccacaatcc,661.31
ccagagcgacgactgaagcgataaatgtcgctgtcgtatagtatttaaat,661.31
tttgataaaaatcatcaaactcaaaaaaaaaccgctagtatattctgaat,660.91
taccttgcagcaacgtttgcaaaccgaagcccaattacagtcatttatta,660.55
ccgggaaaggcatcataggatttccagaaaattggtgacattattgagaa,660.07
atcagaatttcacgcttgcctgtgaaaagatgttctggtgtaaagggaaa,657.59
ctggtgaatacaggtagtaagagtacacaatgccattatataatacctat,657.55
accgggtaatttttatggatcgtggggaaatagtggagcaagctgcacct,657.46
gtcacaaaaaagacttcgctttttatgacggattcaggaaactgaaaagt,655.8
tgccactgatgatcaccatcggcgtctttgtgttgggttatctttactgc,655.8
taaggaaaaaactggtaccgccaagactacacacagcataaagttgtggt,655.73
cgctattgaaatcattgcaacaaaagcatcaactggcctatttgtttatc,654.92
ggtaaaaaattgtttagcggtatgcagcgtaaagacggtaatttgaactt,654.21
ccacgaacgtagttagcccattgatagttttcatgtgcgacaatgggcgc,654.2
ctttctctcccatcccttccccctccgtcagatgaactaaacttgttacc,653.88
caaaagtaattcattgcctgaataatataaattatatataaatcttattt,652.45
cagtgaagaatgccacaattttacgctttgaaaatgatgacactatcaca,651.82
cttaaatgtgctgtctggtttttcaacaggacgaggtttatcatattgaa,650.84
gcgtaactgccgggttattgcttgtcacaaaaaagtggtagactcatgca,650.16
ttcagacactctcacttatcacttcacggaatgagggttaccatacccgg,650.16
tttcctcaacatcatcctcgcaccagtcgacgacggtttacgctttacgt,650.05
tgagagtgcagaaggtcgaggccgggcgggggttttgctatcctgttgcc,650.05
accggctccatttcattgatttttcatcccgaaaaaggtacgttttcgcc,649.45
ccaacgcaattcatatagccgttgatacctaatgtgattacactagtaaa,649.45
attttacgccagcctctttactgtatataaaaccagtttatactgtacac,649.45
tttcatcactgcgagtagagctaaactcgcaaaagtggtataacaaatat,649.45
aaagtcttgattgtgaagattttctctgacctcgcgcgtatcatttcttt,649.16
tgctgcgacaatttttgatttaaggcagttaaagttgtattggtggtagc,648.92
gttaaccttgctgcgacaatttttgatttaaggcagttaaagttgtattg,648.92
gggtaatcctctattgtgtcgcgcttttgccttccggcatagttctgttt,648.89
gtccgtacgctgaccttgccgaaggcatgaaagttaagtgtactggccgt,648.89
cgttgccacaggcaacggcccgaagggtgaggagcgaagcgacgaataat,648.31
gagaacgttgccacaggcaacggcccgaagggtgaggagcgaagcgacga,648.31
gtggtcgcctcggagaaactcatgccttcgtctaacttgccgaagatata,647.24
gcagcggatgattattgaggattcagcacgttttccttaatgtcatcttt,646.45
tctataaattagttctggaaagtcaaaaaataacactaaataataacatt,645.49
acaataccgcctcgctgcagctgcgttatacaccgggtaaagttgttttt,645.49
ctgaatctttacgcatttctcaaaccctgaaatcactgtatactttacca,644.59
tcaccgaacaacacgttgcgcaccagatcgccattcggcaacatggtaat,644.13
gcgtaaaaacgcatttgcaactgtcggcgcttttccagtatgttgctaaa,643.43
tacgggctaattacaggcagaaatgcgtgatgtgtgccacacttgttgac,643.43
ttgagggattgaacctatggcgcttacaaaagctgaaatgtcagaatatc,643.39
cgcagcaggataacgctgaacccaatcgtctgcttgtggtcgaaggctat,642.73
tccggggcgttgccgttgagaaggttgatgttttctgctggaatatcaac,642.37
aacgttcacatccaatacaccgccgttagttacggtgatagtattggcgt,639.82
aaccgcgtcttcatctttgtcgttgaggaacgtcacatatactttggcat,639.59
tgcgctgctgcgtctgctcagtgaaggagacgaactgctattattgcaag,639.58
tgaacggttgagtggttggcaaatctggaatccagcatccaggattaccc,639.42
atatcactatagatattgatcattaagttgattagacccaaaatcatgat,639.39
gaatatagagaagtacttacttaacattttcccatttggtactatctaac,639.01
cccctaccgggtgaggggaaataaacgcatctgtaccctacaattttcat,639.01
aaaaacgaccccgtaatatacggggtcaataaggacatggtataaagggt,637.42
gatgagttaggtttggattttgatggtatgtgtaatgttatcattggatt,637.42
acggaaataaaagtattgagattttgttcttaatcaatatgttatttacc,637.42
tcatgatgggcgtctggtcgttcttacgccagtttatgtacactaaattt,636.73
agcgcaagggcgtaagtcatgaataaggttgtattgctgtgccgtccggg,635.84
ccattcaatcataatgctctccttttagatgtatgccttatactagccgg,635.32
cagtgtaatgttttgtaggtcaatatttgttgcgtgtgtaaatttaaatg,635.3
gtcgtctggacgctgttgtattcactggtggtatcggtgaaaatgccgca,635.3
gtgttaaatcctcgcttttttccttccccgaactgaaataaattagcgac,634.95
caaaacacgctaattcgtcttccataaaccaaggcgattaagatttatac,634.26
gttacttaccgttcctgtcaccttgtcgaaggaccatttaaactgaacct,633.7
aagaatttttccctgttcgccccagaaggtatcaggtacgttaatagatt,633.44
agtattagttacgcttgacagagtgtaaaacaaaacatttaaatcataac,633.18
gcgttgccgcaggcaacgacccgaagggcgaagcgcgcagcgctgagtaa,631.68
gagagcgttgccgcaggcaacgacccgaagggcgaagcgcgcagcgctga,631.68
ctaatttcacctttatcccgccccttagacagaatgttataatctgaacc,631.6
cggaagtttatcacttgtgcgttataacggacaaatgctacggtgcctgt,631.58
gcatggcgggttatttgtcctggttattcccccgttgtaaaatctctcct,631.58
atcgtttatggataacggcaaagggcttcgttttttcctatacttattca,631.58
acccgccccggcgggtttttttatacccgtagtatccccacttatctaca,631.41
tcctgccgatggctggcatttttgccagccagtccgtataactatcccct,631.41
cgccctcgcagaattgcagggtgcgattgccaaaagttacagtagcaaag,630.27
atgtgtgctcgatctcattcatggccgcgttttctgctatcatgcgcggc,629.81
aggcggtcgcgcaaaacgctgacaaccaattaccgggtattattagtcat,628.78
gtaccacctctttacgtattgattacaacgagattgacgataatcgagtg,628.74
tcgcgtaaattacgaacctttaatgagccgccgttccgataataagttct,628.26
gtggcgtgaccattttttcatttaacgtcccctgtgttacctttcgtttt,627.87
tcggcctgttcatggttcgccataccgacatagagtggcacaatggcggc,627.87
ccagacgatcggcctgttcatggttcgccataccgacatagagtggcaca,627.87
tttgccgtaagcaacgttaacggcccaatctcgctggtaatctggaccac,627.8
tcctgcaaacgttgttcttaaatatgttctacggcggtaagatgaaaggt,627.8
cgccgacaacggcttttggtgcggccgtcgtggggggcgataatggtcgc,627.8
tgctaaaacctcgctggttgggttttccagacctggaatatcattgagat,627.8
ttcttatttttcaacttgcaccaacattcgattaaccccagactaacgcc,627.61
ttggccagaattgccttcacttgttccacggtatgaccaaaaataaagat,627.36
attcaacagcaatgataggcgctcacctgacaacgcggtaaactagttat,626.24
gacgccgggcatgcattcaacgctgattatcgcccgagctatcatgccgc,626.07
accacatttttttctaacacgcccatcagaattaagggcagaatcggcct,626.01
tgatacgccacatccggcatggtatgccggatgtggcgtatgctgataag,625.64
tggcggatattgcgttgtaatgatacgccacatccggcatggtatgccgg,625.64
taccattgcgcgttatttgctatttgccctgagtccgttaccatgacggg,625.39
tagcactattaagtgttgaactttcaagtgctttggatagtattgatgtt,625.39
acaccgcgacggagttgacctactaccagaacgacggcattttgcattat,625.39
cgccccttgtccatgtagagagtttacccaaaagttgctacattcaggta,625.39
atacctgatgcgttcgccgatagttaaattttttgtttccatagttagct,625.39
gatgtgatcgaagtattcgaaatcatcgagatccaacgtaccattgctta,625.39
gttttctggcaaatgcggcatgagcgtttgacctttcctataatagggat,625.39
tctttttggtggtatggctgctgatgttgctggcgtggtatcttgtcggt,624.85
tctgctgcaagaaatacaaaaactgctcagacataaggtaacctttctaa,624.85
ggatcaggtgcaaccttttcaccagacacataagggtggcaacataggct,624.39
tacctttaccccatcaaaaggttacgggaaataagaggttattatgggaa,624.15
agctgcgccgggtaacgccctgacgccgcatggcctggtaaaatgtttcc,624
ggaactgatcgatcacttcatcatgaagatccgtatggtacgcttcctgc,624
tggataatgcttataccgatattttgaacaaagccgttaagatacgtagc,623.41
tggcggtcgtgcataatattgttgaacaacacggtggtacaattcaggtc,623.38
gtggggtaaagcgccagggccagaagtcgatacgacctgtgctatgattc,622.33
ggtaaagcgccagggccagaagtcgatacgacctgtgctatgattcataa,622.33
gattcaaaaaaaagtggaaatagggtgaagaattgacctaaaatagccat,622.29
gcggtcagggcaacgttcagtttttgcggtttatcggtaagattagtgat,621.99
tgtgaatcttttcacagtttaaattcccccgcacgcttagccttaatatc,620.74
aacggcgaccatagtttgcaggcagacgtatttgcattaacaatggttca,620.44
agcgatttatccgcttttactttgttgagcacctggttattgtgctcttc,620.44
gctgcttttccctctggcggatgccaacgtagtcagcgaagatgtgctgc,619.63
ataatggttatttaaataaaccacatgaatcattaatgggttattcatta,619.38
gggcagaatcggcctgttaaaaaccgctgaaattgctcatcattatgcag,618.58
aaaacatcgtcaaagcggttgaacgttgtgggctgaaagttgaccaactg,618.52
ttctttgaccgagctagttatggcgcggagtattagttacgcttgacaga,617.19
aaactgctaaaagaagttgtaacactgcaaaatcctgctatttgatttgt,616.75
aaataagtcagttctttgaataagcttgataaattgtgtaccgttcagtg,616.72
gaaagcgaaaataagtcagttctttgaataagcttgataaattgtgtacc,616.72
aacgtcagtttcccgcagaggtggcgtacggcgcgtaacgctttatactg,616.72
gagaatgcgatggcttgcaaaagtaattcattgcctgaataatataaatt,616.37
acgatattcgctgtcaccgaaaaataattacgatgggctatactcttctg,615.49
cgcgagtaatcatgcgcgcgcggttcattaaatccggtaaagttataggt,614.87
ccgaacagcatgcccaatgaactgattttattttgagctatgatacccat,614.54
agtaaaagagccggcccaacggccggcttttttctggtaatctcatgaat,614.14
agttaaccacgcggcttgccaacggggtctgaatcgctttttttgtatat,614.14
tcacgaattagcgggctacagcagcgatatcttatgcacataatggtgac,613.64
gttgcttatcaacttgttgacactggcggcgcaccgggtactgtacttgc,613.37
tgcgaataccgaacaagactatcggatggtcatcggcaataattacgttc,613.37
gccatgtggcagatgaactcgcgaccccgtcctctgctattctcgatatc,613.37
tcgccacgcttcccgtaccaccgccaataaaaactgctaaaagaagttgt,613.19
gcccaacaaaaataattgcaaataaacaaagattgctggaaattatgcgg,613.01
tcacactggcggcaatcagcgtggccaggagcgttgcgctaaacttaatc,611.86
cggcgatttacctggtttatcgaaccgcgtattgggatacattgggtcgt,611.7
gggaaaatgcctatctgatgggccagatggtcgatgccgataccgcctat,611.66
tcgcgcccgcaaccacgacaaacgcaccgagataacctaaaaggtttaac,611.15
cagcattgattatcccctgtttatctacacgctggttggggtgtcactgg,609.08
tttctcatccagccgtagcctgttccggcatcgaatgttacccttatcgc,608.67
atcgatccaaatcaggttgttttcattggcactcatgctattttccaccc,607.35
ggacgtatcccttaattgtgcatagtcgcaacagcatgcacaattaaggg,606.93
cgctcggcaccggattcctcaccgccttcctctcttctattatgaacaat,606.34
atagaaaaatgagtggcgcgaatcctgttggctaattagaatcgccaacc,605.58
tcgatcaaccgacgctgaaaaggctggtgcatttggtgtatgatgtgcgc,605.58
tccaacttttggatgaggtaggaatcgacaccgggactaaaattattcct,605.58
atttcccggaagcagagttgtatcacttcgctgaaaaagcgcagaatgcc,605.58
ttgccgggcgaagtggcgttctttatcgccaagcgtctacgatctaacgt,605.58
cgcccattaaaggggttgaggaagaataaagatgttcggaaaattatcac,604.22
ttccatggttaactcctgtttatgttatgtgtttgttgtatttttatgct,604.22
cgctttacacaattggtgaagtggcgttgctttgtgatattaatcctgtc,604.22
aaagccatcgctgagcatactgacctgccgcaaattctgtataatgtgcc,603.72
taagactgccgtgactggtcaaaggcccgccgcttaagtaacatggcggg,602.43
tgggtggcgcgtacgtgttgatcagcgacaccgacggtaaaatcattaaa,602.09
agaattgcgttgtggtgcgggttaccgtttgttgcgttgtgctatggtgc,601.34
cgcaaaagatttaatcctttaggcgtaataaaaaataatttatcatgcta,601.34
gccagccgatcgggctggcattttgcctttaggatgtacacaatgagaca,601.34
ccgtcaacggtggttttgccattgttgtttactgtggcattatcacccgt,601.34
atgaaaaatgacgcagacagttacaccgtttaaatgcaataatcagccac,601.34
ttaccgcagccgatgcttaacctgatggacatgccgggttatcgtaaagc,601.34
tctgaaaagcttaaaagaggcgattggcctgtaaaagactgctaaaatgg,601.34
gtgcagcgtcaggtctggataacgacgaatcggcgaagtaaagtgcgcat,601.34
cccggaactggggctggatacctctcgtccaattatgtacgttttaccgt,601.27
tcaggatctgcgtcaacagttgtcgaatgatatggcgttaatactgctgc,600.72
gcttgtaagcggcgccaccaaaatcatcgtgaaatgatatccttcgtcat,600.01
tgatcgtcaaaagtattgaagttgaataaccggagttaataatgtgtatt,598.33
tttaacggtatccggcaaccagccaggtccccttgtgctattattcgcac,598.15
aaatacttaaacagtacgagagaagagacagccgaaaaggtagaataagg,598.15
tatgttcgatttgaacgttatacgctggtttattttgataccgttgatga,597.03
ttttctggcatagttggacatctgccaatattgctcgccataatatccag,597.03
ttaacctgaagaagagaacaatgaaaggacgttgggtaaagtaccttctt,597.03
atgccgctatttattattgatgaactgcatctaaccgataaactgactgg,596.77
gggcagaaagatgaatgactgtccacgacgctatacccaaaagaaagcgg,596.27
atcagttaaggattagttgaccgatccttaaactgaggcactataacggc,596.21
gtaggtttaacctgttgcattaattgctaaaagctataactgttaaacac,596.05
agctgataactttcgtggcagttttcaatacccgcagtaatataggcgtt,595.49
aaactgttaccatcgcgtctaaagctggcgacgaaggtaaactgttcggt,595.38
attcgcaaagccgcgttatctatgcgcgcaggtggtgtaggatattatcc,595.33
cggcgggtttttttatacccgtagtatccccacttatctacaatagctgt,595.33
cgagaaatatcgaacttaaaatgtgtgtgcctcgtcataaaatgagcgtt,595.33
tctatcagaaccaatttgcagatacgcgcattttggttacgataagcgat,594.43
aaatcgcaagctccagcagtttttttcccccttttctggcatagttggac,594.37
atgatacaggggcatatggcgcatcaatgtcatccaactacaatagccgt,594.37
gcctcgcaggaaatgcctttccaactggacgtttgtacagcacaattcta,594.37
tcctacactataatctgattttaacgatgattcgtgcggggtaaaatagt,594.1
tgttgatgtggctcaaggttatatcgcagcgaaaatataattcgaatagt,593.32
caggactttctgctgatttcccccggagagttcggtgatattctggttta,591.96
aattcttcaatagctcgtaaaaaacgaattattcctacactataatctga,591.44
gtcggcggccttgcattgccaatccggttgtccgtctctacgctattgat,591.44
tgcgacgagcttttcataaatctgtcataaatctgacgcataatgacgtc,590.72
ccgcagtaatgtcactgatcctgtggggactggatggtattctggttcgc,590.65
atcatgaagctattgttgtgttttgtacatcagtagatatattctgatat,589.9
tgcgctgtttatcttcttttgtcgcgccaataaccgataaattattcgct,589.49
tcgaacgatatcgccatgcaggtggttgccgtcggctttatcatcggcgt,589.31
aaactttttgttttattttttgtttttattttttaaaggataatcaaatg,589.31
aagatcgccctgagggacgttatgtgttgtagacatggtaaaaccgactt,588.77
gtgggtgatgaaccggtagctgttattttgcctgatgttattctggatga,587.1
tcgccgaaatactcttttctctgccccttattcccgctattaaaaaaaac,587.1
atatcggtaaaggttttgacataacgtccatctttaaagacagtaatggc,586.54
aacatcctgacgccggaacagaaaaagcaatttaatgctaattttgagaa,586.39
tcgctcgccagttacggttgcgtaatctgggcgggattatcattattgat,586.11
acaatcaaaaaacagtacgccggacacgcgaagcgcgtcatgatgggcgt,586.11
atcgacaagccatcttcaccaggtaacattaaatccagtaccataagatg,584.78
tctttattgcaatgcttgcgcctttttcctgtggcgtgaataatttcctt,583.59
gccgttccggtgggccttgttttttctctctttatccccatctttattgc,583.59
agacgcgcgcgcgtgttgatggcattcgctatcaggttgatattaataac,583.59
agagattactgtcactttcacatatttgtgagttaccgtattctcatggt,583.3
ctattgttgtgttttgtacatcagtagatatattctgatatactcctttt,583.19
aaagcaaataaaatttaatttttatcaaaaaaatcataaaaaattgaccg,582.96
aaaatacccagcaccagcacgaccaggccaataggtgttacgctaaagaa,582.4
cagtcctgcgctggcgcaaagtcttcataagcggcaatcgctacgctagg,582.37
gacttatggctggctggcatcttgataccaaaatggcgcaggatatcgtg,581.52
gtctatatttcactttgcccgcgccgcgaaagtcactgataatgcgccgc,581.29
ttcaaacaggttattttgaaagtaaacatcggttatgcgataatcgcgct,580.78
agcattttatgggttatgtttttcagcgaaacggatgataaccttaataa,580.39
aaacgtcatttattctcttgagtcgtcgaaatcgtcgctaagataattat,580.09
ctgatgatggagaaggtgaaaccatcctgtgcggtggtacgattgctggc,579.91
ctctgcaggctgatctggaaaacggcgtaaacctggaacagactatccgt,579.74
taacaaaacattaacaccaactggcaaaattttgtcctaaacttgatctc,579.29
tatcaatttcaaatcaggcaaaagtgctatttataccgtaagatttatct,579.05
taccgtgggttctactaataccacgcgtattttaacggtagagtaagtac,578.84
cttaacctggtttatggtaaattgccctccattttgtttaatttgtagat,578.84
tttgtctttttaccttcccgtttcgctcaagttagtataaaaaagcaggc,577.71
caactttttgtctttttaccttcccgtttcgctcaagttagtataaaaaa,577.71
tgacaacacgggcagttgataatcaatggcctggcccccacattcatatc,577.28
ttgatgcccttgaagatgacgacgatgtacaaaaagtttatcataacgtc,577.28
agatgtaaagtgaaatatttctttatgggcatttcttttatggtcatcgt,577.08
aacaggtttatagaaataataaccctgctgaaatgtgatataattttggt,577.03
agtgcatcagcggttgacagaggccctcaatccaaacgataaagggtgat,575.86
atcaaattttagtgaggcataaatcacattacgcaacgataatagcgggt,575.45
caatcggcattttaaaggcgaatattgcaatcaggatagataatataagg,574
gtttacagacccaggcttgttacaggccaggtttatcttaaaattacggt,572.97
ctttggcattattatcgacaaaacaggcaactggagtttaccattctacg,572.14
gcgaagtaaaacccatgccggatgcgccagcatccggcataataccgatt,571.77
gcttatccagacgggcgtgctgaattttgcttgtggggtaaaatgcgcat,571.27
tccgcgatttggtggtagacatgggacaattctatgcgcaatatgagaaa,571.27
cgttgtgcgcatacggtgacaattcttgtaatgggcgatagactatcttt,571.27
tcgcaattatgagtggcgcaaaaaccgttggtggcgtcatgataatggct,569.11
gtccaaatattactgtttatttatacagtaaacttctataatatcactgt,569.11
ttgacgataatctcgataccctgctgggcaaattcagcgattatatctgg,568.74
tctccttcgccatcagcgacaaaatcaagcaattacgctaaagtagcgtc,568.65
gatattacaccagacgggttcattctcgccgtggctgtgacaaaatagcg,568.47
cagcgattatatctgggacgagctggcctgacacgtatacacttcatcct,568.12
gagtgaaatccatacagggggcaaatcaaaaaaagtctatatttcacttt,566.57
gagcggaaaaactgcagcattctctttacctctgttgcagaatcttgatc,566.45
caggttgtaggcgaacaacccatcacggcgatgaatgataaaatcttccc,565.91
ctgaccgtcattctgttgagcgcgctaccgttcaggcgatacaatggctg,565.91
taattcccggctttgttgtatctgaacttcccctcggttagcatcaggct,565.91
aaaagtggctggagttggcatctttctgcgatttttctatttttattcat,565.91
atcagccatcagccgctggaatataaccgttacctgaataaactggtggc,565.91
cgcgataatatggcgaaacagacacaaatcaatttgttatcatcaatggc,565.26
cgtgatagccgtcaaacaaattggcactgaattattttactctgtgtaat,565.26
tggggcaaattgctggctataacaatgccatgaatgttatctatggtcag,564.8
tggtgtacgcggcgctgacctttaaatatgtctttgattatcatccgggt,564.78
tcaatcgggatgatatcttttgggcgaagaatattcgtaagatcgtcgtc,563.91
aacaaataatagtgatggacaacgggcaaattattgagcaaggtactcac,563.79
caggaataataatataacactcaacaataatatttattataattatgatt,563.62
ccctttatatggagctaagttgaataatggaatgagctatactctggggg,563.47
tcgacaacctgaccgtttttgaaaatcatgatcgtcggtatactacgaat,562.96
atcataatcctgggcttgctgaagaataattgaaatgatattattaattc,562.5
aaatgcctttccaactggacgtttgtacagcacaattctattttgtgcgg,561.94
gatgaaccaaaatgtggcgcaaccgagaaacaactcgctatctttaatac,561.36
cgcatgtcgtttcgttttcaatcgtgctctggcacgtcagaatgagaatc,561.13
cttttccccatttttactgcgagttggcgagctcatcgtataatgaataa,561.1
cgcacctcggtaccggtgcttgttggtttggtgattgttatcgttgctac,561
attcacaacaaagattggcgattcaagcggtttgccgtagaattaccgcc,561
catgagcggataccacagaatttcccatgactttctgctatccttgccgc,561
gatgcggcgttgttggtgttgattgaagtcgaagagtggctgccgccgga,560
caggtgcattacacgatgtcacggtaacgcctgtacggtaaactatgcgg,559.76
gtgccatgtttttattgtttaaagcccccacgtccattaataatgcattt,559.24
gaaaaatcaaggagttgcaaaactggcacgattttttcatatatgtgaat,559.14
aactggagcaactgattacgctcatcgcaaaacttgagcataatatcatt,559.14
agctcgcatgtttaattttttgcggactgaataccttggtaggatatggc,559.14
gacggtaaccaaatgcagcaatacatttgttttagcaatacaattgctgc,558.58
acagactgaacattgcgacttgcagtgcttttttcatttattctctcctg,557.47
aatcggggctctgaattcaaagtaactttattactaagcattattttgtg,557.28
gaggcgacttctctcgccgtccagcctgatttacgtgctaaccttagcgc,557.28
tcatcgtgaaaccttcgcggatatcggccagactctggcaaaatattttg,557.28
aaatctcccgtggctaacgacatcccccgtcgttgtgtatagaatattcc,556.66
tgccgcgatgaaactgcgcaaaatcctgaaaagtatgttcaataactatt,555.81
cgattcagtcggatatcaaccggctggcacagttgttgtaatttcagaaa,554.14
gcttgaatattttcgctatacttttcagtgaaatgtgttaataaatctat,554.14
gactgtataaaaccacagccaatcaaacgaaaccaggctatactcaagcc,553.57
tgcggccttttttcttttcactgtcgaagagtcaccgtaaaatcaacgcc,553.55
ggtactcaatcgccggttaaccttgaccgctgtacaaggtatactcggac,553.23
cacacggcaaataaggagtaactctttccgggtatgggtatacttcagcc,553.23
aagcatagcatttaacgtgtaaagtactgtatttgctactatgattgaga,553.23
agatgatttttgcgccttgtcgctgctgcgtgtggttggtaaagtaagcg,553.23
tacggtaatattttcggcaaagataacagactcctgctataattcctgag,553.23
aatggcgaacaaataacactgcatggcaactgtattatattcttaaagcc,553.23
gagttgtatccgggtatctacttccctgcaacagaagatattcttcaatt,553.23
agccagccacccgctgggtcgcacatggatctggtgatattattgataat,553.23
cggctgacgaggagcgggcgctggctgaaaagctgcattaccatggcgat,553.15
agtgcttttttcatttattctctcctggagttaaaagtcatactctaaat,552.44
gcttaattaagatcaatttgatctacatctctttaaccaacaatatgtaa,552.43
gttgcgtggtggtcgcttttaccacagatgcgtttatgccagtatggttt,551.71
ctcacgattctcctttgacgatcgcactttttgctcgttatgatggcgtc,551.17
tgtatctttctgaaatggcaagtgaaaacgttcgcggtaagatgatcagt,550.87
attgacttttaatttgatttgaggacgattatttattaagttacataaat,550.4
gttatttcaacctattgacttttaatttgatttgaggacgattatttatt,550.4
tggagttatttcaacctattgacttttaatttgatttgaggacgattatt,550.4
gatgtaatgggaacgttctcttcactgacttttcgtcttactgtgttgcc,549.85
cccttaattctgatgggcgtgttagaaaaaaatgtggtacaacaactcag,549.85
agaactgtctgacgaaggcgataccgtggcggacatgctgcaatatgtac,549.69
gattgttgctaaaactcattttattttaaaaaaatgttaccttcatcaat,549.43
aatgagatttcgatcatgcagctagtgcgatcctgaactaaggttttctg,548.81
tacaccttcaacagattgatattgaatgggattatgcgaataatgtcatt,548.52
caccggaagaaaaccgtgacattttaacacgtttgttacaaggtaaaggc,548.22
ctggtgaaatgtgtgaggagcttatcctctcaggtgccgatatcgttaaa,547.83
ccgtgcggcttaacgcaactttatggattgaagtacggtacgctgccgtt,547.83
ttccaggcaatgatcgacagcggcaatattccgtcgcagtatactgagtc,547.62
ttggtggtagacatgggacaattctatgcgcaatatgagaaaattaagcc,547.22
cagatcgaggtcgaggttaattatcggacgatttgcacttatcatatatt,547.22
atgacgaagctgactttaaacaaaacctgatttctgtaaactcgcctatt,547.22
cttgtgcagaaatcctccagcctgccttcttctgatatatattaaataag,546.22
tctggcacctggagccggaacaaatcactcagggctttgtcgaattccat,546.13
ggaatggaatagcaacagaaaataaatggtttttgggcaataatcagtct,545.27
ccaattttctctacagcgtcctgaacagttacgcgtgccatacttaaaaa,545.27
ttcccccaccaccatctcaagcattacctcaaaatttgaattacccctgg,545.21
accatccggtgaagtatagccaagacaacccatgatggtatcgtacagct,545.17
tcggctggacaaacattccttttattccacgtttcgcttatcctagctga,543.55
gtcagcaaatctgctttcgagttgtacggtaaaacgtacataattggacg,543.49
gtgcctgctttggttttgatccggacgcatacttcggtacgatggtacgc,543.48
ctcgctcaaatcctttgattactgcggataaagtcatctactattgttta,543.21
ctcacctaaaagtttgtctttatgccgatttggcatccagaataatgagt,542.51
attgaaaactggccgtcgatttaacgaaacggctatgacaggatgcgagc,542.42
agaaaattgctgattttccccttttccttgattgctgttattttttcctg,541.25
ggtagcagttaacgctgctaccctcttttttctggagtagatttatgtct,541.2
aacaagactatcggatggtcatcggcaataattacgttcatattgttcat,541.2
aaccgtatcgtatgtttacttcgcgcgcagaatatcgtctgatgctacgc,541.2
acttactatcaatcgtttctaaacaagttttcatcaggtattctactgat,540.56
tttttgcgtttcctttcaaatgaaaacgatcgtcgtctaaaatcagcagt,540.56
ccttgattgctgttattttttcctggcccagctttctttatgctgtatcg,539.57
ttttccttgattgctgttattttttcctggcccagctttctttatgctgt,539.57
atgtcagccatgtaccagcaagaagttccgcaatatggcacgctgctgga,539.38
tttacctgtcaggatctccgttgctttatgagtcatgatttactaaaggc,538.7
atgagtgcaggtcgcttcacgactcttctccagaggggcagaataaccac,538.7
gcgtgactgcgggcgcatcggctccggatattctggtgcagaatgtggtg,538.52
tcagaaatattatggtgatgaactgtttttttatccagtataatttgttg,536.43
agtatttgaaacgggtgcgtcgtcggggaggcgaatttattatcgatacc,536.43
ccgatctgccgtggattgcagagtctattcagctacggaatatttacacc,536.43
tcaatgagtgccctgtctctttattaatatgaaacacttatactggaaac,535.19
actggcgaaaaacccttgaagacaccggaagatctggctaaacatacgtt,535.1
tattaatctaacgcaatatattcggtcgtaaaggaatctactttgtgaag,534.99
acctgtgaagcaagtatcagagctgccgtttttgcttcatacttacaccc,534.99
tccagtataatttgttggcataattaagtacgacgagtaaaattacatac,534.96
cagccacgcaaccgttttccttgctctctttccgtgctattctctgtgcc,533.97
ggtcgcgaagtaccgattgtcgggcgcgtggcgatggatatgatctgcgt,533.48
ttgcggtagaaatcgggatcttctgcatagagatcgggtagcatattttt,533.42
ttgtggttaattttaattttttatacatctgatccacttatcattaatcc,533.42
aaaggtcacatgcccaaagcggtaacgttcgccactgttataatcaatat,533.42
ttttattttatctgtttgttttgtaagggtaaattaactaaaatggcacc,532.83
gaaggcggaagccgcgcagtaattcggccttagccagatatagtatgcgt,532.6
cggaggaactctctactaccgttcatgcgctggctctgcatacttacact,532.51
aaagctcgaattgtgatgacgatcacacatgttaaaacctataattaatt,531.27
cacaagttatgtatctatcagtgatcttgatctcaaatacaataatctac,531.18
tcgctctgtgaaatgtatttttattgttgcatttgtgttgcaataaacga,530.55
tgaacgtcctttttcagcgtgaatgattcacagggtgtatgcttactggc,530.07
gatccgcctttaccatcctaatccggagaaaattggttatcctatgcagt,529.42
tcatgtttcaataaggtaactttagtgacatttatgtttaaaatgtgtga,529.18
ccggcgcttaaaccctggcgttccatcggaaatctgattacgctgatcgt,529.18
gcgacaactttcgtaaaacatccctaccctgcttcaggtatactatgccc,527.58
ttatggcgctggtggacagccagattggcaactttggccgcccggcgcac,527.56
aatgaaaaataaaacactctgctttacagtgtttactttataattaacag,527.56
ttcattgtgaccacaagtttttcttcgctttttcgtatgaagatactgtc,527.5
tattgcaacaatatatttacttatatttaactataaaacaccatttcagt,527.28
cttccgctgccagtgtcgcctgtaggcgttctgccatggtatgaagttct,526.56
ttttcgcgatcttcttaatgtcccctccaactacaaggtattattctgcc,526.56
gaagacgtcggcaaatcgacaagccatcttcaccaggtaacattaaatcc,526.17
tttcctaattaatccctcaggaatcctcaccttaagctatgattatctag,525.7
taattgctttaattgttaataatattttgcaatcaagttatcataatcaa,525.17
tactgcacaacttgtttacagtatgagcaaacaataattatcattaaaat,524.48
gtaaatgctttttcctgcactatgacacaattttgtgtcaggttgcatat,523.9
caatgaatgatagtcgcgtcttatcatgccaccattataaaattatcgct,523.5
gttgttgttaccgggaaccgactttatcggatatcgaagtgctatattga,523.36
tccatcgttttgtcttgtgtttaaatacgctaacacctaaacttactttt,523.29
aaaatgtaaaaaccatagccattgtactggtatgggttaaattcattaac,523.16
cccaaaatctttctgtcgcgattcaacgatagagagtttacgattcaggc,523.16
tggcgctaacaatacaggctaaagtcgaaccgccaggctagactttagtt,522.56
tagatgcaggtcaatgtaacgatgcttactcagcgattattctggctgtc,521.69
ccgtgttatttcatctttgtttccgaccctgcgtttgataaaggatatgc,521.69
acccggggaattgagcttaaaaattggccaatactggatattatttggat,521.69
ttcccggatgcgattaaccttgtccgccaggctggactaagctatatcac,521.69
gcgggcaataacagcctgtgggcgtggcccgttttgattatcttagtgtt,521.69
ttctcttgtaactctttaaagacgggggatttttgaccgatataggggtt,521.24
cttgtgaccttctaaattgattcacatgctaaatctgataagttttaatt,521.16
tggatattaatgatgttgaggggctggctgattttgtggtggagtggatg,520.57
aatcgcagtatgcaatttgccctggatcacttgcgttataccattccgaa,519.91
attttttaaccctttgcgccagccgctgcgatgaggtgtatgattagtct,518.75
tcaccgtgccgcaaattgacactctggtagaaatcgtcaaagctgtgatt,518.58
ttggttttgttggggttgttcatcctgaactggaacgtaaactggatctt,518.58
tcttaatactgagagtggatcgccagggaattttgcctgatactcaagct,518.32
gtctcttttagacgttgtgaggagaaacagtacatggtactgatgatcgt,517.27
tcgtaccgctctgctcctcgctaagttgttctgtgagttatagttataga,517.15
agacagccggaaaaattgcttttgttacaaccatttactacgatgcaacc,517.15
tcccttttctccacttggctaaatgtaaaaaaatggttaagactatgatc,517.15
ccgccgcgaaagcgtaacgtttctcattgaaattcactacacttaacccc,517.15
tgctgtagattgatatttaatatattagcgtaactgttatgctgttatct,516.84
gttccgcgccatgcttcacttctgtgaaaacccaggcaaaattcagtccc,516.84
ttcagcggcagcgcatggttaatgaccctgctgtggctaaactttggttt,516.65
tcaacgctacgcgtctgcaaccggacgtcggcgagcagtattatcttgaa,515.92
gttccgattcaatcttcgagaaatcgagaatatcgctgataattttcaac,515.8
cttgttcatcgtttcatctcccgggtcgttaactgactataataatagac,515.79
ttatggtaaggggctggacgctacattgttagccagatattctgcccggt,515.15
aaacatttcagggatgaagtgaagatgaattgagtcgtagtatccacacc,514.59
aaatcagcagtacccccgacaaactcagggattttgtgtataattgcggc,514.56
aggcgggatgaagatgatgaaggggtacgagtcgacataagatgaacctc,513.26
cggcaatcaaacttatcaccccaacacaacgatcctgtaaaatgacaggc,512.85
atgatcaaagtatcattgcgcaggtcgcgattaatccgtaatttacccac,511.51
aattaatgctattggaatgaagagagtaacgaatggctaaactggctaac,511.38
tggtgcagagcaatctggttgatatccagactcatgataaactctccttt,511.38
tccattaataatgcatttgcattaccttagttcaagcttataatttgagc,511.14
taataacacaggaaactattttatctacgcgttagcgatagactgcttgc,510.64
tcgaagaaggtcattttgcgaaaggttctatgctgcctaaagtggaagct,510.6
agaagcgaaacagccagagaaagtcgaattcatgtgggatgattatcatc,510.6
agacgcgggtgggtatcaccactcaggaagataaaaggatatgatttatc,509.9
aagccactcaaaaagtatctctgatacggaccggcatgtaagataggtgc,508.98
ggcgtttacagaaaaacgccagtgatgcgcagttatgtaccacacttaaa,507.94
tcgacgcatttttagacaggcagaggtgacgcttggctacaatgaaagat,507.53
ccggggatatacacgttgagataacagatgccagtcggcaaactctgtgt,506.51
aaataagaagagggaagacaacattagcaaggttgtgtacatttgtacac,506.19
actgcgctctttaccgacgagctgccgcccgctgcgctaaaatcacgctt,506.14
agcgtcgccgagctggtagagggggtgtcgaaacttgataaactcaagtt,505.97
tcccgcaactgtgggttgacggcgagctggtcggcggttgtgatatcgtg,505.27
agcaacaatgggtaatagccttggagggttaactaacgttatccttgggc,505.27
tctttcttacaaaggtggaggcaaacccgtccgtgtgtgaaaataatcgt,505.12
gcgtaacgtttctcattgaaattcactacacttaaccccatgctacacac,505.12
taatcagtttgccaaaggtaattaacaggacagggcttataataataata,505.12
ataaaaatctgtaattgttttcccctgtttagttgctaaaaattggttac,505.12
tcaaaagattggctatcgacgaactggcgaggtaacgctatgttaacggt,504.91
cggcctacagttcattgcaaatccattcaatttcaatgcacgatgtaggc,504.13
tagccatttgttgatcgcgtctggcgcaattcgcgcggtaaaatgtgtgc,504.01
attttgcatggaaccgtgcgaaaagcctctttcggtgttagcgtaacaac,502.63
aatgtgatgtcatcacgtattagcaaggcctttcccgttatactgccagc,501.55
ttgaccgagttgggattgcgtcgtttctccattaggagtaaagctttaat,501.55
aacgactggatgccagctgccgtgggtttctgcttttccttgagcagatt,499.96
tcgtcgttttagtaaacagtacgaacagataaacggttattataatcaac,499.69
cctctttgcgtcacatttttacaacaattattgcatagaaaattaatgct,499.59
aaatctccgtcgcctgtacacgacccaataatactttgtacaatatacgc,499.11
gcacagtcaaaataactcaccgtaaataatcatctgctataaataatcac,499.11
cgattcataacgaccttcttttttggttgtaaaaaccttattctttatat,499.11
tgaaaagtatctagttgaataaacacgttatctcgcgcaacctcttcaac,497.3
atttacgccgcatattggaaaatttaatgaccatagacaaaaattggctt,497.11
gtatgagtattaacccgcgattctgatggcgcttttgctacaataaaagc,496.52
catcgaggaatccgttgcttcgggctgttttcgatagtattgataacatc,495.53
gggtactgctttttacctacgcaggctatttcttcggtacaatcccgatg,495.05
ccgcaaaagttcacgttggctttagttattcgagttgagaaactctcgaa,494.64
gaaacaacaacgttgttgcgcttctgatccagcttgattactttaaattc,493.16
ctgcgttagtgttgctggtgaatccgaatgatttccgcgactatatggtc,493.16
tgcgttccgctgttgatattggtgcctgtggctatgccataattattaat,493.16
aattgctggtgatgtggggagaatctggttgagttcggtagaattgattt,493.16
gggatggttttgctttattaacaacgggctaaacgtgtagtatttgagtt,493.1
tgaatatcgatgttttttgctttttcttattagtaatgcaaaaatggcgc,493.1
agatttcacggaataatttcaccagacttattcttagctattatagttat,493.1
acaatgtgtttacattgcggcaacttttttgatgtgagaaatttgtttcc,493.1
ctctggatccaccgtcgctttaaaacgcgcccggtgggagaatcgtcgtt,493.1
aattttaaccctctggcggctttacagtaccttacgctatactagccact,493.1
tgctcgtttgctgattccgcaagactgcctgttctgctatgattgccttt,492.26
tctgcaaagagggattgctgcaaactgcaatccctctctatgcttgatgt,492.26
gtgtattgcagctggcggtaaaaacggcggcagtgatgctgctaatgcca,492.22
acaaaatccacagcgttgagatttttccaggggcggcgcacaatagcgtc,491.98
tttacccaacgtcctttcattgttctcttcttcaggttaaaaaataaggc,491.78
ttccgccaccaacaacaataaattaagcggtactgcggtaatttataagt,491.51
cggcaagaaatgctccacatttgagaaaataatgattaccattcccattt,491.09
tgtcaatctgaacaaaatacgcgaaatcgaaccgtggtttaataacacct,490.66
tgccggtatctaactttaaacaggcgaagaaatttgccgatatgaccaac,490.66
caccgaagcggcccacaatgtggttctgcttcatctgctaaggtgtatgg,490.41
ttttctcaggggcgaaggtgtgcctgcaagccgccgtctatggttaaaca,489.47
tgtcgctgaacgcgctctggaaaaaggcatcaaagatgtatcctttgacc,489.47
ctccgctgatccgccgtctggcacgcgagtttggtgttaaccttgcgaaa,489.27
aaatatcatttagtggtttacgtacgtaaaaaattggttatgctgttaag,488.55
aaaagggccgccagttggcagccccaggatttttccgctaaatgattcgc,488.55
cggtcgattgttgccggaaaagtgatgatctatctgttaggctatgtagt,488.13
gtggcgcagaaaaaagcaaatggcacatctgtttgggtataatcgcgccc,487.76
aatattaaaatatttgcttccaatataacctgtagaataaattatactgt,487.31
taggctatatcaccttgatatttttctttttcagataaaaactgttatct,487.01
cgcgcgaagcccgccttgccgtggcagatgacgtcattgataataacggc,486.69
ttacttcccgttatgtggttagagcgaataaattatggtcaacttaccgc,486.67
accgcactggcggaacagcgcctcgtattcggttttggtataaataaaca,486.45
cacaggggaaatatacccagggtatgacggttgttgattattattatctg,486.45
ctgtgactctcttcaagccgtcagcaggctgataatgttatttatatttt,486.45
cgtatcggaaatcgctttgacttcgttgagtttgtgcgaaatataaatac,486.33
ccacggcgcgtcagtaatattattaagctgagaatggtattgttttagat,486.33
tttagcgataatcctcgtgaatgctataggataagtgataaaaataatga,485.89
ggaagacgccattatctccgacgcactgaaccacgcgtctattattgatg,484.85
ggatctccttatatgtggtgctaatacccggttcagagtagcatgtttct,484.54
actgtatgacgcggttgcgctttgttatcaaagatgatgcacttatcgac,484.01
taccgttcttgaaacgttgcctaataccatgttccgcgtagagttagaaa,483.38
cgccgttgctctcaatggccaacgtcgtcgcagtaccgcatattggatct,483.38
tctgtgcagcagctttgtcgccagcttcgatagctgcgtatactttcttg,483.1
ttacaaaagtaatccttgctatgggtggttaatcatgcgttaatggtgtt,483.1
aactgttctttcactagatttccgcgttctgctcgctttaaagtgtagaa,482.89
agtgatgataaaatttcaccaaaagtgaacgcttgtgttattacaataat,482.21
cccatttgcgaaacatgaatttgataaaacgcgggagtatgatgatattc,482.21
cagcgtacccagcactaccgccagccagccaatgatgattaaaatgattc,482.05
taacaaatgctgatattggaaatatctgatttgcaaattatcgtgttatc,481.07
gagaaggcagaagcgaaaaaagagagtgaagaagggatataatctctttt,481.07
gctggcttttctgctttttcaggagaataaactcatctacaatcttgcgc,481.07
aacaatccagaccaatttcaattgctgtcatataactttacactgtcgtt,481.07
gcacacttaattattaaaggtaatacactatgtccggtaaaatgactggt,481.07
aaggccatgattttaaccgtgtaggtttattttacggttatgatttccag,480.46
tgatgttgctgccagtgccaatggcgtgagcggcgattattttaatgtct,480.43
tccagcttgtcgtcaataattgcgatgaagagataaattaaagttaaata,479.74
tgatctttcgtgtgggtcaccactgcaaataaggatataaaatgcctgtt,479.74
ttgtgacccacgatcaggaagaagcgaccgaagtagctgatcgtgtagtt,479.74
cgcagatcgaaggtcttgcagcctgtgctcagcgcgtgtttcatacgcaa,479.54
tgtttcgctctggcttgcgctttacgggcttcccgtgctgcaataattgc,479.26
ggtaaacctatacgctttattcacatccaatgcctgatatactcgtttgt,479.21
caaaccggaaatgatcaggcggtgaaagccgattgtgataaagtctggca,479.07
tacattatgccattggctgaaaattacgcaaaatggcatagactcaagat,479.07
tgaaactggaaggctggagcgaaagcggcgcgcaggcgaaaatcgcgatt,477.48
tgatccactcggtctgcgtatcaccatgaatatgatgtacgatcgttatc,477.47
acgctggacaatggttttctgaaagtggttcgctcagctaatgtaaaaac,477.36
atgacattaaaggtgatgctgccaacttactgatttagtgtatgatggtg,477.09
tttcccgcgtttttatttgccagatgaatccatatgcgtaaactcataac,476.88
tatggagttcatcggtaataatcctaacgccttccggttattattgcggg,476.78
ggcctgagccttacattaagatcaacggtaattgctctataattggtact,476.49
aataaaaatgccgggttgaaataactttccgcatagcttaaaaaggaggg,476.39
ataccattggattccgccgggatctgataaaccgtgttatcattgcccat,476.39
tgaagtgatcgaactggcgaaaacaaactggctaaggtaaaaagggtggc,476.11
tgacacacctcgcacttgaaatcagcagcgattggtttatcgtgatgcgc,476.03
gttagtgatcggggattatagcatttcaatatttacttatgacattaaag,475.98
cagcggtgaaaaaaatgggcggcacgccgatccttggtatcgtgcttggc,475.7
agttttacatgaaggctttcaataagctgttttccctcgttgttgcatct,475.55
gcaggctatttcttcggtacaatcccgatggttcaggataaccttaagct,475.55
cctggcattcttcagttttccttcatcatatttcaggctaaggtgatcgc,475.55
tgattaactatttgatggtattagattagttatttactaagattgttggt,475.06
gtcagaagagaaaaagttgacgttaatcaattgttcgagatgatcaatac,475.06
ctccagatagctaacgaatcataaggtagaaacatgctactctgaaccgg,474.71
cgtacctgaattccggtgacgccgctgaccacatcattcagactttccag,474.54
gacacatccagcacttcctggttattaaccagttcgcctaaagtaatgtt,473.69
tccgcacctcggtctccacatttatggagttcatcggtaataatcctaac,473.07
tagccgtcgttacggctggcaataaagaataaactgggcacgatagcccc,472.96
aagcgaaccaaaggtaccgctgtagacattttgatagtaatctgccgtgt,472.48
aggaagccacctcttgcagtcatcttttcttcgctctatcctctgccgct,471.83
cgggaaatttttgagcgcggtcacgccgcagtcttgctaccctttgaccc,471.83
acggcttcaacttcgtcgatgtcgatctcttcatcgcctatactttcgag,471.83
atgggaagcgttgcctgctattgaacgcgccagttggttgcgcaaaatct,471.82
aagcacaaaacgcgtgaaaattccccacgctgagatgatttactgttctt,471.59
acttttcgttagcggctttttttttgttcagcaacgcactaccatacttt,471.36
ctttcccgtctcctctgttcataattcaaaccgtaactaataatgagatt,470.11
catcacctttaatgtcataagtaaatattgaaatgctataatccccgatc,469.68
aattccgggcctgttgaaatctcaggggctggacgattatatttgtaaac,469.62
acacattgaggtaggtgatgctgccaacttactgatttagtgtatgatgg,469.29
tgcatttgttagatgttgcaatggacctttacggtcgccatatacaagta,469.04
ggttaccagttcaaagtggcgatggccgacagtcggcgtattattcaggt,469.04
gcactcatctaacactttacttttcaaggagtatttcctatgaacgagtt,469.04
gtttttttaaaggctgggcattcggtttttacaacgttatgttatcaggt,469.04
aaagcggtgaaaaactcatgttttcatcctgtctgtggcatcctttaccc,469.04
ggcatcacttttatctgtgatatgaaaagtgaagtggtgtactgtcatag,469.04
aattaggtaaagggatggccttgttcttgaaggctatttagaatctcttc,468.94
aagagcagggtctgtttacgccagcgcgtttcgccagcaatatgttcgat,468.64
tggggcggcacctttgtcatcctgctacagtcttcgctatttttacgtct,468.64
aaaacctataattaattgctactaaaatattaatgaattgaaatggtgtc,468.12
taacgccagctgcttttgcaatctcgcccagcgaggtggatgataccccc,468.12
ttgtgtccggtgcgactgaccacgcctgacagactaagtaagatggggaa,467.53
ttgtgaagtcgccagcatcttttctgttcttgctgtggtgatatagtggc,466.88
ctttcatgtttcccattgcatcatgggggaaatcacggaagaatgcgcac,466.26
taactacggcgaggctatcgatctcagccagcctgatgtaatttatcagt,466.22
attgttaaaagcaggacgttagccgcaaaaagacggtctatgattaaaag,465.9
gcgcttgccgcatgtggcgaacgttttgcctatgttgatattctgcagaa,465.69
tatcgtcgcggaatctgctgacgagttgttggcgctgttaacatcagtac,465.69
ctactgggctaatttgtactttcccgtctcctctgttcataattcaaacc,465.69
cggctaaaataaaatttgcttaatctcaattatcatgcgttaatagctgc,465.39
tttagtttcatttgggcagtttataaacaaacgcgcggtagtataaaggc,465.39
aaatattgcaggggtgagttgaagcgcgcgcttaagcccccatgtcaaag,465.34
gtgaagagtatgcattgaatttgcctgctattgagacctatattggtcac,464.65
atttcgaactggcctgttgctaaggagtaaaaatgtcagaaactattacg,464.4
aaccttccggtacggcggtacatggcggcagtggtttaagcttcggcgtt,464.4
tgaatgagtcgatggctcgcgaataatccgattacggctacgcttctaat,464.4
cagtgcggcgagcgtcgcatgggggaagtttttatggtatttagctacac,464.4
actcagccggcacgctaagacaggagtcgtcaaatgatcgattatgaagt,463.56
cggtgatgaagtgatcgaactggcgaaaacaaactggctaaggtaaaaag,463.24
aacgttgcgccagcaacggcccgcagggcgagccacgaagtggcgagtaa,463.17
taacataacaccaagtaccataaacaccgtgatcgacccataatgtgtta,462.97
tgattgccctcacccgtttgccaacacggacatttggtacgctgatgagc,462.73
ccagacgcatcagtaagcgcaaaggaattgagcggatgtatgattttgtg,462.09
tcatgccgccaacgtaatcacggacggtaaaatccgctacgctgtaatac,460.68
cgggggttttttgtctctgctttttgccgcttttgtaatacagtctacgt,460.68
tccacggtaaacatcttcgaattttcgtccgacatgtctataacgtgttc,460.68
ctggacgctcttattatttatgccaatggcatctttattatgatttatct,460.68
attttcatggtcgcccgtcggcaacggcagaaatgccctataatccacag,460.07
gtgtaaacatcgtccatttattgcctggacggatcgtgtacagtggcaga,460.07
tcggtggtaacttcaacggcgacaacggcaccatcaactatgatcaggat,459.8
gcttcagcgattttgacgccaccaacacccgagctgttattatgttccgg,459.79
caaaatcatggtgtattgacatcatcaataaccaatgaaattatgcaatt,459.62
atcaagtcatgggccccataaaactgttttatctgctttaaaattgcaag,459.45
agcgcgacatcatgccgcgcaaaggataatcaaatattttactctatata,458.83
ctgccttaattttctgcagacaaaaggcgtgacgatggtcgaaaatggcg,458.83
gggtgcttcttttctggacagaacttcagtaactatgatattcaatatgt,457.94
tccagactcccccacaaagaatatggatattgtgatacacattgaggtag,457.77
ccggtaacgcccagtcgcagggtgttaccgcagtacggcataatggcatc,457.41
acgcaatcggcgtggctgaaccgacctccatcatggtagaaactttcggt,457.41
aaactcacgatgtgattgattacgcggtgaaagcgcaccagagtaaagtg,457.41
acgggcataggttaaataaaacttaaagaaagcgtagctatactcgtaat,457.02
gtactggaaatgttgaccacttaatcgggactggtgttattattgcccgc,457.02
tggtgttgctttatggttgcatcgtagtaaatggttgtaacaaaagcaat,456.96
aaactgttatctatgtatacttttaaacccaatccgtgtagagtctctac,456.82
gttacctcttaggttctgctctcttgtgagtatgggtttataatgatgtc,456.26
ccattcagctgggttgcttaatttgatgcgcagggcatacagttgtgatt,456.26
aaactaccagcaaaacataaatccccacgagtaagcgttatactcgcagc,456.26
agcggactggcttttgcggttttagcgaataataaattgcgttactttgt,455.57
actgtgatcaaacccgatcttttttgtcactttttgtataaaatgccagg,455.25
tttacatgtaggagccggagaaaactggcatcgtctggtaaaatacactt,455.11
tttgaaaactggagtttgcgaggcgggtaattagacactactttacaggt,455.01
gtgggcaggttcttaggtgaaattatgacaaataatgatacaactctaca,454.75
cggcgcgcgtgacgttgcgttcccgttcctcaacaacttaagcttctggt,453.9
ttcacggcacggaatataaaacgctgcgcggcagcagctacaatagctac,453.9
ttactccgtggttctggccttcgcgttcatggcgatgttcaaatataaac,453.9
cagagtcgtaaaattcgccaacgacgattattcggcgttacacttatcac,453.46
cctgcggcaaccagcattgccacctcctgtcagagtcgtaaaattcgcca,453.46
gaccgacccgaccgtgatttacgggatgggagagcgttataatggcaaac,453.25
gttacgccgagaaagttgcgcaagaaaaaggttttttatatcgtttaaca,453.25
gacagcatttttcacctcctaactacttaaaattgctatcattcgttatt,453.01
tcttctttggagtcatagtgccctttaagattaagatgtaatataaatac,452.9
aaagctataactgttaaacacaatacagtgaaaagttttagactgaaggc,452.43
agagcttccttttggtgtcgccttcccaggcgtctgatatgcttttgtgc,452.43
cggttagcgtctggtggttaggtatggctctgcgcggttataaagttgct,452.09
tccagccaccgtttgccgttttccgataccagtatggacgccataatacg,452.09
ttgctataaaggtgttgcccgaactcataaaaattaacaaaatttgtcgt,452.09
tgccttaattttgttgcgggaaaatggcgttccttcggtattctatccgg,452.09
tcggcacggtggcgctgttttacaccggctacctgctttaccttggtatt,452.09
atgcattgaacctgctggcaatcaatcccgataagcgtcacaatcgcgtg,452.09
tcgtgcggaagaatactcaaagcaaacttcatatttgataaggtatattc,451.79
tttgcgccatgtcggttgttcgcccagcgattaccgtagacaatttaaaa,451.4
ccctgtacggtctgctatagaccgtaggaccaaatacaggtatatattat,451
tcatcaaattccgttaccgtatgtctgagtttgtgtgatatcttatcgaa,451
acgctcacttggttaatcatttcactcttcaattatctataatgatgagt,451
ttatcatcattataaaggtaaaacatgctaacatcctttaaacttcattc,451
cattctgaatttcgccaaacgtgccactgaaggttttctataatagaaaa,450.78
tctgcctaagccgtgtaccctgtcattaacatgagcaccgttttctccct,450.37
gcgataccatcctccaggtaatttgttacggagtatggtatgatgcgcgc,450.11
ctaacagtgccggtgttgacgcaaatatatttgtctgtaaatttgaacaa,449.54
accgcattggccattggttgtgcaaccttgattatgtcaacattagggat,449.54
agacagtcgcctggcgatgctgggagaagagttcacgtttattatgctgc,449.54
cgcgagcgcggatatacaccttgccgcgaccggtacggtaagcttcttca,449.48
agcgacagcaagttaacctctttgctgtcggaacaaggtatcatggtggc,448.23
cagtaacacgccgcagcgagttgactgattagaactggtagactaagccc,448.01
gtctctctcactggatgttaaagaacgggaaaacggcgcagagtatagca,447.57
ggtgcgctggcttctttggaacttgcgcagcaatttgttgacaaaaatga,446.69
aacatcccgcgttcttccctccgaacaggacgatattgtaaattcactta,446.2
ccgtgcttaatctgctgatttcgcgcctgaaaatgaatattttctttgat,446.2
cagcattaaccagctcagtatgagccgccagtaagtgataatatatgata,446.2
aagtaaacccggttgttccggaagtggttaaccaggtatgcttcaaagtc,446.09
ctgagcggtcggatgttcactgatcaacgagtctggtttaggatgatcgg,445.82
catttctggtttcagcatgatagtgctccacaaaggttatatttgttgct,445.82
aatcgcgtgaactctggcgtgaagccgctcgatttttgcaaactaagtgc,445.06
tttgcaaactaagtgcgttgacatttgccgcaccggattatgatcgttat,445.06
catgcgaaatgtgatggtccatccgcgctgccgctggctaaactggaacc,444.99
aataaactgagcattctttttctctctccatcatgcttatggcaaactac,444.99
cgcctgctgtttttataaacaatgtattttcaatccgttatacttttcct,444.99
aagtcatatatgtttttgacttatccgcttcgaagagagacactacctgc,444.99
catacgattcggttatgccatcgacgcgtaaaggtttttaatggtttccc,444.78
tctctacaaattctgtggcattaatttttcgctggagtgaaaattattgc,443.97
attactgaaagagagttcccccttattcctgcgaaggataaactgttttt,442.25
ttttacgcctcaaactttcgttttcgggcatttcgtccagacttaagttc,442.25
aatctgacggtcctggtggaggcaaaatgaacaatgtaaaattactgatt,442.11
gctcctgaatcttaaagacaacggcggtggctacagatagaattgcaagc,441.92
ctggcggattaaacgtcgattatcgccgtacttcgcggcatactttgctt,441.8
ttttgatacagttcctgtccggctttattgaggctgatattattatcttt,441.44
tattctttggtgttatggcgagaatcgcgaacccggattattgtcaaaat,440.98
ccatccgctttcacgaagctttggatagatttcgttggtataatcgccgc,440.25
agggctttttcgtttagcctcatgtacgattctttgccaggcttaatgcc,439.27
tctctgacgatctctacgtgttcaaagatgccagcggtactatcaatgtt,439.17
cggcggcggataccgtgcgtaagctgcgttttctcgataaactgcgaagc,438.98
aagagaaaaaagcagcaaacttcggttgaaaaagccgctatgatcgccgg,438.98
tttgatgtatggagattgcgaaaatccccgcatcttgggaaactgcgcgt,438.69
cgctgtatctcctctgttctcctcaggaaaatcatagtagcatcgcgcct,438.39
tgctgagcattgtcaatcggttaattttgcgtgctttagcattcacatct,438.39
caagcatctaatgacttgccgaattaatgaggtgcaagtaaaaaggagta,438.39
aacaggaacataatttggaagtcagtggtgcgggtaggtacaatgccgtg,438.39
gcagctctttttccctgacccgtggcacaaagcgcgccataataaacgcc,437.66
aactgttaattcctgtcgcggttaaaccgctgtttcgataggatcaccgt,436.54
tattaggatgtttacatcggatttgtgattaagcgtggtattatttatta,436.54
ggggggttaatgctatttgatcatattggacaagttaatatcatgccaaa,436.54
tgagggggggttaatgctatttgatcatattggacaagttaatatcatgc,436.54
tctatattctgacctttattatcggcttcggcgcgatcatgctggttggt,436.42
ttgtgcataaaaacagggcgtcacgccctgttttgcattacggtggtgca,436.22
ccgtgcgccagttgtttcaggtagctgaaatactgtgtcatgatcggatc,436.13
tgtccaacggccacggctccatgctgatctacagcctgctgcacctcacc,435.59
tatcaatcttgataaatgtgttggctgtggacgctgttatatttcctgtt,435.03
tgaaagatatgtcgcttgttaatgtgcaggcactgaaggacaatcgggca,434.97
cttgatcgcctgcgccgccgccgatgcgcgtcatgagctaaaaatattta,434.68
ttatgcctgaaatccagtgtttatctatctttcccgctatattaactctc,434.68
ttgtcgcctcgacgttaatgtggacctgcaacaccatgtacattattgat,433.48
gcctgtttaaactgcagactctgggcctgactcaaggtaccgttgtgact,433.48
gttccgcagctcgcgttttcatcaaaccgggcaacggtaaaatcgtaatc,433.48
agcatcttcattgagttgcgatacatccagcgattgatcattattgactt,433.27
ttgctggctgtgcggttgcaatcgcaccaccggaaatgtatatcgatatg,433.27
ttttaatgccccgctttacatatatttgcattaataaaataattgtaatt,432.96
gagatttaacggcctttgaaccggagctgctgaaggaacataatgcgcgt,432.96
tggctggtcgataatttgcacacgcgtcccaacaggaacattatcaaaca,432.96
gcaacgctattcgactggtatcagacggatgaaatccctataattgccgc,432.96
ggtcggcaaaaaatcttcaccttcagctttttgctgattacgcttgcttc,432.96
cattcggcatgacaacattgtgaaacccggcattagatgttagaaaaaac,432.96
ttttctgtttatatagagtgagtacggctatttatgttattttaacaact,432.96
cagtatcatgcggcggctcgaaaaaagggtaagcacgttattatgttaag,432.2
tcggcggtagtgtgtgccactttctggcgatctatttgtatattgggcag,432.16
agtaaaaggtcggtttaaccggcctttttattttgtgatatgtatgaagt,431.1
gctattggcattgggtttgatcacaatattcggtttggtaaagtgagctc,430.96
tttactggatttatataaatataatcaacatgatgcctataatctttggt,430.82
ttgctttacccaaccatgctttactggatttatataaatataatcaacat,430.82
tgccttcttcgtcactggctttcgccggtactgctgctttactttgtgct,430.32
gagaaaggacgcggctgcggatgttaacgcttttgccgatatagagcggc,430.32
taggcatttgcacaatgccgtacgttacgtacttccttatgctaagccgt,429.72
gctgtaccttaccgtttttattgttatgttgaatcaagctaaaatgacaa,429.42
agaaacgttacgctttcgcggcggcggcctcttttcggtatactgtcctg,429.42
gtgttggttggtcgcagcggttcaggtaaaagctcactgctgaacgcgct,429.11
aaatcactgccacgcgcgattaactccattccgatccgtatcattatgtt,427.96
tctcggtgtcgccatcgccatttttcttggttttcgtaataatgccgggt,427.38
ccatcagcgcgtaccggcggttcactcgacgcctggtttaaaatttcaca,427.38
gctttgaagaggtatttgagaagatcgaagcgcagcgagataatctggca,427.25
aggagaatatcggcctggaagttgcgggtaaattgatcaagtattctgac,427.25
cctggattgttgccaccctgaacccgagcatcctgggtatgattgaaacc,426.83
gggctactggcgcatcaacttttcatcgcaatggcattactttgatttcc,426.83
gactaacgaatcaactgttaaagaaaagtaaattcagctaagttgattgc,426.26
tagaacaatttcatcggtaactccttttgtctgtggtttaaagtatggta,426.07
gcagatgctttaatcatccaccttaaaacaatataacctattgttttaat,426.07
cgcgacgggaccaacaacaattacagtaacaatcatggtaaagaagggtt,425.5
cttttttacattttattgtgaaattgggtcgcgtttcatacgattcggtt,425.5
aaacgcacatcgaaaacgtcgttcgcggtttcgttggtatagtcataaat,425.5
agtgaccagttttgccataagtattgctatccaggatataatttgaaccc,425.35
taaacctttttattcttgatgatgtcagcgagaagatggaatatatcccc,424.43
ggcagaaatgagcattgagagccagggcgctggcgatcacaatgaaaaac,424.43
gacatgtctttttaggaaagtactgccgaattagcccatttgtgttctcg,424.34
catttgtgttctcggtgatgctgccaacttactgatttagtgtatgatgg,424.09
tacagaaaaactctgttgtcgatctcggaacaaacagtaccattaaaacc,423.53
tattactttctgagacttataagtcaaacaatttttcctacacttttatc,423.53
gcatctttactgtgccttttgacattcgtttttccggctaagattattcc,423.53
aaaaagaaacctccgcattgcggaggtttcgccttttgatactctgtctg,422.71
cctatctcacgccgatgaccgtatttgatacttttggtattgtctccggc,422.71
tgggtctggcctatctcacgccgatgaccgtatttgatacttttggtatt,422.71
tcattgatactcattatgcgttttaacaaatcgatgataaattgatcacc,422.71
aaaatgtttatgcctggttgagtaaataaccttattgttagtatggatat,422.15
ggtaaatatctttttctgatatcccgttacgcaaataaataatatgataa,422.15
aatatctttttctgatatcccgttacgcaaataaataatatgataattat,422.15
gccgcttaatacgctgtggctttatctgatcctcggtattatttttggca,421.51
agttatcccttcctaaagtagaaaccaacaacaaagaagcataaaatcaa,421.19
tacattcatctgccgctggcgcttaatccacaaggcgctaaactttccaa,420.94
catcactgctgtgtgttgactcccacgagatgatcaatatagtgaaaatg,420.94
taagccctcaactttatgacatgacgcgcttattagctataatgcgcaac,420.94
ccagaaatccagactatcaatactgaccgaaccaagatagcatgttcgct,420.94
gccatcagtctcccacctgaaaacggaaagatgggtgatataatgtcagc,420.94
tcgaacagaccgttcgcgaaaaactgccgcctggattccagcgcagtgaa,420.35
tgttcgctacagcctgctgatccacgcggctgcgggtatcatcctgatcc,420.18
ccgcgtccggagtttatcggtattgcagagaagggcggtaatattgatgt,420.18
gggctgaaaattcggtgatgctgccaacttactgatttagtgtatgatgg,419.89
agaccattgcacccatcggaccagtagcaaatttgcgttatactcaactc,419.82
ttcattgcagttacattgatttcatcaatgaaatgtaaaaatatataaac,419.36
cccagtacctgatactaccccccagtagattaatagtgctatgatttttc,419.36
actgacgctgtcatttgttcatggcgataaaatcttttctattattaaca,419.36
ctgtgtctgccaactcgttatctgcacgccaacagcggtatgatttcaaa,419.36
gcctgctgcttaatgcattgcagatgatttgcttccgttatactagcgtc,419.31
cgcccgttgcagcacgaaggtgaaagcaaaggtcgtttaacgctgatcca,419.11
aaaacaaaatgtttatgcctggttgagtaaataaccttattgttagtatg,418.8
ctgtcttggtatcctggcaaacctgatggtatgtctggcagtatggatga,418.27
ggaattttctcgagcatagccagagccgcagaatttgctacggttatagt,418.2
tcagaactgtcaggctatagctcgctgaaaagcgaagtaaaatacggcgc,417.96
atagcgtcagtggtgttaggcacggcattgaatgacaggtatgataatgc,417.86
ccccgagtgatattttaccatcaacccgaggcctcctatatgctgaacac,417.52
tgatgctttgttgatgggaaaaagtaagcgcgcattgcatattcttcagc,417.52
catacaggcagggctattcctggtcactgttgtcggtatatactggtatc,416.93
atcccttcctaaagtagaaaccaacaacaaagaagcataaaatcaacatt,416.48
gaaggcttctcgacgctggaagaattggcctatgtgccgatgaaagagct,416.1
gatacgttaatgcaatgtgaaaaatcacaacgaaaacgcataattattga,416.06
cgttcgtgcgctatacagcaaatcagccctaattcaggtaaactgcggat,416
ctcatcgttctgtggttaaaaattgaaagtgttctgctaatctttcggat,415.6
cgcgatccgcaaagtggcatttacctgcaacgtgggttaattatctttgc,415.6
aaccgcaggttaacatctcgctcgatagcgctggtggtaacatcatgtct,415.59
gacgatttcagtggcttgatcattaaagctcagggccatattgtggcggg,414.92
aagtcgttttagataatgcgaaaaaacagcctttccggtactctacggcg,414.92
agcagcaaacttcggttgaaaaagccgctatgatcgccggataatcgttt,414.92
taattactaaggggtttttacgtggatcatttgcctatattttgccaatt,414.86
tacgcgccgcctgcccgcattgaagaagaagtagcgactatacttgcagg,414.24
ttaagtactgatgattgacttagcccctttttcggcattgactatgtcgt,414.13
gccttcagcatgcattcgccagaaaagagattggctgctttacttataat,413.63
acgcgaagataaaggtgccgccgcagatgttccccgctaaagtaggtagt,413.62
ctggcacagcgcgtctttgtttacggtaatcgaacgattattctttaatc,412.92
gctaacatgtcactgttggcaaccagtgcagcgattgtcaaaatgttgta,412.64
cggcggataagctgttcccgttctttggctttaccgccgagaatattgtg,412.64
ttactggatcaacgtcctttcgaccagaccgattttgatattctgaaatc,412.64
ctttagcagatttggctgaaggcacagaagtcagtgtcgataaccagact,412.39
ccgccgggttgctgttgacgctggcctttttgcaattgatcttaatggct,412.39
acgttcagggttaatcagcccttctttcaccaggaagctattctcaaaga,412.39
tactggctccagttatggtgatccggctaactcctttaaagtgggaagtt,411.17
tcgctccctggctaatggaaccggaaagcgcaatgtgttttagtagcgaa,411.17
tcaataacaaactccatcggagtgtaatcatcattgactaatatcacttt,410.97
actttgatttccgcgatgacgtttctttccagttagtcaaaatggctcag,410.87
tattctcgtggtcatcgacgcaaagttagcaggcgcgtatcctcgcagat,410.53
cgtagctgccgatagttgcgtagactcgcgctaactgtaatggtgttacc,409.69
gcgttcaaccgaccggaaggtggtgcctgttttcgtgttacacttcccca,409.43
ccggggcgattcaatttgctaaaccatgtcgattacggataatgaacagc,408.91
ttgggaagcagcggtgttgtcgccagccattgggcgctatcatggtgtac,408.91
cacaaagttatgcacttgcaagagggtcattttcacactatcttgcagtg,408.91
aattagccaatatctgacgaaaatcggttgaaaaagtggcataatgggga,408.91
gcgacatgccagaatgattaatgaaatatcaatatgagaaaattacagat,408.91
tgcgcagctaatcaagcgactatcaaaggatttatgtctaaggtataagc,408.91
tcgtttttttcgacttctttcatgtgatggcttctgataaagataaattt,408.91
aaccgttctgattgttgtatgcatgttttttttatgctttccttaagaac,408.73
tcggccagatattcgacataggtacgtgaaacatccgggctgaaaattcg,408.31
tttcatcagtaatagttggaattttgtaaatctcccgttaccctgatagc,407.33
cagcagaaatgcgcagtgaatttgcacagctttttgccgattacgaaatt,406.88
ccatttttgtgcttgttgcaaacggcgggaaaaaaaagcaatgtcgatag,406.74
ctggcacgtaacatggtgactcagtggggcttctctgagaaattgggtcc,406.73
ctttagcgatctgctggaaaaactggcgattgccccggaaaatgtggctt,405.94
tttcaatcaacgggtttattgctataacttggtgttttataatataaagt,405.89
taatatttcctttgctgcgattttttcaatttccgatatattcataattt,404.96
atttagcactttcctctaccaaaggcagtggaattaataatatcatttca,404.96
tatgattcgcacagtttgatcccggcgattttggcaatagcataaggctc,404.96
tgttacctgcttaatccagcaataccatgcctgtctgctatgcttttttg,404.96
cccggctcgaaagggaagcagcgcacgaaatattatgctaaaatccgccc,404.95
gcagggctggttgttgccggtgtttatgttgcctatggcagtatatgcac,403.8
gcttatatcgccagtattgcgcgtattacccgtggctctatgattgaagt,403.19
taatctggtgtctcattgttagccgtctgaaaattcaataacatcaaact,403.1
ttttcaaaacgagacagcaattctttgctgttatcggtcaaactaccgga,402.9
tggccggatagcccttcgctctccggccacttgcaggctatgatagttct,402.58
agccgcgggcgatgttgacgcgctgctgttcgccaccggaaaatgtcgat,402.58
ttacaggttgcccaacgcaaaaatgcccggaaggtggtgaaatctaaatc,402.42
ggcgcgattcacctgagcgcaacattgagattatttgttaagattgttgc,402.37
taattaaacaccgttgcccgcattatttcccggctgataaagtgttctcc,401.69
cgcgtctttgagcgtgcggtatccgtgctgggtaacgtaagcttgtcgtt,401.57
agggttatgacgaatatcaccttacagaaacaacatcgtacactgtggca,401.43
tcgaagaagaacgtgttgcgctggtagcgaaaattggtgaaaacatcaac,401.24
agcactgattacaattatacctttttattattctgtgtcatgatgcttcc,401.24
aaaaggccgtcgactggacagttaaccgattcagtgccagatttcgcagt,400.07
acgccttatccggcctacaaatccttgcgaattcaatatattgtatggaa,400.01
cactgcaaggaagaattactaaagagatcatcaggcgctatcatgtcgat,399.23
actaaagccgcagcacagaaagcgccggcaacttgtgaaacgataaaagg,399.23
gcacaacaatcgcagttgcaattattgcgtacagccagtacattctggcg,399.07
aggtatctcatgaagtcgactttatgaccgcctccagctacggtagcggc,398.91
agatgatgaaaaagactgccgcaattatttctgcctgtatgctgactttt,398.84
gaccagtgggtcggaggttcgaatcctctctcgccgaccaattttgaacc,398.83
gaagattcatctggttgaatatgtgccgattgcgcggtggaatgatcaac,397.91
cctaaggttgcgggcaaacgcaaaactgcctgatgcgctacgcttatcag,397.9
ttcaacagcgttaactgattcgccaccaccgaatgctgcaaaatggcatc,397.9
gcgtaaacccatactggcagtacatcatcaaaggggcgattattatcttc,397.89
ttcaattttatctcatggtcattgtgagtcagcggcgtaaaattaatgac,397.72
gtggcgtacgtgccgacggtgtggggctaagtctgagctacgataaaggt,397.55
acgtgatgaagttgcagattaaagtcaacgatgaaggtatcattgaagac,397.53
tcagttactggagccttccgtcaatgacggtgcgtctgtatcatgacgcg,397.21
gatgaatacggtactggtattgctggtcattctggtttatttaattcagt,396.88
atctacaggaatcttttcagtttttagagcccatactttaaactggtaat,396.88
tgtcggttattgccttttgtccctttcgatccaatcagctatgctgccgg,396.88
tttgttaaaaataactgttcggcgatttcttgaacggcataataggttag,396.88
cgactaatgcatactttgtcattcttcaactgctccgctaaagtcaaaat,396.88
gagaggcgtgcatcaacttctgttgacacgcgaccgggtacgattttgag,396.88
aaatagctttttatcacgcaaataatttgtggtgatctacactgatactc,396.88
ccacggccttatcatgcttgcatccggcaactaactttggataatgcccg,396.88
actttgaccaatcctctgagatggatcaaagaattgcatttaaaatgagc,396.88
tcagcagctggataatgatcgacgccgaaatatacggcatgatccccaga,396.88
tgaagcaaaataagagttgaggtttggttatgtcgattacactgagcgac,396.25
aatcctctggcctgtgcagtagcgggggcggcgtttgatatcatcaatac,396.25
ttgaatgacgtgttgatgccagcatcattaagtgatgataaaattatcaa,395.87
gtgacgaccgcaactttaccttcgagagaaaatgcacttaaaatcataac,395.87
cttgatctgcattatcaggaccttgaccttaatgaaggtagaataaatat,395.87
tcagttatccctgtgtctgcaacatttccacgagaagctatcattgttat,395.03
ttaacaaaataataaccctgggtgagttaattataatataattataagtt,393.81
agccgcaccacgcgtttgcctttttgcgcttcccgcagcaggatctggtt,393.81
tttcagtgttcagttcgttaattcatctgttggggagtataattcctcaa,393.81
tcggcactctgcgctctacctggctaagttcgccagaagtccccgtctgg,393.63
atgtgctcgatatcgcacgtgaacatcactgggtgacgtatgctgaagtg,393.63
tattgttgatgccgtcgcgagtgtcacacatatcatgcaggaaatcgccg,393.59
cgcgccaattcacgggcgctatcaggtgtatatcaactactatggtgggc,393.59
agttatcgtgttaaccggtaaagataaaggtaaacgcggtaaagttaaga,393.59
agcgtgggcaaagcagaagagaacaaatcggacagctggtttaattaatc,392.87
ccctaccaaccaggaaataatgcgtgcaactgtgttttataatatcaagt,392.87
ccaggcggtaatcgttaaagcatgttcatagacatccgttgtctgtcgtt,392.6
cgaagtatctgccgacagcgatgctgacgaaagcagtctatgctgatacc,392.59
ctgacctttgcggcttccgggaccagaggcagaacgtcatactccgtagt,392.5
cgatggatattgagtgggcgaaagatggccacaccggtaaactgttcatt,392.01
tttcatagcctcgctttatgcggggctttgttttttgttacactgccgcc,391.63
aacatataatgcgattggcattaacccgcttttgtcgatataatatataa,390.87
tcatattctatgtatggcgtaatatcgggcgtcatatggtattgtagaac,390.84
gttctggtgttcaggcgattttcggtactaaatccgataacctgaaaacc,390.32
tacatttgccttgttttatgaatactcctgaagaggtgtataacataatg,390.1
tctaccaaaggcagtggaattaataatatcatttcaattattcttcagca,390.1
ttgggcggggggtacaaacgctgatgatatgcgccttctatacttaacgt,390.1
tgctttaaaccagaacgatgtgctggtgtacggtcatacccatctgccag,390.1
tatttactgaaaacaggtgacccgataagcacttcctctacaatgggggc,390.1
gtgccgtagctaaaagcatctaacgtcctttcttcaggtatactcgccgg,389.32
ccactaagtcagccgctggagtttcggcgggaagggttgcaacatggggt,389.06
acctctgaagcgcacaccacttacggtgtaatcggcgttaaagtgtggat,389.06
gggattttttgccactggtcgctgttgctggcgatagttactctgatgct,389.06
ttgcctgtagacgcacagctttcaggtgatgaaccagcgaaactgcttac,389.05
ggggagggtggcgagaggatttacacaggctgacactttatacttttcgc,388.27
aagaggtcggcaaacggctgctggaggagatggagtggtacgataactat,388.27
ttgcggtaacagcatcggtcaggaccgtcgtttcctgtttaaatacatgc,388.27
aaggcagcctgtggttgccttttgccaataattcgcacacattgcgggtt,387.86
tgccagtgatgcaaaggtagtgcaagagctatggatcgtataattgaaaa,386.5
atcaactgcccgtgttgtcatcgaccggcgaactccataagatgtgcagc,386.38
gatcaagtatgccagcttgcacggaatgcaggcgatgccattatgcaggt,386.3
gtttacaaaacaaagtgtacagaacgactgcccatgtcgatttagaaata,386.3
tttaaaccaattgtcgttgaccttcgtcagcagagcttcaccattgaagg,386.11
taaaaactgaagtactcccagatttggatcgccacgatatagtatatcgc,386.11
ccactgaagttgctgttatctccttgaacggtgtggtttactcctcttct,386.04
gcggatgcaaaagcgtgcgcccgggcacacgaaaggagatattacgcagt,385.81
ttcttttgcaatgagacaggcgcttcctgttgttatggtatagtaccccg,385.61
gcctcattacgccacttttttctgagcgctgcggcgttaaactggatagt,385.51
cagacggcgctcttgcggcatttcgccgagcaatgagctatgtttgaacc,384.86
gccatcgcaatgaatagctggtccgggttaatcgcaggcgttaccataac,384.86
atttttccgaatgattgttttctggaactaaattatgtaaaggttatgct,384.86
attgcgccctcctcttctctccctccccgactatcatttaatctggtgtc,384.86
agatggatcaaagaattgcatttaaaatgagcgtggtgcgataattactc,384.86
atgcccatggtttctcgacttgcacagctgaccgtgatagatgtgctggc,384.52
gaccgccgttggggcgtgcgggctgatcgtcaccgcgttattgttgatgt,384.13
ccagtaccagtttagtagctttcattattaataccctctagattgagtta,383.85
ggataatgaacagcattgcttatcagagatatgcccccatatgttgaggc,383.64
aagctgccgttgagttgattcagccaggtcatcgggttatcctcgattcc,383.64
tgtgctggcgcaggcagaagcgtttcgcggtttaggagtagaaattaaac,383.64
caggctgtggccgatttatcgcgttttgaaaatgggcaagaattaccgcc,383.36
aacaatacagttctttacatttgccttgttttatgaatactcctgaagag,382.67
actttttgcgcctgatcgtccgggagctttttacggcttaaaatcagtaa,382.45
ttgagattttattttatctgaagaaaaagattcgtgttatcctttttatt,382.45
acgacatgcaattttgcgcgctgataccactcacgcgttaacatcgtatc,382.45
aattgctgcgcttattgagcgtagatgccctgatgcgtaagctgcgtttt,381.98
gtaccgattagcgaataccagtaattcactgattcgactattttctaaag,381.75
tgctccgctcttcttttgccgatatccttaaccatgccgataacgtgatt,381.75
gcttttcgccattatagctaacagttaataaattgtagtatgatttggtg,381.61
gaagagaagaaaggcttcctcaaacgcttgttcggaggataagttatggc,381.19
ataattgatcatgggttgtcagttaaactcgtggcgatttaaatagacta,381.19
gggacaatcgcgttattttctcggaattggcgctacgttagtattaagtg,380.32
ctctcacgagtgactggtttgaacgtgcaagcccacgtattatcctcgct,380.29
ttgtgatacatgtcaaaaaattggttgaccaaactcgttatttatataag,380.29
ctgttggtacaaccgttgacctgccgtcagttgtgaattattggtacgca,380.29
cgcgtgaatgcctctaccctgaaagagccggaagaaattaaactggcgat,380.29
cgttcttgcaccgcggtgacaattgccaccactcgctcaacaataaacgc,380.22
caccgccaaatcgcttgcgcacagtgctgctttgcggcatttttttaaac,380.08
gatgtatttgaagctcgccatatgcagcgtttgcagggcaatatgggcat,379.94
ctccgttcagatggttgccatgatgccaggaaatttggcattttaacagt,379.24
ggtatagctgcaactggcgagttcgcgtattggtctgtatgatcatacat,379.1
tcacgaaaatatcttcggactctggaaattggtgtgataactttgtcagc,379.1
gcccttgctcttgatatagctaaagacaatttgtgggttaatatctacct,378.95
ctgctctggcagcggcaacgctggcgctggaaatgctgtatattcaggcg,378.95
taaaaacgactacttgaacgaaagcctgccgtcagggcaatatcgagaat,378.95
atagtgcgatcgccggtgtttatgcaaaatctgatgacggaaaatcagcc,378.84
caggcgtaaaaaaccaaaggcattggaaaccagtgagttatcgtattgat,378.84
gtagtaatcataattcttgacctctctttacttccttttatggtaagggg,378.33
tttctgcaatatcagcgccgcaactgcacgtattccgttacaatggcctc,378.23
gctgtgacagtgccttaccgagagagcgaaattgtggtgttctagggaag,378.06
cttgatctactacaaggcgtggtcatgctggtgcagcagaaaatagcggc,377.63
atgccgggttgcgcggtgaccgaggttgagattgatggtgtactacatga,377.63
acagctttatattgccagtgccaccgccacctatatggtaggttgaagac,377.46
cgcctggatatcgatttcacttttgcctgcgaagctgaaatgctgatttt,377.27
tataacgaagcctgggtcaaagataccaacggttttgatattctgatggg,376.84
aatttaaataggattatcgcgagggttcacacatgttatttactatccaa,376.74
tttcgcaaagcgatttgaataagattgaatgggtgatgcagtatgaaact,376.58
gaatagtaatgagtcgcatcattaccgattcatatcaataatctattttt,376.52
atttcaggtaaaagctccccctaccctccgcagaaggtaaaatgaaaaag,375.74
gttcatatgtcactgttgggagttgtaatgcaatataatacgataataat,375.31
acgctgattttccagctcagcagtcgctttacttctgctaacataaccgg,375.24
tcgaacgtaaactcttcaccctgaacacgggtcatgctataaccgcgtac,375.24
tgataaagatgtgtttttcgtgctccggcagcgcctggtaatctatacgg,374.97
acgctgcaggaaaaaggcgcaaaccgcgacttcagctttatcatcaaaca,374.9
tatcgcgagggttcacacatgttatttactatccaacttatcataatact,374.6
gtgttctagggaaggtgcgaacaagtccctgatatgagatcatgtttgtc,374.47
aaaccgccgccgacgtaacgttccacatcaatcgagctaaaatcatgttt,374.32
taaagttctgcaccatcagcgatggatttattcgatgttagactcgataa,374.32
catcgcgccgcgcttgttgaaaacgaaaaattgcggctattttacccatc,374.32
tgagactaagcagttagtgtagtaataaggtgatcgcatatgcttcaaat,374.13
taaggctgtgcctaccttacgttagttggggcagtatgttatataaccaa,374.13
cttgattaaggctgtgcctaccttacgttagttggggcagtatgttatat,374.13
actgaaaccatgattctgcgcgacccgttcgacgcgtaattctggtacgc,373.67
aaatgcgttaatgctcaagatcattcccatcatgggttaagattaatgtt,373.62
ttatggaaacggtctacgtcctctccggcaaacagatttataaagatatg,373.17
tccggcggttattcctatcctgacaaggcatcgatggctataatccttcc,372.98
cgggcgaaattggcgcgggacttttggtgttattgggtgtcgaaaaggat,372.98
tttatcgcctcggcgatgctttccgccgccggaaatgaatattcacagca,372.85
tgatgggtgagatagagaatgagtaaggcacgcatgccgtaaaaactgaa,372.85
aaacgctccagagggttaacattcttcgcgccacattgtagcatcgcggt,372.83
ctcatactctcaataaatccctgttagtaaatgctgctattataactcat,372.83
tggtctcgccacgtttgacaaccagctcaactccggtgaggatggagagt,372.83
attttttcttcacacctatacactaaggctataaatgatatagtggttat,372.83
aagatagcatgttcgctgacagcggcggcaaataaaggtaccctgggaat,372.83
ttcggtactgcgccgttaatgatcttcagcgtgctggtattctgggtgct,372.83
gcggtctttcactcaccccgatagcacggcgcgtcatagtattatcctct,372.83
atcctcaccataaagttgaataatataatttttttaaatatattattgtt,372.83
taatccactgcaatctattgttatattgaatcaaatcaatgaaaatagat,372.83
gatattaccaaacgcgggtctgcccgcgtcagttcactaagcttagtccc,372.31
atcgcgccgatgctctgtttgcattgggaatcggcatctatattttatat,372.31
cagaaatcacatttatctgccactttagtgacagggttaaggtagcgaac,372.25
agcattaaatgcgttaatgctcaagatcattcccatcatgggttaagatt,371.63
cctatatgcagccgatgacgctgtttgatacttttggtatcgtttcaggc,371.52
tgggtcttgcctatatgcagccgatgacgctgtttgatacttttggtatc,371.52
aattacatgggcgaacaaaaaataatcacaagctgacttatacttgaact,371.52
atatcaaggcgggtcgctttgttggtttgacccggtgataaagtaaatgc,371.38
ttctgaaaaatatgtctgacggtaaccaaatgcagcaatacatttgtttt,370.31
gtggaggattaggtggtgaaataaaaaggccgttgggttactcttcaggc,370.22
caccaacaaaaaaaaggtttacaccatccccttgccctggtatcttacca,369.03
ccctgacggaagtggtgcagcgtcgtgcgcactttagctattctgactcg,368.88
ctctgttgttaaagggttgcgcaacataccgcgcaaatgatactgatcat,368.62
gttgttaaagggttgcgcaacataccgcgcaaatgatactgatcataagc,368.62
tggacaatacgggtgatgctgccaacttactgatttagtgtatgatggtg,368.55
tgagcgcaaaaaaattcatcagtggtattaccgcgccgatgatcttgagc,368.43
acaggcaccgtagcatttgtccgttataacgcacaagtgataaacttccg,368.32
tcactctgttgttacaggcacctaaaggcggacacatctataatatatgt,367.94
agaaaacaatcataaggtgccgtatgttcagactatgttaacttatcatt,367.92
tcttttgatgtgaaattgtctttgcactgcgatttctgtactgtgatatt,367.8
aagacgtgcaataccttgcccatgatgataaatatcagcaaaatttccag,367.8
cagcgtttcccggctctttgaacagcgtgggttatggtagatttttacct,367.8
attttttgatagcgtgtagatggcatggttttaccctgtaaaataagctt,367.8
atttaaagaaccgttatttctcaagaattttcagggactaaaatgaacag,367.65
ttgagcgatggtcagctaaaagatggcggcaaaggtattaaaatcgatga,367.36
gcgcacgcggctactaataaagcatcaggattcctgctatccttggcggg,367.07
tgagttgtgattaatagatggttgatatcatttttatctaaaattgattt,367.07
aaaaccagcccacgcgtgtgatcctgttcaataaaccctacgatgttctt,366.99
cgtgtaatccgcttcgagatagaatgtgtgctgtttgttatactgtgcac,366.99
ctccccaacagataagtagttttttcatggatttatgcgtaaaatcaaga,366.99
ggcctggaccgcatgttgccacatgctcatccgcaggatttaatgcaaaa,366.99
gtcaacaaactttttgaaaaaatcgcgcgtttattcaaacttcaatcaat,366.82
gaaaaattccttagattgttttcttcgcccgcaggcataacatagataaa,366.82
atgtcggatatctggtggtgaaatactttatgccatgataatttaatacg,366.82
ccgtgttcttcctgtggttcccgtcaggtctggtgctgtactatatcgtc,366.82
tggggtaaatccacccctgcgggtgacgaaatatggtaaagaaaagtgaa,366.82
tgaaaacgtaaaaaggttgggtttcgatgtattgacgggtaaactttgtc,366.25
tggtaaagggatgttgatggcgattgagtttgttgataacgaaatcggct,365.95
ttgtcatctctgatgaagattttcgtcactccaccagcaataatttataa,365.68
gcgcaacaagctggttgcaaaacgattgatggatacggcatgttgttgtg,365.48
cacaagaaaggccagatcgaatacattccgttcccggataaactgaaagg,365.48
gtgcaccatcttcttcattttgcgcagcaatcagcgtaatacgacgcagc,365.02
acctgattattttttgcgcccagcgccacaaaacgtgcaccatcttcttc,365.02
aatgccgggttttgggtagtcctgaatgcttttgatgctatttttgagat,364.81
ttttttaacatcattgtagcaggtgatttttttcaggcgattatttgtgc,364.81
tttacaaaaatggcgatgcaatctgcggcgcggggtgggatgatagccca,364.09
ttgaattcaaaatatcgccgcgcacctgcctgcctgaataaactaaaggg,364.09
ccgtcataaaaagcgaagtcttttttgtgacatttcgatacaattgcgga,364.09
ccgctttcgccagttctcccgcgtcggcgtattgcagggttatactgcga,364.09
cgtgtgaagaagctgcagaaggtcaggtcgtttctccggtaaactttaac,364.01
cagtgataattatcacatttcaattgcacattaatggatattctttaata,364
gcgtatgaacgcctgttgaccggtattcacaacgaagacaccattgagca,363
gggttgtgcagcggtgcaaaagaagctgcatctttgataccctgaataac,362.88
taatttgtgatgacgccagtgcggcatcattgctgtgtaaactgggtttt,362.83
attaccgtgcccgaacctgttcactggcggttacaactatcatggtaagc,362.32
aacagcgagccgagcatcaggattaacggcatcacaggtaaaatggcgta,362.32
tgttgatggcgattgagtttgttgataacgaaatcggctataactttgcc,362.23
tggtcgacgcatgctacagccctgtggagcgtattgcctacaatgttgaa,361.68
cattaacaggtgccacatgcagcgcctgctaatgttgtaagcttgtaggt,361.21
gcctttatcattaacaggtgccacatgcagcgcctgctaatgttgtaagc,361.21
ggtctggatgatgcgtctattgcgaaagcgtgtgaagaagctgcagaagg,361.06
gctgggcgaccgtaacctcgacaacgacgatatcgaatataaatatcgtc,360.8
tcttttccggcgtttgtacggcggttaaattcaggtgctacgataaagcg,360.8
aataatattctgtttagtcacggtttataaataacatgcataatgaaatc,360.8
attatcatccttcgtggctgtgtagtggatgtacagctatagtttgttat,360.8
tcgttgagactctgagtgacagcgcccttctttccacgcatactgggcgc,360.8
aacttggatttctggatgacagtattcaacaaatttgctagaacttttaa,360.8
gaaaggcgctgtgcaaggtatcgctgaactgattactcgtccgggtttga,360.76
tggcggtaaaaaaatttgcatggtatttaaggactcactatgttttccgc,360.37
caggatcccaggtctttctcaagccgacaaagttgagtagaatccacggc,360.37
gcttgcccgactcatgcgctgatttgtgtcgatcgtaataaacttgaaca,360.35
tgcctggatacttaccgcgaaaacagcacgcctgacataaaataaatatg,360.3
atcagcggacttttttttgcagtttatggtctattgcatagactgagggg,359.8
ttttatccggagcgggaggaatttcgcgcatattgtagaaaaatagcgtt,359.59
tggctctactggactggcgataccacctggggaacggtattgttagtgtg,359.59
taacgcgtgatgtcgttgatgcggctgtcgcattgcgctctaatgaagaa,359.46
agtaagcgtgaaatgttgccggatggcacgcatccggcaatgatatttat,359.02
tggtcccagggactggatttcgagcattattctcgcggtattattacttt,359.02
cagttcctgcaccagtaccgacgggaaacgctcactgttatcctgaatgg,359.02
ccatgtcattgagcttgcccataaacacgtttttgttaacttcttgctcc,358.97
gccggatgtggcgtatccggcccgtaaattcaatagattacaattctacc,358.97
atagcgggatatctgtcgaactctgtagcaaggaaggtaacaataacgct,358.57
tcatcaatatctttgtgtcccagatggtaaaggggactatacttgtggtg,358.52
tccggaggcgaaatgatgacactggaagccgacagcgttaacgtacaggc,358.52
ctcagattctcctgatttgcataaccctgtttcagccgtcatcataggct,357.9
ggccaaccgccggggtgattgcgctggtggcctgctttatgatcatggtc,357.88
cggacccggaagaaattaaagatcgtctggaaaaacaggtagatttgatt,357.69
ctgtcgaactctgtagcaaggaaggtaacaataacgctacatttgctggg,357.24
aatgacaaatccttttgctggttaacctgtgtactgtcctacacttaatc,356.99
caggcgctgcacaggtgtagatccgagacgttatgctttacactaagggc,356.99
aagcctgatgcgctacgcttatcaggcctgaatttccatacaatatattg,356.99
actcagggtgtgcagcaagctgcttctgcatcgcaatgttatactggatg,356.99
ctcgccgcccaggctttatggcaactgctattaccgcttattatttttgc,356.64
tattactcgtggccgtcggtcagatggcgcaaaccatttatattccagct,356.64
cgagaaattctcgttcgcgggatgtacgtgcgcggacgtaaaatggtggc,356.64
gcgcaggacagctctcgacgccgccctctgtgctgcctattatttatggc,356.48
ttggtgatgttggtcattgttttttggactccctcattataattactggt,356.45
tcagctgctgctgaataatggttaccaggttgctgacgatatagtacagc,356.36
atcgcagaaagttaacggatgctgaacttgaagcgtgttatcgttacgac,355.61
acgataaagacgatcaggatgctgattaccgatgcggtcataataagttt,355.47
atctgctgaataatggcacaacggagcaaagtgatgtaacagaggtcagt,355.03
atgttaatcgaaacaagctttaaccataaagatagtgtagtatgttgcgc,354.8
catctcaaatctgtcgtggataaatcctccgtagcctttacacttaggta,354.79
tattaaacaaatgtataattactttatttttattgggttaaactatgaat,354.79
ttaacgctttaccatttacactcacctgaatcaggttaatgtaataaggc,353.94
aggcaaacctgcatttgcgccggaaatgccgctatggttcaacttaagcc,353.69
ttgctggtggtggtgttgcgctgatccgcgtagcgtctaaactggctgac,353.68
ctggttcatagatagcctgtcgttaaattttcgtcgaccgtgcgcttccg,352.94
cgctattgattaacggtagcctgaatattcttaatattattattagcggc,352.94
ggtgaccgctatgtcgaccacaccatgttcgatatggtacagtcgctgac,352.94
cagcggcgaaacactttatcgcgcaaggcaatggcggcaagattatcaat,352.94
cgcgaatcttctcaacgtatttgtacgccatattgcgaataatcaacttc,352.94
cgccgaagcgagcattgtttttggctttgcgcgttcttattttatggttt,352.37
ccccgcactccccttttcccttttctccggcgacggctaaattagaactc,352.26
cgcgaatatgcctgatggtgcaacaccatcaggcatattaaattatgctt,352.22
atatgcctgatggtgcaacaccatcaggcatattaaattatgctttcagt,352.22
cgttcaacaactgggttgctctgaacaagaaaggcgctatcgtaaccggt,351.72
ccgccacctatatggtaggttgaagacataaaagcaggtaaactgctgtt,351.72
ccggccatcagggttatgtgctgatccagaccgacaactacaatatcgaa,351.04
ttctggcaagggctgtcgcacctgaacccaatcgtttatatgatcagtgg,350.74
tgatgcaagcggtgctggatttccgcgttgatattggctttattgaagga,350.74
acgccgcgacgaatttgtaacgaggagaaaacaatcataaggtgccgtat,350.02
attaccacaatttaactgtggatttatttggtcgtgtcgataatttattc,349.42
tgagtcctgaccgtcaccccattgaagaatttttgcggtaagctgatgac,349.27
accgtccattctgatgttctacgccgtgaattacccttaatgttgttggt,349.27
ttctgttctgccatactctctgaagtgaacatcaatgatatgctctttgc,349.23
ccgccgagcacatgtttacgtctggcactgatgttgatattgtcgcgaac,349.23
ataagcgctaacttaagggttgtggtattacgcctgatatgatttaacgt,349.14
aaggattaattaaattcattcctggcaggaaaatggcttaacatttgtta,348.92
ctatcaaacaggttcaaattaacaaccctggcgatgtgtatactaaagcc,348.9
aaagcatgaattgctcgctctgccctaagtggctgtgctattttagaaaa,348.9
aagaaacgcagaatagatctctatgtaatgatatggaatactctggtatt,348.78
gcaggagctgcgggcgcgatttctggttcggccattgttaaaatcatcga,348.78
agacgatatttgcgcatagcgttttcccacaggtgacttactataaccgt,348.78
ttgtcatgggggcattggttaacaagtggacacatgtcaacatcccgctg,348.78
gccgggtttaccggcatgaagggaaaatcattatggatataatgagaagt,348.78
atatactaactgattatcgttataagtgattcctgtcttatacttaacat,348.78
aaggagggttgggttttcagaagtaacagtaaaagtggcaaaattattga,348.38
agatataaaaacgtcacaatacaccgcgctgtttttacttactatcaatc,348.11
ttaccgcacagtttacgtcgaagcggcagataaacgccataatgttatac,347.99
ctgacaggtcatttagattgtcaatatcagaatcatggtaaattgatgtt,347.8
tcctttgcaaagcgtaatgtttcaaatgcacaaaacttttatactctaag,347.79
atagaatcaagtagcctacagggcggcgattaccaggctatgatcaaatc,347.77
ccaggggattgtcaaagcaaaacatcgatttttagtacaacatgccagat,346.34
aaattcattcctggcaggaaaatggcttaacatttgttagacttatggtt,346.13
aatgttaaccctgcaacagacgaatcaacaaagaaccgttatacatcgcg,345.51
aaattgtgcaaaacctgtaccgacgggcgcgggattagtacacttcctct,345.29
ttattaacaattaaagcaattatgttacagcaaaatggataatattgatg,344.85
tcgttacccatatctaattatttcttcgaattcctctttataagataatc,344.77
gtcaacacgctttgggctaacaggttgacgaaagaggctatccttaatga,343.66
cctggaagaatagaacgtcgctgccgtgacgttatgcggataatgctacc,343.06
gttgacgtgattggctggcgtcttgatgatgtggttgccttaattaaagg,342.79
gtttgatatatatcaattggtactttcatatgacacttagaatcaatgct,342.76
gacattccgttctgatttgtcattaaaacaataggttatattgttttaag,342.36
gatgcttttaacgtcgcactggcaaaagatctacgtgttaatattcgtga,342.2
cttattctgcagaccttcaaaacaccgtcctgggggagtacattgttcta,342.2
taggaagatttgaaattgttttagcgcagcggcagtttcatactatggcg,341.8
tgttgcgttgaccaattgaatctacagttgctttttttaatatatctcgc,341.8
acagagtgtgctaatgacagccagataactgcgctgttaaattacatttt,340.76
cagcaggttggcgcattgatctcagaagggaaaattgatgtattgatttt,340.4
acagttagcgcggtattaattagctcaataattagtgtatacttgatttt,340.4
gtgtacgtcaggcgaccgaccgactgaacaatcagtggtacattaaccaa,340.4
tatggattgaggtgttgctgagtccgtttgtttgcagggtatagttaacc,339.94
aaacagcagattaataccaataccattgatttacgctataaagatatccc,339.63
gaaacggcttaaacggttgtcagccgcccgaatggacgtagaatgcccgc,339.54
attgctggtgttagtggagtgcgaccaccaaaacagataacgtcgtttgt,338.95
tgaagcccggctcgctgctgattaatgcttcgcgcggtactgtggtggat,338.95
ttttgagaatcatcctggtaagaggagtactgcgcgactatgttttcaat,338.85
agcagcacgatgttaagcgcgtcaccgccgtgtggctggaaattggcgcg,338.85
ccatagagtgtacgcttaacgattgttaatattataaatagactgaatga,338.84
tgtcacgattgagattttttaaggggaggggaaattgataacttgtagtt,338.84
tgtggtatatcggtactcgcggtgccagttccagtgctaatctacaaacc,338.7
gttgttggcagaactcggtacgctggcgctggtgtggtatatcggtactc,338.7
atgttgcgctggctctcaaaaatcgtaaggcaactttgttacaacatcat,338.08
tctcgcgaccgggttttttatttgtcacgattttgcgttacccttgcatc,338.08
tgcgccgcatggtggaagaagatccagcgcatccgcgttacattcagacc,337.77
aaatgagaatgattggccttctttatgattttaaggattatgcttctaaa,337.48
caaacgcatcaggatcaaagtgaacatcacgaaacttcttacaatggcgc,337.16
ccctcttcccttccgatttacctctccttgttctgcgtcatagtatgatc,336.75
cacgactgccggatgcggcgtgaacgccttatccggtctacacttcgccc,336.75
cagcatattaaataatttgctgtcttcactaattggtgtaaacttaccat,336.75
cccgtgcggtgagcagtgtggaaacggtcgcggacagttattatgcccgt,336.75
tggcattatggttattgatctgtttgccgtgcaacgttatggtgccagcc,336.75
tgatacgcaagctcaaagcaagtaaagagctgtatggtaaaatttttggc,336.75
acattgcatttcatattgcataaaggatgccattctgattaactcaatat,336.75
atgagcatggagaataatatgaattttttaatgcgcgctatattcagtct,336.75
tccttaaggatcatccgttatttgggtcgttttctgctaaaatctgcgcc,336.75
taatgaccagacaaatgattttcttcattgaattaccttatccttgtttt,336.23
ccactcgtgcgggattgacttcatgcagcggtagaggccagagtttatct,336.01
ttcttcatcaccaacatgggctttcgccattgatgggataatatccagca,336.01
tggattgagaatgctggatttttaattatattacgcgcagtattaatcgc,335.68
aagttaataagagcctgacgccggggcaggagttcgtcaaaatagtccgt,335.68
ataaagtcttaccgcttgagcgcaaagagctccttggccaattattactc,335.68
aatgcgctggcggagctgatccaactgttaggtgcaggcaaaatcaacga,335.68
atttattatttacacttcattcttgaatatttattggtatagtaaggggt,335.49
ttgccgcacaggaactggatcgcctgctctttattgctaaaatcctgatc,335.49
gcacaccaggttaaacagtttctgctcaaccttcaggatacgatttgtca,335.08
ttaatgaacaagcctttaaagatcactttggtccagtcgatagacatatc,335.08
gatctggcgtgtaattgcagtgctcatagcggtcatttatgtcagacttg,334.99
tacaaactaagggttgcaacaaagcagacgactacgataagttttgggct,334.75
ccagcaacggcgctggaaaccagatgcacaatggcgctaatttgcccttc,334.37
gaccgaaaagtcggttaccgggatgaggcgacaagtgatacgatacgcac,334.37
ttttgtgaagcagtgaagagagtaggtaacccaaaagcgatactctaaag,334.37
gcaagcggtatgaggaaagggagatttcacaaggatgttatactcaaagt,334.23
ttgttccactggcccttgccacgtcagattcgctttcacatactcattaa,333.81
aaacatgtccacctatgttgactacatcatcaaccagatcgattctgaca,333.75
agttaacgcgctggctgtatttgccgcaccgcgcaggtatactcctttcc,333.75
aattgcctgatgcgctacgcttatcaggcctacacgtatcctgcaatata,333.54
gaatagcagcatcgccttgtttaagtggattatcgtgcgaccattgcact,333.06
tggttgagcatggtaaaggcgacatgagtctttacggctataatcagagc,333.06
tgcgtaaagatattcttgaggtcatttgtaaatacgtacaaattgatcct,332.8
cactgatagcctgcgcagacaaacccgacttcacagcgtaagataattgt,332.74
cgcctgaccaggcggcggtttttttattacaggccggatataattagtgc,332.51
gcccaagtaatccattgttacgcgtcgtggatattgcgaaaatctgccat,332.51
attggctgtcagagttgcgtcagtgcgtgcccgtttggaatgatcaccat,332.42
acaagcaaaccatgctgattaatgaaaagaaactcaacatgatgaatgcc,332.42
gtctccagtttgtttcagttaaaacgtagtagtgttggtaaattaatgtt,332.41
gccgttgctgctgctattggtggcggagcaattgctatagcatcagtgtt,332.13
attctaacaatcacgtttcatcgtcagcccttgtcgtgtaaggtggttgc,332.13
gacggttatcgacaccatgggtgccggagattcgttcattgccggattcc,332.02
ggtcatctgaaaggtgaagtggctgatgccgtttccggtatgctgactga,332.02
caaactggccggtactgagcgtggcatcaccgaaccgacgccaaccttct,332.02
ttctcgttcaatgggtggctgataccgatggaaagagtcagtattaccga,331.78
gccttccgggcgtgttttaaagcgacggtgtaaccacatatactgctctg,331.59
gcagtatgaaactatgccaccaacgcgttataccgcgctacactgggcgg,331.29
tcttcagtatataaacgccgatacgtttttacataacctaatgtaaagaa,330.96
gtttcaattttcagcttgatccagatttttaaagagcaaatatatcaaac,330.96
tctaccacaattttgcataacagttgcgaaaaaccgattacaatttttta,330.74
gcggggctttgttcttatcagagtgaactatgtttggtaacttaggacag,330.74
gtcaacgagatgtggtctttatgagtgctaaacaagctaaaatttgccgt,330.65
tgaacaagaagcggttgccgcgctggtggcgctgggctataaaccacaag,330.65
agagaagagagaacattgcggtaacacgcttttaccgctaccttaaccac,330.31
cgtcactgtttgttaatgccgccacctgggggctgctgtttactggcaaa,330.27
cgcggtgaaaaacgttattgccattggtgcggggatgtccgacggtatcg,330.27
cgacggctgttcagttgacggatttctgcttccgggtcagactcaaacgc,330.11
gccgacatgagcagggtgcggcaatggcggctatcggttatgctcgtgct,330.11
catctggggcgttacgtgcaaaaacagacgggtggagacattctatgctg,329.76
aatgacagcgtttcgatatcaagatgatatttttcacacaataattgagc,329.76
tcaggtgctcaaatgacagcgtttcgatatcaagatgatatttttcacac,329.76
ctggtggcgcagtcaccgttggctggtgttacgtcgcctttgtcagttct,329.56
ccgttgtaataaggaatttacagagaataaacggtgctacacttgtatgt,329.46
ctatcgccgccgccgtcgccgcgtgaagcgtaaaagcggtaatatcgatg,329.22
gcgagctattatcagtcgttattatctcaggtacgggatatggtagatgc,328.78
taacttttattcgctttcaggataaacgaaatctgatatacatttatgct,328.78
tccctcgggtgttgtactgatttttgagcggaatcgcgttagcatgggtc,328.78
tctacaaagtcgattgatcatacaggcaatgcttcattatcatccttcgt,328.73
atgtaaagaagtttaaagaaaagcgcgccgtaatgtgccacttttttagt,327.25
aattcaatggctttgtcggtcatctgcgccagggttggtacactgtcatt,327.16
atcgcaattttgatgatattgcggaaaagttttcccgtaacatttacggc,327.16
cgatttccgtgaccttgctcagcgcaacaatattcaggcaccatacgcgc,327.16
cttggttactttatttttgcccgccagcagggcattggtacgctgtgctt,327.16
gcctgctgcattttgtagaaaataccccgatcggttgccacaataagcct,327.1
gttgttgcattggatgaggcgaatttcccacaatcggggataattacctc,327.1
cctggctttttccgtgcggcgtaacgtcccggccggtttaacataacgag,326.94
ccatgccctcttttttgagaaaacgctcacgaacggtgaagataatccac,326.94
aaatgttgtcaacacaagacaggcttgcgagatatgtttgagaataccac,326.26
ctccccactggatgttgacggcgaaatttgaaatcactaaaacgtcggct,325.08
aggctggccccctgtttgcttcgcgatgcgaataaacttattatttgtgt,325.08
aaaatacagggctggaatcatccggcccttttttctgatatgatacgcaa,325.08
ggcgttggattcgtattgcagaatgatgttcatgtaccagaataactggc,325.08
gatggcgacgaagtaatgatttttcgcgccctttggctaacactaaacgt,325.02
cgtgaggcggcgcacataatccagtattcacagcgataattattgtaatt,325.02
ggctaatgcaggaaaacgatctgcatgaaaaacagattattcttcttacc,325.02
aagcgcagaatgagctggaactgtcagaaggcagcgacgataacgaaggt,325.02
tatatgaatgctccgtttacatattcatcgcccacgcttagcgtagaagc,325.02
taggcgtaattcgagtgacttttccccaccattcgactatcttgtttagc,324.72
tgtcgcgctgtttattgttgttccgctgactatcacgctaaaaagactgt,324.72
ccgatattgccaaagttatttattctgatttttctgactacccttttagt,324.72
gttgcggtgccgggtattgatgcctctacctttgacggcataatccagaa,324.72
catggcacgaaagaccaaacatttgttatcaaatggtaaataataagtga,324.72
aacctgattttctcctttctaagccgctacagattggttagcatattcac,324.72
gttaaaacctgattttctcctttctaagccgctacagattggttagcata,324.72
acggtaaaacagggttgattcaggcggcgaatacgggcacgctgtttctc,324.72
tccataaagcagagcatctggaagaacggcgattgatgctacagtggtgg,324.72
tttgccggggagacttctgcttcgaacggttgtgcaatagaatgcgtgtc,324.72
tttgaggctaatctcggaacgactttactgtatggatttatcattaccat,324.44
tctggtcgcggttttgcgtggctgtatcaacactattatcatcaaccgtt,324.22
agacttcggcgcagatgtggtggtcgccgctgacttctcttcaaccattc,323.84
tcggcgaaaaattgttgatcggcgggcaagcctggtgctttcatgaaagt,323.74
agcgaaacggcatcctggcagccgagcgcatccattcctaacttattaaa,323.73
cgatcaaaaaattagattacacagcggttactttactgaataatcaacgg,323.22
tagataaaatcgtgctcaaccgtttcctcggtctgccgattttcctcttt,323.22
aactgacaggcctcatcgagtgtgaggctgtatggctctattatttcacc,323.18
aagcagacgactacgataagttttgggctattggtggtatagtacacaac,322.72
catatttatttacttggcaaatgatgcctttgcaagtttatgatatttca,322.72
atcagagttaactgaatttttcttaccgcgtctgccgttacacttggaac,322.36
tccatgacagtctccagtttgtttcagttaaaacgtagtagtgttggtaa,322.35
gaggctgtatggctctattatttcacctcttgttgtgacattgttgaaaa,322.07
taaagggagctttcgctccctttattcgttcattcggttacgattttctc,322.07
tcttgaaaaatcgacgttttttacgtggttttccgtcgaaaatttaaggt,321.85
gacccgcgagatgatctttctggtatggatgtggcgcgtaaactattgat,321.78
attgggacataagcacggtatcgtgcttggtaacctggtaggattgatcg,321.78
tagagagggtaatcttcatcgcttctgtcattttagttatccttctttgt,321.7
ttgattacggattgatgatgaaatgagcataagtgttgtacggttggatt,321.36
gcgcgcaggctgtagttggtcatggagttccgttatgggacaattaaggt,320.71
aagttgaatcgtcagtttaaattataaaaattgcctgatacgctgcgctt,320.39
cacaattttatctaccagacgcgaagctatcttgagctatggttacctat,320.08
tacgcaagcgccgtcttcccctcgaaatgatggtctggtgtattgttggc,319.8
ttacgggtgaacgttttctgaatcgtcatcgaatgatttacagtacttta,319.7
aattcgtaaaatgttaccgatatccagacactttctgttatttttcctac,319.7
caacggcgagtggatttgccgtccgctgaataatccgcaaaaattgcagt,319.7
cgcgccgcgaaacgctttacccgcatggcgcttaagccgtatcttggcgg,319.7
gctatagcgaatcgtttgaaccttcttcgcaagttgggaaggatggtaat,319.51
gaatcgtttgaaccttcttcgcaagttgggaaggatggtaatattttcgc,319.51
acagggttgggcgacgcgctaaaaccgccacgtcgatgtatgatacgcgg,319.51
caaagcgttcgaccttccgcatattaaaaaagccagttaatatcatcagg,319.51
ataaccagaagcaataaaaaatcaaatcggatttcactatataatctcac,319.51
acgaacggtgaagataatccactctggcgtaccgtggtactgcgcgacgg,319.51
gcctgtggcgcaacgtaataacccgactgcggtcgtgcgataatatatcc,319.13
ataccattttgatgcgtgacgaatgctttgccatccagtaccatagcgcc,318.71
ttttactctctggaagcttttcttatctctcttggtgttatattaaaacg,318.71
tgagtaactttcacttccgtatttgcataacgatgttttaacatctgctg,318.71
cgcatgcgtatcgcttgcagttatcgttggcgtccagcactataatggac,318.71
atagtctcaaagggggggtatttttctttgagccaggttaatgtggccgc,318.71
atttcttcatcgccgtcataagcgaatctgattgtgctaccatcgaaaat,318.71
gcggcgttttttaatgatctggcccgtgaactgattgctattatgttgat,318.32
tttcataattcctccatttttctcccttattggctggctacactagtatc,318.32
ggtcaacatcaccgtcaggcggtattggatcagtttgctaaaatcgttcc,318.31
gggggatctcacactgtacggcaggcggcaaatttgtctgtaatgatggt,317.66
ccctgctgtcgggtggcggcagcggacacgagccgatgcactgtggttat,317.65
cccaggtttgctactttatcaagcagaataacttgcattaccttatcctc,317.65
atttaaaagatatgtggcgcaatattgtcaccgtcggtaacgatattgaa,317.34
aaacccatctatagatggtaaaaataggttgtggcaattatcattgcatc,317.03
ttcagattttgtgcgtgtaaatggcttcgatcaaggttactttatgtact,316.72
tcgcctacaccagccagtggccccatcaaaccgactttgataccgttgat,316.47
gatattggtgatcagtgcactgtattggttttgcaggatatcctgcaatt,316.47
ccgaagggtcatcgtttactttatagggcgttgcgccgtagtatgacggc,316.29
atacggtggcgatgtgtcgggcagagtatgagtgatgatacactgaccgc,315.96
agagcaacttgccgtgacaaataatgatgaaaatagtacctatttaattc,315.37
cgcgtccgggaacatcacgctatggcccggcgcttcacgatggagatgaa,315.36
ggtgtgatcacctcaaaaaccggtgctgcgctacatgatattttgcatgt,315.36
ttgtggcgctaaagctgattagcacggtgatatttgatactctggcagac,314.37
agagacggacttactgttggcctcgcgttacacccgcgatacgttggaag,314.37
atgtccgcaacttgtgaaaacgccgccgggtggtctgttacaatctgttg,314.37
cggtgcttaaaacaatcccttctatcaattatatcggctatcttgaagcc,313.93
aagagaaaaaaattctctgtggaagggctatgttagataaaattgaccgt,313.81
aaccctcgatttaccacacgccgaaccgcttccgcgtatatgctaataaa,313.2
agagaataataccgttgtcgaagcgacgtggaacgatgtacaactggaag,313.12
tttgccttatagcgcacattatcacgggaaagaacgtgccgaaatatctt,313.12
gtgagcaaaagtacttggagataggccgatgcaataggattattgaggct,312.7
ttttgcctttggcttgagtgtagaccttaagcgaggagcaggatcttctt,312.7
ctggagcgtgtttgagcatatcaacctgcgagtaccctacaatgataacc,312.7
catattgttcagtctcttattatctttatatgcttgatatacttaaggtt,312.7
aaaagcgtacctggcaacacagggcgtggagatcaggatatgttaacaga,312.43
gctggtgggattattccttatcgcttcgctatttcagctactctttgctt,312.43
gcgcgccgcaaatgcagagcgttttacgcgaactgcgctttaatcagctt,312.42
tcgtttctaccgacttcaatacagtcgcgctagatgttaagacgttcggc,312.08
acaatactcaggttattccattgctgatttcccagtgacaacataggcgt,312
ttgttatctggagcctggcattgctgggtattctgtttaaactgaccatc,311.7
gcctcgacaaccttggcgtactggctcgcgatctggtaaacgatcacaat,311.59
tttaaccgccaaagatttcccacaagagttgctggattactatgactatt,311.48
gccggataaggcgttcacgccgcatccggcagtcgtgctattatcaacgc,311.44
atcttatttgcggcgctgatctggagttcgttcgatgagaatatagaagc,311.15
gcaaaaataatgggtcgcgactacgcatggaaacatgtaaaagaagacag,311.15
cggtaatcttttttttgtgccttggtaaagcgttacgctatgttgcagtt,311.15
gcagtcacgcgaagctgccgatttattgctgcaacgctatcctttccagg,310.95
gataacgttgcgccagcaacggcccgaagggcgaacgtcagtgagtcatc,310.74
tattccttttgcttttgataactgcgcgggaacaaagtaaaaataatgac,310.6
atatccaccttttcctcagatttttttcattaaatgcataaaacttaatc,310.6
tcgtcatcatcggtggtctggttaccgccatcctgcataaactgtttgat,310.46
tcccgaaaaaaaacagggcttgcgccctgtttctgtaatacaaatgatgt,310.32
aagcgactgtaaaatcttaaaaaatgtcgtgagcgtggtattgtcagggt,310.22
tatctccaacaccgatgacagatccaggcgtcggggttatcgtgacaatt,310.22
gcgtcggggttatcgtgacaattgtggcgctaatttgtacgattatcctt,310.22
agggtacctttatttgccgccgctgtcagcgaacatgctatcttggttcg,309.97
tcccgaagatgtgttgatcactgacgaggtagtgagtaaaaaatggcagg,309.82
tttcacaataaaatgtctgcaaaattgtccaaaagtggcaatgttataca,309.77
gacagttatccactattcctgtggataaccatgtgtattagagttagaaa,309.48
ggctggagacaacaggcgcttacgatcgtcgctggaatatgctgctaagt,309.48
aaagcgcatccctgagttgcttacaaaaatagatagctatactggtaggc,309.48
tggtttacgcgccgacccaggagcacggcaagcaggttaaaatcgaagac,309.04
caacgtcaaattagcttcgtgaaatctcacttttctcgtcaactggaaga,309.04
ttagcccggaagatcgcgaacagattttccgtccgttctatcgtaccgat,309.04
cttgccagttaacaactcattggcttcaagatagccgatataattgatag,308.65
taattatttacagttacagccgatctccctggttgtgtaacaatatagtt,308.65
tgcatgttattcaggaatttggcctgatcctgttcgtttatactatcggg,308.65
gcgcagtggtggcaattgcagacgcaaaatactcagccgataaaacagat,308.49
ctggcgctatcaggggatcgttaaggcgctgaaagaaggcgatatccaga,308.49
gagcataagtgttgtacggttggattatcaggatgtgctatgaatatgat,308.36
caagctaaaatttgccgtgtaaaaaacggcgaaagagttaatcttattgc,308.36
gtggctggccctatggctacggcggatggggctggtataatcccggcccc,308.36
aattgcaacgccaacaccatcttcctgacgaaagtgctatcttgtccggc,308.06
tcgcataaacctgattgatttagacgtctggatgccttaacatccatttc,308.01
tttatctatcattgatatttatcattacccatagtgagtacagtgacttc,307.68
tatcacttcacaagctgacaatttattccagttattgtagggttattatt,307.39
tgtcagcgaacatgctatcttggttcggtcagtattgatagtctggattt,307.02
ctgcaaacagcattactaacagtgcttaccagttcggttatgatatggat,306.53
ccttaagcgaggagcaggatcttctttcagacttatggcataatgcgcgg,306.5
ataggaatgccaagacgggaagaaaatgaactaagtaatatactgctggt,306.5
gcattcgcatgttcccggcgaaaggatcgctgctgatcatggatcaccgc,306.38
aacaggattaacttcacaaatatcatttctcaacgtctacacttactcct,306.35
attgcaatctccgcaatcttctactctctgttcagctaagtcctttcgcg,306.35
ccgcaggcggtcacggttcatttggtacgaagatgggcgactatattgtg,305.83
ggttgtacggtcgcagttgtgcctttggtgagaactggcttaatactatt,305.83
gatagtggcatttacctgattcagaatactctttcgcccatataataaat,305.29
ctacattaggacgcaccggtttcatagctataccggttatgattggtggt,305.29
gatctggcgagcaggatgcaacaacgacgtggtgcggctatcgtaaaacg,305.29
gttatttttgccctcccaacacaagctaccgcgaatgctatgcttacgag,305.29
gcgtgaaaattaaccattgcattgtcaacgtaaagcagtatcatgcggcg,305.29
tttccggatatcgtaacgatgtcagtgacttgatcgattatgatgatcac,305.06
catagtaaaccgcaacgcccctgagagtgagtatcatttataatgataat,304.68
acaaaaatcatcaagggctttttcgtttagcctcatgtacgattctttgc,304.68
cagcgtcagttccgcattggttataaccgtgcagcgcgtattatcgaaca,304.65
tttacaaagagataataacgtagattgaaacaatatgtattattgattga,304.65
cgataattgaaatcttcgctattcacgatcagatatttattattcgtttt,304.65
gtcctccagaacgtatcgtcagggtctgcttcatatgataaagtttcgac,304.65
atgatgggcagccgcaacgccacgccggaagattttgctaaagtcggtcg,304.65
attacttccttcacccagaataagaacgggttgtccttctgcggttgcat,304.57
attgcgctgatcctttccgctatcggcgtggcgttttcgcacggcgcgaa,304.34
tcaggtacgggatatggtagatgcactataagatgtgttaaaaacgctgt,304.03
tgggcacccatttctttaccaacgatatgggtggcaacatgatgatgtac,303.71
tgaacggcaatgcggatggacgtgggaccctatatataaaaaaataggga,303.61
ctggctgccatgcaagagcaataccgcccggaagagatagaatccaaagt,303.54
ccgagggaaatacagcttgataatcaatcgccggaagagaaactggtgat,303.17
ttggcggcaaccgcattgggacacgtatcccacggatgtataaagaaaac,303.17
tttttcttcctctgtgtatttgttccccatatggcgtcataatttacgct,303.17
acatggtgaaattaataaaaaaacacagatgatggggctagaatttacac,302.79
aaaaaactgcccgttgtcggtcagtctaaatgacgttaaaaacacttcgt,302.67
tcgggacgctacgcattggctgttcttcaactatggcacaaaatgttctc,302.4
cgtgagccatgtcagtaagtggttaaattcgcagtggtagcatgcctccc,302.39
gtccgctttcaggtctgacgctgggcaccggtggtcgttatactggctcc,302.11
ctggcagccagatgaagcgacgttgaatggcatcattcatactcaactgg,301.94
agtcaagtaaatagttgaccaatttactcgggaatgtcagacttgaccct,301.84
tttcagatagcgcctctcttaatgccgctgcgatcgggtatactcgggcg,301.22
cgttgatatcgcccgccatttttatacaaaacctcatgtatgctacgcag,301.05
acttacgcaattccgggttactaaggcgtgcttgctgataaacttgcatc,301.05
ctgcgcgtccgaatattgaactgctgccggaaggccagtttaaataccac,301.05
aattgttgcgcattatagctaataagcgcgtcatgtcataaagttgaggg,300.93
ccaggactaatcttaacaacgaagcggcaaatatttgccatgctgaatgt,300.93
gtctttgtgaaagatattgtcacgaacacgctggatgcgatgattgtgag,300.82
acgatcaccctggtctggtccattttcctgaaaactgtaagtatgtgcta,300.67
ccagacagcggatatcgcacccttgcgcctctttgatatattcctgcacc,300.67
ctggcagtgataagtcggatgcgctcggcgtgccctattataatcaacac,300.67
ggttatcagtggtttgttgagcagggcggattaacgcgtgaaaatgggct,300.67
gttgtagttttcactacatgtccatacataaaatggggtaacattcacgc,300.67
ggcggcctgcgctcctgtatgggtctgaccggctgtggtactatcgacga,300.67
gatgggcggcctgcgctcctgtatgggtctgaccggctgtggtactatcg,300.67
acggccaaaaccagcagtaagctggtcacaattttgatacgttttaacat,300.67
ccatgattttacgtacagaaatctacgcaactgcctgtattatcggcggt,300.64
cggatgttccaacgtggatttgggctgccgccttctttattatcatcaac,300.64
agatttctatctggcgaaagcgcgcacactggggatgtataattccggac,300.64
gtatgggcagatgctgaaaaacgatgcgttatatgccgataaagcacgtc,300.63
gacgttaaccgtaattgaatcctgttccgggtgcatggttgaataagttt,300.51
gatttagcgccacggctcgccgttatcgctacatcatctacaatcatcgg,300.51
acactacgcgcacgatggtcaagtcaccacgactgtgctataaaataagt,300.25
tttgtagggtgatgaatcgcatccggcaggaaggtagggtaacctgaaat,300
ctttaatcttttgtttgcatatttttaacacaaaatacacacttcgactc,299.16
atttctttaatcttttgtttgcatatttttaacacaaaatacacacttcg,299.16
cgcctcggctctcgccaaaatcgaagaaggtaaactggtaatctggatta,299.16
atgttttccgcctcggctctcgccaaaatcgaagaaggtaaactggtaat,299.16
gctatcgcgatctggttgattcgctgatcaacttcggcgatcactaccag,298.86
acgttaacagtttgatgaaatcatcgtatctaaatgctagctttcgtcac,298.83
ggtggtgtactgacgaagggaggtcaatttgtccgtcatgatagtatttc,298.58
gtaatgccttcattggcgagatcgcttgccatcacggtataaataacaat,297.85
cgaccgggccgatgattgaatcttaacaacagcgtacgtatgctaaatat,297.85
tgctgcgcgatggtaagaagcaaaatcaaacatgatgttatcctcaaatc,297.69
tatctgttttatgcgatgagttaaaaaaaaatactgtttatgatgatatc,297.53
aaattacgcggcatacgcggcgtattaacggttgtgctaccttctacgtt,297.22
attcaccaacaggcattgcgtgaactggtcgccagcggttttaatcgagt,297.22
ttgtcaacagctcatttcagaatatttgccagaaccgttatgatgtcggc,297.22
caatcgttaacctagtttgcttacggactcacagggcgtaaactagcgcc,297.22
gtgccgaaatagtcatgaccgtcgagatgccatttgccgatgtaacaggt,297.22
gctttgctttgcagtttgtgaacgtcaaaatcattttgtacggtgttacg,296.96
cataactacgaagaagcctcaccacaaccctgtgccatgaatttacggcc,296.94
agatcgtttttactattttaccccgcacgaatcatcgttaaaatcagatt,296.9
cgcgactacaaaggcgatgacccgacgccagcggtagggtaaaaacgaaa,296.9
tcattgtcatctttcgggctggtcttctgccagcccgctataattgcgca,296.9
aaatttaacttctgattgattactgccggggctcccggcagtatgaattc,296.9
cctgcaaaaagggcgtcaggatgtggtcgattgtgaagtaaaattgacct,296.9
agagtttgatcaggcgttttgctttcgcaattgacgcttcggtgtcatag,296.63
tgatcagaatacgatcgttgctaataccagcatcgttgtagagtttgatc,296.63
gcgcatttttctcgcttaccatttctcgttgaaccttgtaatctgctggc,296.48
ttgtccttctgcggttgcatactgccaggcattgagtaattgttgttcgt,296.22
gggctcgtcggggattcgccgggtgctgcaaaaccatctacgctcaggac,296.08
atacaatttattcggcgaaacattattgattctgttgatatgatcacgtt,296.08
gggttgatgattgttatctggagcctggcattgctgggtattctgtttaa,295.72
cgcagatttttgctttcgatactgagaacgcgttgattaatgttaccggc,295.72
tgacttcataaaaattatgagatttttcacggtgctgtaaaatccctacc,295.66
ggcgagatgctgcatttggcctggttccgtaatgtgataaaactgtcgcc,295.36
gtgccccggtgttattcgtggatttagtgccgtaatcaaacgacgatgtg,295.23
tatggcttcctgaaacagtttggtctggaaaaagagattaaactgaacat,295.23
cagttggcgctgaatgttgcaacgccgtttgtgctggtaggattaggact,294.74
ttggctgtaaatcctgcgtggtggcctgtccttttggtacgatgcaaatc,294.74
gtttatgtgtacttcagaaaagagcatctggtagaagttatcattcagac,294.74
gaggcgggactgatagtcaaacggaccaaaccggtgttaagtttcctggc,294.74
acatgggttgccctctatgaaaaacatggagaaaaaggtttaattcccaa,294.74
ccgtctgtgaagtgcccgctgctgacggatcggtgatctttactttaaaa,294.74
ctgatgcaagaaagtctggaggcggggcaaggttttaccgataacgaagt,294.74
taaacactcctacgcttccgttaacgatctggttttgcagaatattattt,294.74
gacgagtcatcccttaattattctcacttaactttatgacatcatactgc,294.66
acgccaaagaacccttgcagcgcactgtcatccagcgccatattggtcag,293.86
ttactgtggctgaccttcggcctcgcggcgattggctttatcatggtgac,293.56
tccttgataagtgtttgctttaattacctaattcataaaataattattat,293.55
gttgccgcttgcatttgtgttccttgataagtgtttgctttaattaccta,293.55
acataatttgggctaattttcttttcccttgcctgatgcacaatggattc,293.5
caggtcattaacgacaggaaaattcgtggcaacagctttaaaatagctgc,293.5
tttccgccgctgatgccgacattgcccgtcaaaataggtaacatagcaat,293.5
gattgaagcactgtttgtcgcttgttcttcggcaatggtatacaggcaat,293.27
tggcgcatggtttcaacgctctcctgcggaatgctgttatcctgaccacc,293.05
agcttttgggccagctttgctttgcagtttgtgaacgtcaaaatcatttt,292.97
caaaagcgagcggtcaatcgctttatgctgctgttgtctacactatattc,292.88
gcgagcggtcaatcgctttatgctgctgttgtctacactatattctcttg,292.88
gtggcgttcagtaagataaagccgcttcgcattccatgctaatataggcc,292.65
tacaacatctccctgggtgaacgtcgtgcgaacgccgttaagatgtacct,292.53
gtttaccagagcctgatgtggagccgcctggcctcgcgtattatgttgcc,292.53
aaaatagcatcgggatgaccaacggtagcggctggcgtttatcatgctct,292.53
ccacgaacgcggtcgactttatcgtagtcgatttctgggaagatgatctg,292.09
ccttgctttcggttaatctatactttaatggtttacgctatgatatctgg,291.87
acggcaaactcaacgttcctgaaaatccgattatcccttacattgaaggt,291.87
ggaattccctaatgaagcaaattcgtctgctggcgcagtattatgttgac,291.87
ctgtgatgtggtgcgcttcttcacgcaactgaaatgccgcatgatgccgt,291.87
atcggaatttactgatttaattattttaatcctaatttattttgaaaaag,291.8
acgtgatgatgctggtcagacactgaccaccgattgggtacaatggaacc,291.8
cctcaactttgttgcgaacttcaggcaggaaatcgagtaacatttgcagc,291.8
tgctgaccagtcgtttgcaggaatgggtggttagtagcatgatgctcggt,291.8
tggaagagatttcctacgacgccagcgatttaagcggtcaaaatatcact,291.75
aaaaagcgcctgccgaacccaaaccggtaaaaatggcagagaataatacc,291.67
tgttgagctacttctcattaaatatcgagctgatgcaagaaagtctggag,291.2
tcgttgccccaacgctttatgcatatgacttttatgccgataaaactgtc,291.02
ccgctaaccaggtgacgaccggtgtcacatctcgcatatatgatgatgct,290.95
ggcctacgaaaatcttgcaatgtattgaattttcatgattttgtaggccg,290.7
atccagcgccatattggtcaggccacgcatgtacatgacataatcgatat,290.32
tgttgccagtatttggcggaatttctggttcgtaaagtacgatgtttagc,290.32
cgtcctacaagttcatgcaattttaataagttgccagatatcctgtaggc,290.08
gggcagaaagatgaatgactgtccacgacactatacccaaaagaaagcgg,290.03
gtgcggtcactgactccgacgagccgccggtagttcgctacgatgtgcag,290.02
aatttaaatttacgttataggttttactgctactttgatattatttcgct,289.87
gatgcctatgaacgtttgctgctggaaaccatgcgtggtattcaggcact,289.87
agaagatatcgagtatgttgagtcgatcaaaaacgacgtagagtggttag,289.79
ggcacatcgaattcatttatttttaataacgatgtcagtagcataacagg,289.79
cgatttagcagcaatattttacgcgtacaaaaccaggctattcttaaaca,289.79
cccgcgatgaggaacttgctctcgcacaaagcgcctgataggttgagtga,289.79
gagagcattacgcgagtacaacgaaatggttgatgactataatagcctgc,289.79
attattgctgcccattcgccttttggcggggtaagcattacagtagagtt,289.43
ttgtatgactgttatatcaccgccgcgttgcttatcgatattatgaacac,288.85
gcggttcagataacttccgtgcgtcttctattcaggggattatgaaacgt,288.85
taagactggacgcaatcccaattgccacggcggggagcgataataacaac,288.85
ctcaagcgggcaaataatgagccgagtcaaaatcgtggtaatgtacaact,288.64
aactggctgcgtctcgcgcgctcccgtcagattgtgttaacattcgccgc,288.64
ccacaccgattgcaagtaagatatttcgctaactgatttataattaatca,288.64
cagattgcctcggtgttgaatatttccgagcagacagtaaaagtacatat,288.64
tttttgcaaaaaatgcttgctatccccgaagggcgggttactatcgactg,288.64
ctgaaaggttctgtctatcccatcccttctcttgtatctaacatttagtt,288.64
agatcgttctggtttatgtaccgtttgaaggatattatctataataaatt,288.64
aaggaatacaaaaagaagtgaggacaacgcctgatatgtgctatcaggca,288.64
gattttcgcgatcgcagccggagtggcgcaatccctgcaatacttaaatc,288.64
ttatagtcccaattgcgggtattggcttcattaaaactaaaatagccatc,288.64
agtggatacgctaatgacagacaaatcaaagggctgtttaattacatact,288.64
caggatgggtttggctggactaacggtgtggtacgccgtttaattggttt,288.64
aaagcgtaaatctggcatcggcttgccgcgagcggtcgtatattttgatc,288.64
ctggttttgttgtatggattgcgtgatttttgatctggtataacaggtat,288.64
accaaaaatagagagtgattgccagcgatactttaactggtaaagtagta,288.52
cccgcttttatgacaactccaccggccgccccaactggggtaatatagag,288.52
cttcttccagaatcttgcgctgcgcttcaacttgagagattactttcatt,288.52
acagtttggtccttttgtctctgattacgcgattctgtatggttattctc,288.25
tatgcgatgagttaaaaaaaaatactgtttatgatgatatcattgaagct,288.24
tgcgtcggcatggatctgcacggcaagttcacgcgtcggtgccataatta,288.14
tcggcatggatctgcacggcaagttcacgcgtcggtgccataattaaggc,288.14
gtagaagagaaatatcgcttttttagttacggtgatgcgatgtttatcac,287.93
atcgcttttttagttacggtgatgcgatgtttatcacgtacaatccgcag,287.93
tgttacagcaggtaggcactaccggtgaaattcacgactacactgcgctt,287.73
aatcgttctccatgtttgcagcgatgctggagtcgttgaaatatgaagtt,287.52
agtacagcagcgtcgaagcgttctctggcgatcaaacgtataaagataaa,287.21
tctggcagcacacaatctactgcctgcgtaaggaatgggtaagatgaacc,287.18
gagagcaatccattggtggactggccatgaatggaggtaccatcattttc,286.07
gtaggtcagtaccattgactgatactgtaccgctcattattttgtcttct,286.07
tgttcgcgcgccagcatgccattgacgtagccttctgctacattaccggc,286.07
aggacaatggattccagcagctctgccgcgtcggaaggatacggcggcaa,286.07
gtcaaacctatcagattgcgccagaacagccgctgggcgataaaaccatt,285.9
aactaataaaatgcaaacaacttccggcaaaaaagtgatacaagatcgat,285.89
ggcgcgacgccacatccgcgcattacgcatttcgatgataaagtaatggg,285.88
gtaacgacgaaagtactggcgatagaagcagcggtatagacaatgaatat,285.16
tcctggttatttgctttatttatcaccagtcatccggtatagttcttcat,285.16
tgtagtagcaataagcatgaccagagcgaacaaccatcgtagtattttca,285.16
ttctattaactgaacttgtactgaggaatcttttgccgcatcctgaacgc,285.16
gtatggcgagcagttttccacgctcatcaaccaggcgatacgatgcacca,285.16
atgccaacgccgccacgtcccggaggcgtggcctgggctacgatagtgtc,284.74
tttctctcctcatagatttatgcctgtaatgatcacgctaaaatgtattc,284.63
ctcttttacttttgatttacagagtaaagcgttgggataatctatcttcc,284.63
acgcaagccgccattgcctggctgcaggaacaccatgtaaaagtagaggt,284.55
catgccgatcgtctgggcattgaaggcagcattcgtcgtattgtctatga,284.55
caccgtcgcagcgatttcccgcattttcgataatgcggtataacgcctcg,284.55
gctccggccagtgaggaaggcgcgacaaaattaagcgataaaataaatcc,284.55
aggcttcgatcagaccatcaaaatttttaccgatgttatatggtgggtcg,284.55
tgcactgaacgaacttgagagataacccgaaggctgtttactttactagc,284.55
accaaaggtcgtgcatcatacactatggaattcctgaagtatgatgaagc,284.52
gcatttgggtgttagcttgaagagtagctggttgatgttattgtgccagg,284.21
atgaaagtgcttactggcatctatactcgcgatgccggtacgcttttatg,284.1
tggcggacgggcgtcgtttggcggacaaataatcacggtaaaatgtttcg,283.81
gatcttctaacatgttgactccttcgtgccggatgcgctttgcttatccg,283.34
cttttgtgcacgcattgacgggctttcagaatggcactttaaatatcgat,283.22
ataatctgaccactgcgcagatcaagcgccgtcaggttaccattataggc,283.22
gatccagtcagtggtttgcccttcttttatttctgaaggaatattcaggc,282.95
gttgtgcggggggtatcgacttcacctccaacctgcatttagatcgtgaa,282.95
aaccagtgatttgctcgtcgccttgctcagtgatggtataacttttaatc,282.95
ccgatcccgaggagctggagtttatggggatccgcgattattttgccaac,282.95
ccaagataggtggtgttgccgaacggggcttgttgtaaaaaaatacccca,282.63
cgatcgtatttattaaatacaaattaccgatatttaaccttataattaca,282.63
tgcgccatttttcacttcacaggtactattacttgcggtatttagtagcc,282.63
agcggagtctctcccttttaatttttcacttctaaaagcagtatgatgtc,282.4
ttgccgaaaaaccgagtctggcgcgcgccattgctgatgtcctgcccaaa,282.4
catcacatgaatgacatccaattgccatggtcattctttaatattcatgg,282.4
attttggcgtcgccgtaatcctttccgaattgctgccgacatttttaaat,282.36
tgcggaaattgttgaagggtaaagcggttaaggcggggtaatctgctctc,282.36
tcaacaaaggcaaagttgactctgcctctgcggttattattctcgaaagc,282.36
tgctgcagaaatgatttcattcataactcaaattccctgataattgccgc,282.36
cgccagcgatttaagcggtcaaaatatcactattgacgcagattatgtga,282.17
tgccgcacttgttggttgcggggactaccggttccggtaaatctgtcggt,281.89
ttcctggtcatgtatctgtttttgcagaatttccgtgccacaatcatccc,281.89
tcgataccaattattttacccatctaaacgtctccactatatattcggtc,281.81
gcacaccattacggtagtttggattgtgccgccatgccatattcttatca,281.81
cactggcagactttgctatcagtaagctgggtaaagttgatattctggtt,281.81
attacgataataggcaataaatcgccaataaaaaatgttagcataatagt,281.81
aatctgtgatctatttggcaaaattatgctttattgtttacccttgtcag,280.99
aatcttagacatgtctcttgtcctgtatcgtcgggccttatactcgtcat,280.75
tggctgagcgcgtggccctaaatggctgtaattatgttaacctgtcggcc,280.68
ctattcatctgcgttttgacattcgggcgtccagcctgccagagtattac,280.13
ctgcggatcggcgcgtgacctttatgtaccgccaacagtacgataaagac,280.12
tccgttgctgctgactccctgtctgcaatcaaatatgcgaaagttaaacc,280.01
ttcagcatctgctttgtcgataccacgtacattttcatatcctgtcgttt,279.73
tacagactgcccgcttgtggctcgcgcgtcataatgggagttttgatact,279.42
aattcacgcccttctcttttgacatttcttttgcactggtaaactaaatc,279.41
gccttcctgcaggaattacaagaagccagcgatcgcggtattgtggtggt,279.23
agtttgcgggccagttgcgtctggctgacgtcatgctgatactgacctac,279.23
aatatacccacggctttagtcgtttgacgccgagtgttattactgtgacg,279.23
tcaggggcgcaaatatagcaaattcgtcgataccgcgccaacatatggct,278.97
cgaccagtcggttattgctggctggcgttgcattagggattatctgtagc,278.8
aggcgaaaatcctgtttgatggtggttaacggcgggatataacatgagct,278.64
gtcacgtgacgaatactcacgtaagtcgccgcgctttctatacttgtggt,278.64
aaaaactgtttgctatagcctggcgcgccagcaatgttaaattctgctaa,278.64
gtattgcattgatttgatgctaatcctgtggtttgcactagctttaagtg,278.64
tccagcaggctgtcattgataaagttgttgaaacgcgcgatggtgatggc,278.45
aaacaccatcggcgtggtgccgactttcggcgtgacctacactggtaact,278.45
cgagtcgatgcctgatgacatgcaatgattcaggcatctatagtgaggct,278.45
ttgccctgagtaacacagaaatgagttgcatcattttttactatattttc,278.45
tttccggcaatgggacgaaaaacaacctgtccggtattaaaattattcat,278.45
gccataatcgcgggcgtatagatacggctgaaacggtcgataaaccgctc,278.45
cgcgcgaaagcggaacaggcgggcgataacctctcctgtatcatggtgac,277.64
ccaaatactttactgagattggcacgattgatttcatctataataaaaat,277.62
atacggcatgaacgctttattcggtctacaaaagcaggcaaattcaatat,277.4
gccccagcgcttcgttgttcatcagaatgattttgacatccagctgattt,277.26
gacgggaaatgcttcgcgatttccgcctggagctgtgccatattcatatt,277.06
gcgacttcaccggtggtcataactacatgctgaccggtaacatcgttgct,277.06
aagatatgtcaggcttgcggagtggcggttaaggacatacgatttcctcc,276.78
ttcactttttcacctttcaacggctccacgttcagtgtactgttgagagt,276.78
cactgccgggcgttgttctttttaacttcaggcgggttacaatagtttcc,276.62
accgcctccgcctgatgctcaatcgactggctggcgttatctttgataat,276.62
gaaatcaccattggtgttgttgtaatagacaaaaccactatagtttacat,276.62
cccaatgagtaaaaaatcgacagcggggtaaaaattcgtaaaatgttacc,276.62
tctcgttgcgcttaatttgactaattctcattagcgactaattttaatga,276.62
tattactgttgatgcttctgctaattcattatttatatttataatttcaa,276.62
aaccctcaccgtggttgcccgtgaaggcacgccgcatgtaatgtgtgctt,276.62
cccttaccttcaaatggcgttctgcgggtatctttgataagttcattgat,276.62
gcagtgactaccgcttccttgtgcggggcgtgatgctttaccatacttgc,276.62
agatcggttgtttgcataccactttttgtggtttccagcataatggggtc,276.62
taatctgattgtcaattgctttcataaataacctgtgatatttttgaatt,276.62
aaagtggccaggttctgacgagcgttgccatcaagatataattcatcatt,276.62
tgcgtgatgcgaacggtaaagtttactaccgcgcggacgattacaaattt,276.62
atgttgggggttcttgctttaccagcagttctgctgattattctggtagt,276.58
aaggcgatatgcggtctacgtttttgcaggcgagttattagaataaagaa,276.58
tcaccagttacggggattaattccttttcagtcaattataggatggtgat,276.5
atatggattaaaaagcagactaaaccccaaatatttcttatgttttactt,276.22
ttcaccaggcattattgactgcggcttattcggcgcgtgaatatttgatc,275.87
ccgcgggtaaagtgctggcgcgccacggctcccgtaagattattattggt,275.54
ttaaggataatatattggttttttatattcatattttgtatattaatatc,275.3
gatgctgtcggagctttctccacagccggagaaggtgtaattagttagtc,275.3
agcggtttttttaagaatttcgtccgcccgtttcctgatatgcttttgcc,275.25
tgaaccgtcgccgctatgagcactttgcgaccacgcgtatgatgagtgtc,275.1
aaattagcccaaattatgtttcatagtgaaacatatgctttaatgaatgt,275.1
gacgctgcatcgctatggcgaacagctacagggtgaattacgctggaaag,275.1
tgcgcgtgggttgggtcgcaccggggcgttatcacgataaactgatgcat,275.1
taacctgaacgatattgcgggtctggctgaagccatgctgaaatatgtct,275.09
cctgttaccaaaaacgcttttcacgaccggttatcgctacactaaatatt,274.92
caaacgctgtgcaagtagtaaatatgacaagttgatgtcataaatgtgtt,274.92
tttggacgggggtaaagtatcaggagattaatatcaataaaattactctc,274.92
cacgccctattatcatctattttcagactctttttgtttaaattagtttc,274.85
cggtcattggcatgttcaatgcgatcactccgttatgatatgttggtcgg,274.51
tatgacgtcattttattaatgagtacagcaaacattagtagtatgactgc,274.11
gatgtgggcggcttcttgcagaaatccggcttcgttgttagcgtcggaat,274.11
agttccccagttcacgttcaatcataacaacctctcttataattatgggt,274.11
aacgtaatggttctgtgcatattgatgcccgcgacgttaatgtattctgc,274.11
aacgttgcgtcatcattttttggtgccaagttccagcgtaatattgaaga,273.92
acggaatcctggtatccgatcgccattatgatcatggcatattcagtgat,273.92
agcgattctcggcggtaaagttgtcgccggagatgtggtagtaattcgct,273.92
atcagcagaaccgccgtcatggatgttgtcgcttgtggtactatcagcgt,273.52
ttggttcatttcaggcaaaaaaaatatgcctggcatgatacagtgcccct,273.42
tgtgacatagtgcgctttgttcatgccggatgcggcgtgaacgccttatc,273.19
cagataaattcatccgttgccaatctggcaacggatgttatcatattgcc,272.95
accgtgaacgcagtgagcgggctgcccgcagggcgagcgaagcgagtcaa,272.64
cattgaacgttatccctgtagtaaaggttatgcctggatagaatgagtgc,272.61
tggtttacgcagccggtacttaccacgtttgataaggataaaatcccgac,272.59
cggaattctggatgctggagccggaagtggcgtttgctaacctgaacgat,272.15
atctgcgtgaactgggtatttatcgacaaaccggctgctacattgaacgt,271.74
ccatgacaacatggacagcggaaatggagatgttgagtaataatggcaac,271.74
acgtggatttgcgcggcgaccgttcgctgacgctgcgttatattccacat,271.74
ggatttgtcagttttgttgctcgatttaccgaaggtggtaaaacaggtgc,271.74
agataatgaagtgcctggctaatatgacctgtggttatagaatcataatg,271.74
acgataatcaggtacagagacatccctttgtatttgtgcaatgctggtac,271.74
cgccagacagcgtgctttgtgcgggctatcaggcgttttattcttactcc,271.74
gaaaccagctggcaggacaccagcggcaaacaacggtttaaaatcccctt,271.74
tagtacatccttgcagaatcaggtagatgtttttcggctactatagcact,271.74
tgccgtttttttccagcaacatatcggcattaaatgtcgataaggtataa,271.26
atcgaatcttttgttgcggttactactattttcctcgggcaaaatgagat,271.26
gctggggtgtttgtttgtcttgtcggcggttattgggctatttatctcta,271.26
ctctcgcaaagactgctctacttttgcgaaatcgctcatgataaaaactc,271.26
atgtttatttccggtttttcggaaacggcgatgacctttattatgatgtt,271.21
gatgttgcttcgcatttggaaacgcccgttgatctgatattgttccatgc,271.21
gggagaggctgctcatttcattaaacgcggcggtttgttatcttcgttgc,271.21
gtcttcgtcactacctgtctgatcgctgcattcggcagtattatgatggg,271.21
tgaatgtcccattcttgctctacagctgggttttctttaagctcttcatc,271.21
tcgcgcccgccagatcgcactctttcgccagatcctgtaatttcgccagc,271.21
tgagtgcgcgcatgtttgtcttatgctgcatctggtttattgtggcgttc,271.21
atccgaagggcgtgaagcgcgtagtgatgtgttctggtaaggtttattac,271.16
cagtgacgcggttcaaataaactggtttgaccttaacgcaaaataatttt,271.16
gtgagttttattcgatgggcggaatggcgattacgcccgataacaccatt,271.16
ctgtacctctctgaaattgcgccggaaaaaattcgtggcagtatgatctc,271.16
cccttatattatctatcctgattgcaatattcgcctttaaaatgccgatt,271.03
ccaggcgaccgataatcgcatgacccgcttcgtggtaagccgtcgattct,270.9
caaggtactcatggagtacatatcctcgaatatcagagtaagattaataa,270.6
tggcttttgatggtgatttccgggaacaatttaatgataaacttcatggc,270.6
ggcttggcgcgtttatgagttcaaccggcgttgtcgctatctttattccc,270.57
tgcgattggcggcgcaaacgtctgggtgctcggtctgttactgttcttcc,270.41
gcagaggtgcaaactttgaagccctgaccccatgccgctatactgccgcc,270.41
attaaggtcatcgcgactaaggtcgtttatggaaatgatatgtttctgat,270.22
tcgaccgcctgctgaataaaaagtggtaagcacgcgctatacttaacgat,269.97
gtcgctggagcaataacccttatattatctatcctgattgcaatattcgc,269.7
aaaggacatgtcgctggagcaataacccttatattatctatcctgattgc,269.7
ggcagcaaaacagtctggtgacagaaaagattctgtttatgcttgaaggt,269.69
aagtgtgtgggcattttacgggaaggttacattactgtaaacatgattaa,269.35
ttagcggatcctacctgacgctttttatcgcaactctctactgtttctcc,269.08
ccgcctcattaatcatagacagttacggtgaaatcaccaaagtgagtgat,269.06
tgagatcgcagagtttttgaatcaatggggtaatgagtaatgatttaatt,268.62
atggggatctcaactggatcttcgacgctacaaatattaatgtcagcggt,268.6
gcacaacggtgttgtcgatctcagttgccagttggttaaacttacgtact,268.6
catgtgcatgatggattggaaaataatttctgaagactatactcgctaat,268.6
gcgtcgttagcacaatgcgatgcaattgatttagtgtatatctaataatt,268.4
ttttgccgcgtcgttagcacaatgcgatgcaattgatttagtgtatatct,268.4
gcagtacgcgcatgatagcctcatcaataataaggctttatgctagatgc,268.39
tccgggtttaatggttcatcgccaactgttgacgcagatatactgtattt,268.39
cagtacatccagttgtgctaacgcatcggggtctagtgcataataaacac,268.39
aacgcagcgctgtttcctgtaacctgaccatgacgtttaaaatagacagt,268.39
aaaaggtgcaaaagtgcctacatctaatgtttgtatgatataatcatcat,268.39
ctatgaaaatattgacgtaattttgcttttctctcgttagaatagcgcgc,268.24
tttttgcggctccaggttacttcccgtaggattcttgctttaatagtggg,268.24
ggcactccgctgtttctccgggctaccgctttttacactaaactccatgc,268.13
caggtgaatttatgtttgctggagtttggtacgttgctacgatggtagct,268.03
atttaatcttaaatgaaatttattaaaatttgcaaactataattttgtgt,267.6
gaaatttattaaaatttgcaaactataattttgtgtataaaaatataaat,267.6
ccgctactgccacatggcttgtccgtacggcgcgccacagtacaatgctg,267.49
gtgaagatcatccgttggcatcactgctgccgtgcgataacgtctttgcc,267.49
cctgctcaatgccaacggtgaaaacgcgtggaaaatcggtatcatcaaag,267.27
tgtgaagtgattcacatccgccgtgtcgatggaggcgcattatagggagt,267.27
agtcgtcgagcgtttgcagatagccgctggcgcgcaccatatattccgct,266.99
gacgtcggtgacgatccatactgcgggctactgccctatactccatggtt,266.88
tgtgtgattttttatttatcgtcgaacctggattgtttatcattggcctt,266.71
aactccgctgcgttatgtagcgatggttatctggttgtatagtgcgttcc,266.41
tcataaatactatagacgggacgggatgaaagtgggagtaaaatcagata,266.41
actttgcgctggatttggctgagaagaagattctgcgttaattttgtttc,265.94
ggtgatttgaggttgatgacaaacgaaacataacctgatgcgatctgtgt,265.94
gtcggcaccaaactgttgcgcgtcaacgctacgctgggtgagcataattt,265.94
atttataaacattatttaaatgttgttacttaagtgttaccgttgatgcc,265.64
aaaacaccaggccgtagcagaaggctattctggagagttaatttttcatt,265.27
ggtttatcacactccgtgccatatggaaaaaatgggctggacgctctaca,265.27
tcgcgcgcatatgcatgtacgattacgttgccctgccgatagtctggagt,265.27
gacgctggcgcaaatgtacccttccctgcaaacgatctacgattttctgt,265.26
ttacgttgtgcctgttgcacaacagccatttctccgacaaattcgcattt,265.03
ggacgtgctggcgcgttttaccaccaaaattattgccgataaaatcaaat,265.03
gatgatgaacatcgaagaactgcgtaaaattttttgtgaagatggcctct,265.03
atcccccattagaattcgatgtaattttcagtgtagaccataattttctt,265.03
ttttctacctgatatttccacttaacttcccctgtcttactatcgatggt,265.03
acaggaataagcctggcgtgttggtttcgttgttggtgtaacattaacca,265.03
tggacgcggtgcaggtgctgagctgatgcaaacggcgctaaactgggcgt,265.03
ggctggcgtctgcggtcgccgctgtgctgctggtatcgtattttggttca,264.82
ttatccgcgaagtactggcgcaggacccgcgcccggcctatcgtaaaggt,264.59
ttatcacggtaatgattgaccgcccatgacaggctgacgatgatgcagat,264.59
gttataaaaaatatcttgtatgtgatccagatcacatctatcatttagtt,264.59
ttgataattgtgctattcgattgagcgactaaccctgttatgctactgac,264.59
cacgctaagaattaggtatctcattgttagataatggttattatctaagg,264.59
accgcctaataaacccagcgcgataccaccctttctggcaccataaaaca,264.59
ataaacagccattggcggaagagtacgatatttactggtatgctggtgaa,264.47
ttgtcgaaaaggtcgccaacacgcagaccgcgacgtgctactttatcttc,263.92
cccgccgattgtgcaaggacaatcggcaaacggtgcagtacactgcgttg,263.78
aagtgctctttaacataatggatgtgttgtttgtgtgatactataaagtt,263.78
gtgataacagatgtctggaaatataggggcaaatccagttatcatcattg,263.78
gatattttcattgaagaagatttccgcgcccgcattgataaaatcaagga,263.78
gaaccacctcttcgctaccaccgatctggaaaagagctatcgtattaacc,263.75
gcgctaacgcggtgattgagtccggcgttgaactgggcgataacgtgatt,263.56
tgctggagcaggtcttccattgcctggctttgatagataatgtcaccgat,263.28
aatcagcagcctgagtggcgcagtggagagtatgatgaaaaaattagaag,263.28
aattcggttatcatttgtgcaatatttaatgctatctgttaacatttgtt,262.71
aaacacaaattcggttatcatttgtgcaatatttaatgctatctgttaac,262.71
cgctgggtcataccgtggcagaagcgcagaaacgcgcctatgccttaatg,262.32
cactgaaccagtaattcaccagacaatggcgcaccacttaaataaacttg,262.23
cctacagttgggcatcgtttgagtcactgtcggtcggataagatgcgcaa,262.02
aatgcgcagaaaatgccgcaaaccacgctgcaatggggcattctggtgtt,261.95
agatacgggggcgacggtgctggtgacagcgaatgcgttaagattgttgc,261.85
gctgcgatcgcgaaaatcgggataaacacaaattcggttatcatttgtgc,261.78
caacagccatttctccgacaaattcgcatttgtggaatataatctccatc,261.68
attatagtctctggtttcaagatttctcgatttataataagataggtttt,261.68
atgccctgttcagtcaggaactcttgcagcttgtgtgcaatcatggttga,261.68
tacataccgaaattcgtataatttcagcagttgttatttagaatgattaa,261.19
aattccatgagttcatcacgtttcaaaaaatattccggctagtataaggc,261.08
tatcaagaaagtcgatctcactactcgttcaatcgaagtagattgggatc,261.08
ggactggaaaccgctggcgctggaagactggtcattctatgtttctgggc,260.85
tgctaacggtacgctggactggaaaccgctggcgctggaagactggtcat,260.85
ttgctggcgctggccctcgtcgttcttgccattgtggtacaaatggcggt,260.85
cgtctgaaatctcccggttagggtttacgcccggtcgctacaatatacac,260.62
gaaaaactataacgcttgttaactatttcacaaataattaacatccgcat,260.58
cttccctacttaagtagggataaaccgttattggtcttattatcgtcatt,260.58
ccataaccttgccgggaattattgatacggaaaatggtattgtacatcgc,260.18
acggtgacatttgcactggtctgtattctctgggtggtttacggttactc,260.14
gccgcaatgcaggcttgccgtgttgtgaggtacccggatattatcgtgag,260.06
tgacaaatccgatattgtcggcgtcctgccaacaatgttcaaatacggtc,260.06
atgagtgatgagggactggcgccaggaaaacgcttgtcggaaatccgcca,260.06
aaaaatataacactgggcaactcttcgggttagatggtataaaagcagat,260.06
gagcgcgctgttgaagcttcgtttagcgactaccgcgtaaggttgcctgc,260.06
gttttcattttgttattccttttcaagggcttgttctacaatttcaatcc,260.06
cgcgaacgtccgtctacaggtcgaggggttatcgggacagctggaaaaga,260
tacaggcactaaaaatggttattgaggagcaaatatggctaactggttaa,259.73
agccgttgctgtacttgatgtcaggcgtgccggtgccgtattttcaaacg,259.37
tctgagagtgctgacaaacgcaaaactgcctgatgcgctacgcttatcag,259.37
cgcttgccctggcggctggacctaccaactggtgaagcgcaacatgtggg,259.37
cggcggcaccccaattgacgacgtcatgcgcgtgctggatattgacgagt,259.37
ggagaagataagaaattgaaaaaactgaaactgcatggctttaataatct,258.58
aatacgaatgaatgagagcaaaagcgggaaatatgtctatatgttagtaa,258.58
attccgatggtctgctgcgtcagtcgtccgatccttatattatggtgcgc,258.58
agctgctggattccgatggtctgctgcgtcagtcgtccgatccttatatt,258.58
ggcgagaatggcggggcgcaaccggacagaattttataaactgctttccc,258.58
gaacttttaaatctcattggttgttgtatctttgtgttattgtttttggt,258.58
agggagtcaaaagactcctttgagacaggtgacaaatgtaaaattgcctg,258.58
cgccaccgtgttagggtggcgcgtgccctgcttttctttatattacacgt,258.58
cagataaccggcaccattaatttatagccgcgctttggtacagtagcgat,258.58
tggcagaacaaagcacagattaatcgacaaaacctgcgttattctttcat,258.42
tgttgtgtccggaattaacgccgggccgaatctgggggatgatgttattt,258.42
cgagatcaacattacctatctgagcttgtccgcctggtgtcatactttct,258.32
atattatcggggacattgttccagacaacaatctgttttattcaataggt,258.32
gcacctaatttactgtcgctcgcgttctttatctcgtgtaatctccctcc,258.32
attaatattatcaatttccgctaataacaatcccgcgatatagtctctgc,258.32
aagtaatcataattataataaatattattgttgagtgttatattattatt,258.32
tatttcaacaaatgctggttttttgaatgcataacgacaaagatctctct,258.21
ataacgaaagaaaaattactcacagctgcgaaggatggaaaactggggac,258.19
agcgtgtttccggtcctttggtcattcaattgcttcaggaacatataacg,258.19
agcccgttgtgaccacccgacagcattcgtcgtttgctattgtttttatc,257.96
ctgcgtcaggcttcgttcgacccgagcgtactggcgattaaaattaacat,257.96
agagttaacagaatcacccgctcatgcaataccttgttatgtttaaggtt,257.96
atacgcagaatggcgtgagcctctggatgttgcatggcatactcccgcag,257.9
tttaaggagataaagatgacggcaattgccccggttattaccattgatgg,257.9
gactagtacgactttttgcggctccaggttacttcccgtaggattcttgc,257.66
agtagttgctggcgttgttcaatttgctgttgatactggataatttgctg,257.59
tttatgagttcgggcaacacctttatagcaaactggcgtagagtctgatt,256.92
ttcaagaagtgcgcggtcaaactggagaaggtgtaagccattatgtcccg,256.72
ttacgtaatgaaccaggcatcctttctcccacaaatatctagacttaagt,256.65
gtatcatcagtggtttggcgtgccagtggataacgggtagaatatgcggc,256.57
aacgccatttaacgctcgacgaactgaacgccaccagcgataacacaatg,256.43
atgcgttcttcatgctgcaccatcagctctttcaggccgataaccggggt,256.43
ctgaaaagtcagtagatattcataggcaagtaaggttttatactttgctg,256.43
gccagataatggcctttatccgctggcgctaatgccgcacactgtttgct,256.35
tcacacaaaagaatctctcggattattagcaaaaagccgatgtttttact,256.35
ttggttttcgccgtagtactttcttgcgcagttatatgtatgatttcatt,256.35
tgaccggtaaccgactcgacgataaatccaagcagcatataatcgacatc,256.35
tttttctgcgagatttctcacaaagcccaaaaagcgtctacgctgtttta,256.2
tatcagcaactgtggtgtttgccgaaagtggacggtaaatacattcaggt,255.76
gctatctatgaaccagctacctcgccatgcgctttcgcgttatggtctga,255.73
aacgttgcgaagcaacggcccggagggtggcgggcaggacgcccgccata,255.48
ttgcgcgtctccgctcactgtttgattcgccgtgatggtgaaatagtcca,255.3
tcataactgccgtcaatgcgcaaaattcacgccactgtcatatttgtgag,255.3
aggaaccctacgaagcctttgttgaactctctgatctgtatgataagcat,255.3
tatcgctgctgctttgcggccttcaggcagaaccgcgttatattattttg,255.3
gctggcaaattgcgctttgttcatgccggatgcggcgtgaacgccttatc,255.3
atgcgtattaacccacaggataaaatgtgcggtaacggcaaaatggaaaa,255.21
ccaggggccaaaattagcaccattttgcatattcaggtactgtcgttggc,255.21
atgaagccatgcgtattggcgaccgaattgccattatgcaaaatggtgaa,254.97
tatctctcacgtagaacgatggcatcaaaaaaatcatctataaagaaaga,254.97
gcattatcaaaatcagtttaacggtgctggtgataggttatgctctcggc,254.65
cgtattcgcgaactgctggtcgtcgcgccagaactgacgattattggtct,254.65
tttgcatttcgctatttccgcacttcttatttgccgcgcataatccctcg,254.49
cgaacgtgaataatccgggaacatttcggccaaagcctgatctaagcgtt,254.49
ccgaccacaatactcgcgccatcctgctgaacctggcttaagatctggct,254.22
gccaggttggcttctaatacctggcgtttgagatcttctaacatgttgac,253.97
gcgttatggtctgacttttcagggaaatatcctttcagtaaactgtcagt,253.87
taaaaaacagataccagctccagcggcattgtttggttatagtcacctgt,253.48
aaacagaaattcagcgtcgcggttgctgtcggcggcgataatattgatgc,253.48
gttgctgttaaacacttctcttttagcggcaatttttgcattattcattt,253.29
cgcaaataagtcgctatacttcggatttttgccatgctatttctttacat,253.29
gatcgatggttctattgtgcttcttccagtttgagaaataaaattgattt,253.29
ggatgtctccagacataatgatgtcctcacgaggatgttaaagttttatt,253.29
cgctttcacactccgccctataagtcggatgaatggaataaaatgcatat,253.09
atgcagctaaaatttgtggcggcgcagaaaatgttgttaaaacagaaacc,253.07
cgcacgcgtatttatggatgactgccgggttaagtatttatgctttcggt,252.88
atacgctcatgcaacgatgttcatcacacttttggtgctactgtgtttta,252.88
tgcgctgttctttgcgcgagataatgtcctcacagttaaaatcctttact,252.64
cgatgatggctgccagtcgtcgactgaatctgaattgctaccatttttac,252.64
tcgcctgcccgacctgttcgcgtcaggaatttgatgttatcggtacggtt,252.64
cgttcttcggatctacatcatcctgaagtagcgcgatatactcactgact,252.63
gctgggctttatgcgtgctaaccacccgaccttcggttacattccgcagg,252.63
cgctttccagtggggaagcgaagcaaatcgaaattctctatattgaaccc,252.63
ttcattgttttcagcgtacaaactcagttttttggtgtactcttgcgacc,252.63
agccagtttttgagccttgatttgaaaaatcttgcgggcatgattctgga,252.63
cgcttttctcgttgtttgccagtagttttctcagcgctacactattaccc,252.63
cgcctgggcgatcgcgtggaagttcgcgtcgaagcggttaatatggacga,252.63
aaccgtccagccactgatgaatgcgctgtgtattgccgataacatcaaac,252.56
cctctttttttactttcgcctccacgactggacaagttaatgtgatcggc,252.56
tcacgcaatgtatgctgattcgcgcgggaaatatgggtattatacgcaac,252.56
gagattgcaggaaaactcggttaacggagtgatcgagttaacattgttaa,252.56
ttttccgcacgaccgaccctttgtcgaaaatatcggctataacttcctgc,252.56
cgtcggcgtgacggttcattcacgccgttttcatctttatactgcataac,252.56
gattttgtttgatttttgtttaattggttagattgatatatgctgatagt,252.56
tgccgcacctttcgtttgcattttgtcgttacgcctgcattatttctggc,252.56
atcccgcatgggtaccaaagacaacaaggatttccaggctaatcttatgg,252.56
acaacgttaaaacggtgcaatcatagctatcacattgttaagatactgtg,252.56
attttgccgggaaaaattgcgattaatctgtatttgctataattctgagt,252.56
tttgcaaatcttgccaacaactacgacaagtttaactacactaatcctcc,252.56
tcgctgacagcaaaatagacccccgacgtccccagcgataacattgcctg,252.45
cctgcgcaacgaagatacgacttgtgctgtttgtttgaacttctggggtc,252.2
tccgacaaatccgattgagccgcgctacctgcgcaacgaagatacgactt,252.2
cggcatgttgcagtggacgaatgacgatccgacgtagcaccataaatgtt,252
gtattgcgtggcgaccaccgggaaagtcggtgaaacctataatattggtg,252
cgcattgctggtaacaatatcgtttttgctgcatgttctacagtagtaat,251.61
aatgtgcgcattgctggtaacaatatcgtttttgctgcatgttctacagt,251.61
ttttcgctcaaacaactaatgcgccaaacatttattgcgcgtaaaatatc,251.61
gtttatctttacaattataccagacaataaccatgtgttaaaattatcgt,251.61
tcaaaatattcactcgctgaattgttatacaaggcgctattctagtttgt,251.56
cgaaacagagattatgcttgctctgggctatgaggatccgtacattgccg,251.3
gctggataaaccgtcccgtcgtgaagtgaacgtcccggtagaatttatcg,251.11
cgcgcgtgggcgttggcgtgactcatcgcgctgatgtattatggcgcgct,250.78
ctcttaagcaccgacgttgacttgtgacctgtaaagtacaatatccctgt,250.78
gggactctgcaatacttgtttgcggaggatgtttgtgatcctgttttgta,250.78
agcagatacaactcacacaatgcacccgctgtgtgaaataaacagagccg,250.6
tacagtacctgggttatcggcggggcggcgattttcgctatcctgctttc,250.53
aggtggtgccgggtttattggctcggcgctggtgcgttatatcatcaacg,250.53
cttgatacgccgctggcgaaagtaggcggaaaaggcttatttgtaaaaga,250.43
ctttcagcaggaacggcaaggaatcaataaccagttgtatactttcttgc,249.98
tctcaggtaacccgctgtcactgatgatcgttttaatacatgatagtgtt,249.98
aggaaactttctgggcgcatggctttggcaaagtcaccgataaatttggc,249.94
gcgagtgctttcttgcccttcctgccgatgttgccgttacacttgcttat,249.06
gcgatacggaacgaatcaattgatataccaaaaagttgtagaatcgtgtc,248.92
atttccggatcagggttggcatgatcggtttcagtcagtactttgttcag,248.92
gctgattaatctggtcttcggcaatattctggagccgcgtatcatggggc,248.92
ttcgcttgggggaattgcattcagtgctttattaataatatccttaagtt,248.92
tacgcgcgtcgctggttactttcccgtcttttactggtacgttcagatcc,248.92
tgcggcgatgttgatggacaaaactcaccgcttcctgcaattttttctcg,248.92
agctttagcgtttttaaccgcttcagcaacgttcggtgttacagtaccca,248.92
acgtgatcttcatcacaaataatgacagttaaaaccgcttaaatgcttcc,248.92
gtcatttcggtatggtagcgaatcaaacatccccgttgtaccctgagtac,248.92
ttgtgaaaacacacgcataaaaatgttttaaatcgggttttaatggactc,248.92
aaatgggcgaacgccagtcctggcacagctacattccgtatactgaccgt,248.78
atcgcaaacatcaacatcaagaaagattccagttttgctatgttgctgga,248.78
ccgtaacagttaatgatgacggtctggttttacggctctatattcagccg,248.78
atccggcagctcgttgcggatatagtcatacattttgtaatgttcattcc,248.65
ccacgccgggaataagattcaacgccagtcccgaacgtgaaatttcctct,248.55
tgctccgccaaccgcgaaaaccagcattgaaatagtggtaatgtaggtaa,248.26
caggaacccaccgaaatgattcaggcgacagcctgaacgtagcagggatc,248.26
atcaaaggcacctgctttaaacgcttcaaaggcgacattatcatcgaggt,248.26
cggtcgttctcaccgttgggatctatgcgggtgagcgtataatccatctt,248.26
acctcttgtggtctgtgaaaacgcaggagggagtgggttatatttatgta,248.26
gccaaagagctggcgggcggcgacgtagccgcgtggctatactctgggtt,248.26
caacctgccccaataatacccaattctgacagttacgttataaattgtgt,248.26
gcaaaccacaggcaaatcagtaataaacaaattacatatattatggtgct,248.26
tgatcaaaacccagaatgtaagaatcttttaaacttgataatattaagct,248.26
aaatgcgctccctgcagcagggtaaaaccggctgcggtataatcaatcat,248.26
gccctgtacgtcgccaactggcctgctccgcgctctctgcactggcaggc,247.76
atggtttgatgccgtgaggcgaatttatcaattttatctacaattggggt,247.7
cgggattgtcaccgcctcgctggcgtcgcgcaataaggtaatatgtggat,247.58
cggtcagttaactgttgagttcgaaactgatgggtggtttgctctgacgg,247.58
atgactcgcctgcgtaagcgtgtggcagagcgtctgctggaagcgaaaaa,247.58
aaatcactgccgaacgtgcgtactctgaccctgtcaggtatgctggccga,247.58
tcggtgtagtgcagaatgcagccgttttcaccgctgccgacaatggtgtt,247.58
ggcctcgccacgaactacgcgattatggcggcgtacggtaagctgatgct,247.58
ataaccagagaatactggtgaagtcgggtttttttgtttataaaaaaggt,247.58
tgccgggctggcctctggtctgccactggcggatgccgtattactgggca,247.32
aagcggcgaaaagtgatgatgtggcggattgcctcagttacgctgacatt,247.32
gatttgccccctgtatggatttcactcaaaaaataattatcttatataat,247.32
agttccatctgcagcttgttatcacggatttcaaagataactttttcaaa,247.32
ggggctggattcaaaaccgtcaatgcggcaactattgatattatcaatac,247.32
aaatacggtatcgaccagcaggaaaccagcctgaaggctaatattatgcc,247.06
caccttaatctgggaaataacatcggaaggtaccaggttatatttattga,247.06
cagagattacgtctctgagtgcatcgttgtgcttgtagtataataaataa,246.58
atattacttgtcgtcgaagatgaatcaccagactgcggtataataagctt,246.55
agatactcaaggattcgatctttcacgcgctccagaccataatggtcggt,246.55
tcggtcccttgattttgttgacacggctttgaaccgcaagatactcaagg,246.55
gattattcacctcattctgacaaaagattaaatcttgtcagaatgaggtg,246.55
catttgtttcaacaattgctcctgctcagtccatgctgcaggatcgtcat,246.55
gaacatgaaatccgaatgaaataacgccgcgatggcgataaattaatctc,246.55
tctacgcgggggcattgagtgataaatatattctcgcttacagtaactcc,246.55
aaggagaatccaataatattcgtagcatctatggcgatataatacctgct,246.55
gggcgtccagccatagcgcaccagcggcgcggcaggtaaattctccgggt,246.44
tggcgtccagccatagcgcaccagcggcgcggcaggtaaattctccgggt,246.44
gccggcactctccgttgatgagccgaccgtttctatgttcttctgcgtta,246.11
ttctgcgttaacacctcgccgttctgcggtaaagaaggtaagttcgtaac,246.11
cttagaactggatgacgcggcaaatcaggtgctctgctactgttatgaag,245.82
aacctggcttaagatctggctaagtggttgtgatgaggtatcgtagattt,245.37
caacgcgaatgatttcgtgtatttgagtcatatcagttattctcagcctt,245.2
tttactggtatgctggtgaagatgacgttagcaaaagctatgcttgtctg,245.2
tcatcaatcagcagaaaatgttgccattacggaggcagtataatgaccaa,245.2
cctgcctgatgcatgctgcaaattaacatgatcggcgtaacatgactaaa,245.2
cattgcgaaagaaagatgacggattaccgtgcgaatggcatgttgatgcc,245.1
gacgcagactccggctgcttacagcggtgaatcctggctaatctcatcga,245.1
tttgtattattgccgccagaaattcctggcggcagatataatttattatt,244.9
caacaatgctttatcttcttcaaccaacgtttcttcggtataaaaggagg,244.9
aatgttctttttcattggtttatatttatcagtcaatgtaatgttatgaa,244.9
cgcaggaaagccactggaattctcccgttagggattgttatattataaca,244.9
actcccctcccgggcgatggcaattcatgagcatatccgccaggatggtg,244.9
agccgatgcccactgcggcagaccagaaagcgtttgctaaaatgactacc,244.9
gtgctggtgcggcttataatgaatcgccttatcgcggttataatgaaaat,244.9
cagaatgtaagaatcttttaaacttgataatattaagctatgcttaaatg,244.9
aaccttttaggcccattgataggcccaacgaaaagctctattgtttacgt,244.66
taccgaatgaatactcgatctataaagaaaaagaatttacgtttaacggt,244.64
ctggtaaagggtgtttggatcgagcaattcatccagcaataatggataac,244.64
cagccagtgcacagctttaagctgcgcggcgcatacgccatgatggcggg,244.64
aattccaggaattttcctaacatcgccagcgcggcattaagattacagat,244.54
aacgaccatgccgacggctttgcattcgcgtctttgttatcatcgttggc,244.49
cggaatttcgcccactggtggaaactattgccgccgttggacagactttt,244.34
tagctcactttgttaacaactttaactactctttaatgcagtattaaaga,243.54
actcgagttacgtcaaattcctctgcatactattgcggaaaaatgtggct,243.54
gtgagaatacggtaaatagtgcgttacgggtcatggggtatgatacaaaa,243.51
atacggtaaatagtgcgttacgggtcatggggtatgatacaaaagtagag,243.51
gcctgcatcgctttgtagcgtacgcgcggcattggcaataagattcagat,243.35
acataaatagaggctggcaatattttaaaaatttcgggatcgtaggagac,243.35
taaggaacgaagtctaccacttctgtgaaagcggtggcaaaatctgcaaa,243.35
atgcccgtttgctggttgttccggcagtagcattaattcattatctgaat,243.33
aaacgttgctggaaaccgtgcaggtgctggtcaaagactatgatttcagt,243.33
attgagctacatttctggcgataattcgcagttggtgtaatattaaaaat,243.23
caaaggctgggtgcgtgactgatctctgctaaaaagtgtagtattgagcg,243.16
tattcatcactactcctctgaaaaataataaaaaacggtagaatcgtgag,242.73
tatcacagcgtgtcgtatttcatttacgtctttcgaaattattatgggat,242.73
gagttgatcaaaacaggggttcggcgtattaaagtttgctaacctgtcgt,242
gcttagcccggatggtgataatgcatggtcggtgatgtataaactaagcc,242
acaacattgccgttatcaccatcgacgtaccgggtgagaaaatgaatacc,242
tccgtaattcgtcaccgcgtctgtatggcaaccagagtaatgtttataac,242
tagggatgccgtaatcactgttggttcgcatggaggttacaataaggtcc,242
aaaccgtcgccgatcatgactgacgaacaggcccgtgtgaaactggaaca,241.69
gtaggttttctcgccgctttttagcggcaaaatctggtacggtacaccgg,241.69
aaatgctggatttgatctgcccgaaagagcaaccgtgtgacaatgttccg,241.69
ggctgtgtggtactgcgccaggatgtcctgaatatggttgataatgagtt,241.69
ggcatccgctccgcagaaactggttagcagtccattgatattattaaggt,241.69
ggccagtggacatagctctgccactggctttcctgagcaataatctcttt,241.69
cgggtttgcgcctttgggtcatcggcaaacagcacgttattatgttgatc,241.68
ggcagaatatctggctaacaatgtagcgtccagccccttaccataaaagg,241.57
gcatacttcaccgccccagatttcacgtattgatcggctacgcttaatgc,241.55
ttctttactgtcgatatcgccgaccacgataaaggtcatattatttggtt,241.55
gaacactttcatttgctggtggcagttcagctgacactggtattattttg,241.55
caggaatttgtgtcgattcctccccccaaaagagagtattttcttgatct,241.54
tttcaccgcgtttcattgcaacaattatgaaacaagactaaacccaatat,241.49
aaaagaagcatccggctgggcgagtcggaactcaacggtatgattatcca,241.49
gaaaggggtgttgcattgacagattgaatctacactgttgaaattcagaa,241.49
ttggtttcagtgggatggaaattgaaacgatttgtcgatataacctgccg,241.49
gtgatttccatatgcgctccaggcatgatacggcagactatatttgttat,241.49
agcgcgggcgcagctcatcacgctgcgccgaagcgtgctaaaactaaccg,241.49
atcaaccacaccgtgcgcgatctgatcgacagcggcgatactattttgtc,241.49
atgatgaagctggaggccgtggggctgcgtggagcggctaaactaatgcc,241.31
acgaaccttaaaacggtgaaactggcttccgcgaaatactatgatgaact,241.21
cgtgcttgctgtcgtattgacttaacggggataagtacgagaatgagcgc,240.74
gtgcgcgctttatcccagcctgaaagattcatattggttatcgttgaact,240.67
gggcctgcgcgtcccgcaggatgtttcgctgatcggttatgataacgtgc,240.67
acaatgatgaaacaggtgagttgagttcaaactgtagtacaattctctcc,240.54
caaagtggtgatgattcccgttagctaattgcgtgggctaactttaagta,240.54
ttccttccttaacttcccctcttgcaccaaaactgcactacgctgcacaa,240.54
gagcgatgatatatttatacaccggatgaactttcacttatcctcacact,240.54
gttgcatttgccgttgctccagtcgccattgtcactgtaccatcattagc,240.54
gatatgttcgaaaaaacagcaaaaagcacgatttcatctatctttgtgct,240.54
cggtcagacagcgtcgatttaccgtggtcaatgtgagctatgatcgaaaa,240.54
attgcggaaaaatgtggctatagcagtacatcgtactttataaacacatt,240.54
gcgtttcgtacagcatgatgagagcgatgaaagcaaactacacttatgct,240.54
cggctcatcacctatccagaatattggtgcttatggcgtagaattacagc,240.54
aagagaaaaattcgcgagcgttgcgcaaacgttttcgttacaatgcgggc,240.54
attgattaaagacaacattcacagtgtggttatttgttacacataggggc,240.54
tcgccgcgagggttattggcaaaatatctcttttcttcagataataatgc,240.54
cgttgcgcaatcgtggatttttaccctgctttgtttttataatggtgcgc,240.43
tgcttcgccacgacattgacgaaattcttgatggcagccaacctttcgat,240.22
tacgtctttactggcgattaaagaagcctctcgctgtttattatgtcacg,240.2
attgagagaaaacaggatgcttccatcggattcatcttagataaagtgag,240.01
cagacaagtgccgctggatcttggtctggtggtacgcgaatatctgtcac,239.77
tgcagggtgatcttcttgccttgtgccggaacaactactttactttccat,239.63
gtgaccgctattgccgaaggtcgtaaggcggcagacggtattatgaactg,239.63
gcagttggtatacaacaaagctcgtcaggccagcattactcaggaactca,239.6
aggctatgcatgaattcaccgatacccgcgatgatagtacccttgatgaa,239.34
ttggaagtcatacctgtgtgcaattactgcaaaacggtcatgatgtcatc,239.34
cgcgccccgggagtgagcaattgatgacggtaatggatacactgaatgct,239.34
tgccgtttaaagagatgcgcaccgccctgcgcacacgcaaaatcaccaat,239.34
aggcgttgaaactgctgctggacgctttacgtaatggttaaattacctcc,239.34
ggcgcggaaaaacggtgatccatcgccccgaaggccagatgatagtcgct,239.34
aagccgtttggggatttttctccgcctatgcattggtgtttattgtcagt,239.01
gatttttctccgcctatgcattggtgtttattgtcagtatgctggcgatt,239.01
cggccccagcggtggggtgcggtaaaacgaagaaacggtaagaatgtggc,238.74
aaaatgttcccgatccgggcgttgaacaggcagatgatattattctgcgt,238.74
tagtcggtgatgattttgctaaaccctggtatcagttctttaatagtctc,238.74
tcttaatgtgatcggtagcacgttttacgaattaattgtatgatgaatcc,238.74
atgaacaaccggtgacttggtttagcccgttagatggcgataataccctt,238.74
cagatcaagaatctcttaaccgcgttgccgggacgaccgataaacgtgat,238.53
atgcacgccgacgcggtcacgatccgcgggcaatgttgtacaatgcggtt,238.19
accttgtgaggggacacaaagaaaaattgaataaactgtatgatttaaaa,238.19
aagaagctttgcgctggatggcagcaaaccgcaaagcgtaccatgtggtg,238.19
tcgcggaaacccacaacaagggcgaccgtgttgaaggtaaaatcaagtct,238.06
gtacctttttcgggatgaaaaatcaatgaaatggagccggtgttctccct,238.01
atattgcgggtgtactgctcgtgccctggggtgtcggcgataataaattt,238.01
attgtgtctgcggcttgaccttcccgtaaggggaaggactatgctcaacg,237.77
atcccaacgccataaagcacaaccaacagcataggaaatatactgaagat,237.77
ttgtcgataaacccggcagcgcgagcctgcacaatggcatactgatactc,237.77
gcgattaacagactcagtacaccctgatggctgacgactaaaatattctg,237.77
ggagaaatcgcaactgttaattttttatttccacgggtagaatgctcgcc,237.77
agataattgaaaggggtgttgcattgacagattgaatctacactgttgaa,237.77
tgttgccgttagggtatgaagtcgcgctgggcggctttattatgtgcggc,237.77
tcttcgcgatttgcccactgctgtggatttatggcgttactattaccaat,237.77
gcctgctgtcgaaaatgccgaccatggccgcgatgtgttacaagtattcc,236.97
ggtatggacgaaatgttgcagggcttcgcggtggcgctgaagatgggggc,236.97
tggcgatcgttgaattacctaagaacagtatcacgttgtaaaataagcct,236.97
ggtcaacatggtgatcgccccggcctgcattaagttttcacgccctacca,236.75
ggcattagcggatggtgatagtgcaacaatgtcggcagtagactgtagac,236.75
gcgtcaaactgaaagtgcctggcgaaacccagaccggtaagctattccgt,236.68
ccagctgcatatgagcgtatatattcgaatatttcatgctaccctgtcgg,236.52
gcgtaaaacatcagacatacttacctcagcaataaatgatttactaatga,236.48
atgcgtaaatgagctttctttaaagattcggcaagggtacttttctctcc,236.48
aggagaaatcggtaacgcgcatgacactgactcagactaaaataagaggc,235.92
ttccgccagtcgttgtttgccgcgcaagatgcacaaagtatcctgacgct,235.92
ttgccgtttctggagagtggcaaactggtgcaagtattgccagagtatgc,235.92
ctgcaacaggcgtggtacgaacatatcccgcttagtgaaaaaatgggcgt,235.91
gatattgttgttgggttgtccactggtcagtcgccatttatggtgttaat,235.79
attttcccgaccttattccgctttacgctgttttccaataagttaccgaa,235.79
gactgcgactttcatcctaaactccttattatattgataaactaagatat,235.52
cacgaagaaattgtggcgatttatcgcgcagcgatgtaatcatcatttcc,235.35
tccagttcaaccacacggcgtaatgcatcaccatcaagcatattaatgac,234.84
tgcaggtttaggctttggtcagaatggtactttcgactatggtcgtaact,234.84
acgccactcgccccttgttcaagagcttcaagaatcgaacaataaacact,234.84
tatgtactcagacgttgcagctgcataagggccaaggtaacttgggcgtt,234.52
tttgcaaaataaagcagaacggcagaatgacattctggtgaaataccgcc,234.52
tccatgctgcaggatcgtcatattgaataagactatttacaatagtgttc,234.52
atttaactttcgattagcagaaatttcgaaaggtaaaatatccttgtcac,234.52
tttgccacaggtaacaaaaaaccagtccgcgaagttgatagaatcccatc,234.52
agataaacgtatcagtagtattgtcggcgaatctattatattcttgaata,234.52
gcattggtcatccagtgactgttgccttgtttgtggcgtaaactgccgta,234.52
ctttacaggctctgtttggcggcacctttgatccggtgcactatggtcat,234.44
catgtccagactgactgcaacaattacgcctactgcggtaggctcttaga,234.44
agtagtcaaaatgactatcaatcaaatggtcgatatgacaatatctatag,234.44
gacgtgctggatagcgatattcctgctgacaccggtgttaaaatcggtac,234.32
tgatcaccgatattcttgaccagtacgagcggcaccttaactttattcat,234.06
gcacgggcgcatgtgattgcaggcgcgggtcactgggtccatgctgaaaa,234.06
tcggtgaaagaccgtggttacgcatatcaacctggatgatattgtgatcg,234.06
cctttgctgaacaccttcataaaattcagcgcatcgggtagtgttccctg,234.06
gcattaatgcggccatgttgtcatacaacctcaacggatatcatagtgaa,234.03
tgactaacagcggcgtgttgtacatcaccgatgatggtaaacatatcatt,234.03
ttgaccagttcgcaatttgcgaaagaccgtgatgatgttgtagcgtgcgc,234.03
cacaaccctctggtggtgtgtctgctcattatctgcattacgattctgac,234.02
ctgatttgccgggccttgcgcaaataattcctgaacttcagaatcatctt,233.56
aagggactaagcacacatttcatatttcaacgaaagactagtctatgagc,233.52
acgctggtcgtggtgcaggttaacggtaaagtccgtgccaaaatcaccgt,233.43
ttgtggtggattgtgcaaacggtgcgacttatcacatcgcgccgaacgtg,233.43
gatataattccgcaggaagcatagcgtgactatagaatatactaaaaatt,233.16
gcgggattgtcgtcgcaaatcttattgcagcgcccggatattatggaagc,233.16
tgtaaataacaaataatttttaatgcgcaaatgtagcgtaaaatgtgtgg,233.16
atcagcaggcgggatcgcattttcatggcagtggttccttacaatgacgt,232.95
cgaaaggtcgcttgctgatccgcaacatttgcatgtgctttgatacctat,232.95
gagcagagataaccgtgatgaaactgctcaaaggcgaggtataaaatgag,232.95
agcgcgtagggtgatagacccagtggtctgatcaacggtaacgtcagaga,232.85
agttgttttgccggtacccggcggcccccagaggatcatagaatgtaaat,232.85
aggtaggcaaagagctgccgcaggaggatgtggatgatatcgtagctttc,232.85
cacgccagcgccacgtaagttaaaacaatcaatagatccataattagatc,232.85
atgccgcttccgcgatgcgtttaataccggagtcggtaaactcgatattt,232.85
tccggtcataaatgtagatccgcaaggtttggttgatataaatttatacc,232.76
taaccattctggttattcttcatacaccgcagagatgttacattgatgcg,232.52
tgatattgattcaaatcgcgttcaggtctttcttatgcaaccatgcttcc,232.2
cgttgatgccgcgcaaatctcacctgcaataaagcgactaaaagtaaggc,232.2
aactggtgcaagtattgccagagtatgcacaaagcgccaatatctgggct,232.2
tccagcaatgcggcatttacattctcgtttgaacccagtaaaccttcagc,232.2
ctatcttctttggtttgctgattacgccgtgggcggtctactttctatcg,231.78
ctttgagaaaccgctggccgaaatttcgtttggacatgtactgttaaatc,231.78
tccggctagtataaggcatacatctaaaaggagagcattatgattgaatg,231.77
gtgacgcaagaaggtgtggctgaaggtgagaatggcgtaagttttgtctg,231.62
gttgcaggcatcggaacatgctcagctgtcgctgttctatattttcaacg,231.62
aagcagcggtttttttaatgggattcaccctgtggggtaaacttgagttc,231.62
agatgaaagcggttacattttatttaattatgttttgttattttaaattt,231.48
aaacgggaaaactggatgcaaccaagtcattgaccgaataatctttatat,231.48
ttaacagcgaagtatcaacctgggcgctgcgaaccattaaaatttcccat,231.48
ttcggcatctctggtctgctgttaatcgctgctatcgttattatgggcgt,231.37
caggcagcgattgcggcggcaaaccgttcgcacatgccttacagtaagtc,231.37
gtccacgctgacgcgcccggtacgttttattgcggatgtaaaattaactg,231.37
ttgggataagcttaacaataaaagaactaacaacgtttattatctctcac,231.27
ggtaacggtaaactggacgccccgtgacgccataatggatactggtgaac,230.37
gattcagtgcgaacagattgcaaatgtattcttcttgaataccatatgcc,230.34
tgaagaaagtttatgtcatgtcagaagcgaaataccgtatgctgccggat,230.34
agcgttgccattgcggactcaaatattttccctgtgtatgattcaacgct,230.34
ttgtagcggtaaagcttgcgtaaaaattgccgtcgtggttggtagtatat,230.34
ctactggtggtgactggcgtatttaagatgatattttaaaattaattaat,230.34
tcttgatggaagaatcgcgtcgattgctggtgaatgctaataatgtattg,230.34
gttgagcagatggcgctgaccattcgccacggtagcggtattgtttgcct,230.34
ataagctccctggacttggcttattcagagaactggtcaacacttgtctc,230.34
gcatgctcatctgtctttactcccgtgattcaattggtgacaattaccag,230.34
ttttcaaacagatagcgatgtaattggtcatgttgcggcataatcatctc,230.34
tttttgttgtggggatcgcatgcgcaaaagaaaggggcgattatagataa,230.04
tcggcatcatccagtggcggagaacactctggcggcagcataatcaattg,229.9
tggttggcggttcagcgccgcaatggacagctttcagatatcctgtttat,229.9
ctgtgcaaccttttccattgccgcagacgtactttcggtatattcaatct,229.9
tggcgatcacataccagtgacgagtgtcgattagggtaaaaatagggcgc,229.9
cggcattgattgcgggattgttggctcgctaaacaaagaagataaacgct,229.89
atcatcacgataaactgaccttcgggattctctacaactacactgaaaac,229.48
ggagcttgctttgggtcaatcagaatacatttcatgggtaaaatgtactt,229.42
tcgtacacatctgatttcactgtgagctggaatgaacttataatgcgctt,229.33
cacgaattcgacctgattgtcgcgacaggtgatttagcgcaggatcaatc,229.33
gggacgacgcgtttgaggtgtgttgtcaggtcttctcctacactaaccac,229.33
tcagacctatcgctatttgcgtacgccggaagaaccggtaaaacgcgata,229.33
ccgtgtccttggttcgattccgagtccgggcaccaaattcatataaacgg,229.33
actgacccacgcagtgtcggcacccaggtggacgatggtaccctggaagt,229.12
ctgaagtgaaagaagagaaaccagagttcgatccgatcctgctgcgccct,229.12
gtttacgctggtggttatttgtaccctcgtactgtggtttcataatgtct,229.12
ggtgtttgaagtcgaactgctggaaatcctctaagcagcgcattctgttc,229.12
gtccgttgtgaacgtatcggcggcggtacagacgaaattatgatttacgt,228.71
gtggaacgaaaccaaagataaattgcaccagagcggttactctctctctg,228.71
cagtcagaccagacagtcacacacagtggaagtgtgctaagtatagccct,228.51
agaaaaatattcagattgcagaccaggtaattattgatgaaactgcaggt,228.51
cggcaggtgttgatgataaagatctggttaaatacgccgatattggcgcg,228.51
gtaccagattacgcctccttacaggtctggcgtgtggtattgttatgcgc,228.51
tttccccgcgaccattgcatgcagacacatctcttcgtaaaatcccgcgc,228.51
caagcacacattcctctgcacgctttttcgatgtcacctatccttagagc,228.51
gtacagacgaaactgattgaaggcgatgcgggcgaaggtaagatgaaagt,228.51
caacccttgttgcaaataagcggcaaacgcgcgactgcgttcttccagct,228.51
attctccttaagttaactaacccggtacttaagccagggtatacttgtaa,228.51
aaagaacattcagacaattttacctgctcttttagtgttaaattctaatg,228.51
gaacggttgttacgcgcttgcctttgtcgctgaaagcctgcattttctgc,228.51
agcagacgttatcaatcgccttcacactgccgaaggttttggtaatgttc,228.51
gaagtaacaaactggttgatcgctggctacatgtacgtaagcatctgctc,228.51
gaaatgaacccctgaacggttatgcgactgccgaccgttatactgtgagt,228.51
cttatgcaaccatgcttccagagcggcaacactgcgtgtaatttcttcgt,228.48
cctggcgttcggatatttgcccgccgcgtgattcgcgttacacttgcggc,228.48
cggatgacaaactgggcgaagatttttaccaggatgcgataatctactcc,228.48
ggaaagaccggatctgacgcgacatattcagctctgatatactcgcaggt,228.19
gaaccggcgttgctgatcataacgggaggaattattggtacgctggtggt,228.13
tggatcttatggtatttctgttgatagtcaaaacaaagtattatatataa,228.13
ttttctccatagcacaatgattcaggagaaagcatggtacaaattgtcag,228.13
tcgtccgctctccccttctcttttctgccttttttagccaggattaacgc,227.62
tgtatgctggcggcacctttgacacaggcgatttcggtcggcaatctgac,227.38
ttgcgtggttataaagatacgcgttccattttctatattacctttacggc,227.38
acctaattcttagcgtgcctgttaacccacacatcagggtctatgcttat,227.33
tggcctggagaaagtttatgttcaggcaaaacgttggcagaatactgtag,227.33
atccgatctcaaatatagatccattaggattagaaacactaaaatgcatt,226.95
agtggcatcagaacggtctggtgatggataaatggtttatcctgcaagcc,226.95
ccacggatggagaaaatcgaactgggagttcttcaggctaaaatcttcat,226.95
tcatcgctggcgacatagcccgcgatgtcttcgtctgttaacgttctgaa,226.95
catcagcatttatgcctttaacgagaatcgtcgtctgcaatccgtacgct,226.95
gcggcccgattagctttattggtctcgtggtgccgcatatgatgcgtagc,226.95
ctttcatgagtctgccagcaagccagcgccccatctggtatcctctctgg,226.63
caagcgttgtgaagaaatgttatttgctcttttgcgtctatagtcatgat,226.63
aacggcccatttggataataagttgcttaatgattgtgttatggtcaggc,226.63
ggctgagtattacccttgcgagcttcaataatcaatgcatcataggcgtt,226.63
cttttcatttagcgcaaggttgtgagaataaaaacgttattattattggt,226.63
atcgctacggcgcgctgatgcaaaccatttccggcgtgcactacaatttc,226.63
ctgtcacagaaccctgcattgtgtcctctctttggtactaagctttactt,226.63
tcggcaatatgcggtggaaaaagatcgcggcgggttgataacatttgccc,226.63
agattggcgaaaagctcgcctggctggctgaacaggatcaaaatagcccc,226.5
gtgactgccgaaaaattgctcgtttcagggctatgtgttaaactcgccgc,226.5
gcgaatgttggcgtaatcattgagcgtggcaataatctgaaagaaaataa,226.5
ataaaccgacgttatatatcttgaaagcaggaaaatcttaaactgtgagg,226.45
ctgaaagtcccggaagacctttccataatcggttttgataacatcgacct,226.45
aaagccctggcagttaccagggcttgattactttgagctaattattactc,226.36
atgggattaaagaaacgccttaaataagaagcagtgatatactcccacca,226.36
gcgaaaggtcgcgtccaggcgtttatcgctacgctggttatgatgctttt,226.36
ccgccacctgcgccgcctggacaccgctctccgtctggtataatgatgcc,226.05
cggtcaacatccctggttttatcgacgccatccaggttatttttagcggt,226.05
gttatcacgtaaggggcgggatttagcccgttgcgatatatgatgcagct,226.05
cgttccatgggcctggtagtggaggactaagaaatggctaaactgaccaa,226.05
tgcgataagctgcaataagcagaaccacctttttggtttaatatgtcctt,226.01
attgtcattaatttttatcgctcatgacctggccgtggtaaaacacattt,225.89
ctgcacgacaccgaccgctcggcgtggtgggcactgctattcttaatccc,225.77
cccgccaatattaacatttagttaacttataattatattataattaactc,225.48
tccaccccgccaatattaacatttagttaacttataattatattataatt,225.48
ccttaccataaaaggaagtaaagagaggtcaagaattatgattactaccc,224.8
tattgtatttgtattatttacaggatgaatttatcgggcataatggttaa,224.78
accgctttatccgtggtttgggaattggtcgaagtgttttaattgttgat,224.78
agcaaaagtatctcatatcttatttgaacaggctaagatacactcaactg,224.78
gctaagactgatgacaagcgcaaaatcgccagatgcgctacgcttatctg,224.78
tgggagacgcatactttaactgttgataataatcaaataatattatttcc,224.77
catcacagccctgatcgaccacattcccataaatatgcatactaacttgt,224.77
aatggtcagtaccgctaaccgtgcgtggtaaaagtgccgatattcattac,224.59
aagttcagtcagtaaaagatgaaatggccggtctgatgcatactgtccag,224.5
gccagctgaccgcctttacctggtttcatttctacgttatgaacagtaga,224.2
gcggcaacgaaaaagtgattctttgcgatcgcggtgctaacttcggctat,224
caagacgaacggctgaaaatgttcaactggcgtaccggtataatggcgca,224
acggataaaaccggttgccagcagcgtttgttccagatgaccataaaaac,224
cggttgtctcttccgtaaaactcgatacccagcgcgcttatactgtgatt,224
tattggcaggttaattgctgtttccccgcaatttgcgctactgtagcgcg,223.79
tttgcaaatgccgtttgagccgtctcacgagaatatggctaatctgaagc,223.79
accgataagtaaaggccatggctcaggaaatcgaattaaagtttattgtt,223.79
ctggaagtgaaaaatcgcacccaggcggcaatgatgttaaatatctcctc,223.79
tgtgacagatgtcgctgatgccaacgatagatgatagttatctatcatgt,223.53
cgcgagaagaaaaaatcctgattcggtgagttttcgctaaaataagggcg,223.53
tacccttaacaacttaagggttttcaaatagatagacatatatttacatc,223.5
tttcacgcgggtagttcgagaacaagcacgcggcaactagaatataaagg,223.39
cttcgatgaacgcttttgcgtccgggcttggggtgcggtagaaagtacca,223.06
tggcttcgctggtgttacaggcacaggcgttttttactatcatgcttggc,223.04
gatcaccgcctgcggtttaatcttttcactgtgagtgtcatatttcaggc,222.91
tcacgcggaaagtcagatgcctgccggtagtgcatttgctatagtagggc,222.91
gttgtcgaaagtagattgcagatgctcatattctcgccacaatgtctgat,222.91
aaatcatcgactttctagcaaccaatttcattactcgatacagtgttgat,222.91
gggacaaagccccatgcgtcttgatcgacagaagttttataatgtgcatc,222.91
aatttcaccgtcctgatggtgtgatatttttccgaaagtataatcccgtc,222.91
cgctcgataatgttccagtccggcgtaccgtcctgtgctttaattgcagg,222.82
cattgcgtggcgtgggtcgcgggtgcgccggatgattctcaacagctggg,222.82
ccgatccgcaaaggctgggtgcgtgactgatctctgctaaaaagtgtagt,222.53
ttttaagtgcgggatagacaagcccttaaacgatgctgaaaattgttagc,222.5
gcatgtttatgtttatttatatagttagttttatagataaaattgaaatt,222.5
acacagcaaataagcaccatcattttgaatcaaagggcatacaatagtcc,222.5
ttctgcgcgtatcttgattttgcccaaagttacatgttgaaatgaataat,222.5
ctgtgtaaatcctctcgccaccctcccctgcattcagcaaaatcagactc,222.5
cggaccgaagtcaggttgtacgctttgttccatttatgcagcatattcac,222.5
acgttaagcaacgtctgctggaattctcgaacgttgacgatatttatttt,222.5
tcagcaacgttattttgaacaattagcgtggcggctgcacaatgaaaatt,222.04
ctttaggtctttaccttgatctccttatacaagcaatcaacactggtact,221.98
agcactttgttcagttgcatttcaatgattcctttactattcaattaatt,221.42
tttaactcagaccagtgcttttagttcttcctgcatatatgttgaaaagt,221.42
ccgcagcggtcacatagaagcgttaattaacatatgggaaaatgacaact,221.42
ggctgccccatcatgtggaaaacgcaggcgtcatcatccatattgaaata,221.42
tgcgcggctattgatattgaccattttatggaacgcagttacctgaatgc,221.06
tggcgcaaaacatcagccagttcgcccataaaccgtttattgtgttcatc,221.06
tcctggtggacgaaaatcgccatcggtattttgttgtttatttttatagc,220.78
gtaaccttccgcgatcatccacttcagcaggacgatgttagagttcaggt,220.73
caggatctgtgatgacttacccggcggcgcatttctttatactaatcaac,220.73
gaatatctcattgagccacgcaagctgtttgaggacgctacactgatacc,220.73
agctttacattgctttgcgtccctatgcgtttacctgtgcacaataaatt,220.46
cagagaaatttgacgttgagtacgacggatggggcacttactttgaagat,219.84
agcgcggcaaagtcgtgttgccagagcgcagcgatgatatcttgaataac,219.82
caaatataatgatgttgttagcatcaggtcaagacttttataatcaaaac,219.74
tgttagcatcaggtcaagacttttataatcaaaactcttatactttcggt,219.74
ttcccgcgacaaagttttacccaaagaagtgtggctgatatgctgcccgc,219.35
tcaccggtttcgttgacgcttaattaattcgttgaggataggatatgagt,219.28
gttccgcgtcatccgcgagctgaaatcgcaaggccgcggtattgtctata,219.28
tttgcccgcgatgatgacaagccttgcgttaatcgtgtaatcatcacttt,219.2
gtacgcatgtcaatctcctcttttgtacagttcattgtacaatgatgagc,219.2
gggctactcggggcttgtcttgggatccaacgtgatgatacttcttcatt,219.2
ccgcaaagcagcaagtgactcaaaccatgaatgctggcatcgtttccagc,219.2
ccaaagcctgcgatctggtgttaaaacaggggctgaacttcatttcctga,219.2
caaacacgaagtgcgtttccatcagtcgcgtctggtgcatgattttatct,219.07
gatataaaacaacctcattgccaacctttccttttcttcttaccgttgag,218.83
tccatgctggaacacagcttagccccggaggatgggatataatacctggc,218.83
tgagaaggttcaccctacctggcgaagcgagtttccaataccgttagatg,218.83
accgtgaagcacagtctgatttttgccagcgttatcggcattatcaccct,218.75
ttgagcgtaactataatcgtgcgcgtcagcttctgaccgacaatatggat,218.75
aatcctccgcctgctggtggaaataacaacaagcagccacaatttcctct,218.11
tgggatgagtgactgttccatcatgagtatccttaatcaataatgcgcat,218.11
agcgggatatagcgcggttgttggtggaaattgtcgtgatatggtgcgat,218.11
caccggcgcaacgcccagtttcagcagcgcgaaaaaggtaatatacaatt,218.07
cgttgtcgcgaaaggcgatccgcgtgccgagttaggtaataataccgaat,218.07
tcgcggggcgctcaatattcccaacctgagccgggtggtaaaatataacg,218.07
gcgtgcgccctaatggcctggaagacaccgcgcagtttaaactggaagtt,218.07
tattttctgaaaaaagcaaaatactactgcccggatgcgataattaaccc,218.07
gcagttgaagcagacgctgtagcgcgccctggttttgatacagtacttca,218.07
tttacgatatcaaacatgacaagatcaaggcgggcgatattctggtcatt,218.07
gcgtcggcttgaccaatgaagagttgcagaaatgccattatcatgtcgcg,217.35
aagggtatgcagcactttcggaagatcggaatacatgcgcgtgcctttgc,217.34
gcgcccgcatctttactgcatcgacaagtaatatttgtcataatgcgcgc,216.72
tccgttcgtcccggcattgccattcctccgtcattattgaatatgtataa,216.68
ccgtcaaattgcccgttgcatggcaatttggcgcaaaatactatctactg,216.68
acgcccgtcaaattgcccgttgcatggcaatttggcgcaaaatactatct,216.68
gtcctgaatttcagggccctttttttacatggattgtataaaatggataa,216.61
ccagcccgcgctgtacgcaatgttagtgacgacgagttacactggaaacg,216.48
ctcgtatccagactgctgtgaaatccgttgccaacagccaggatatcgat,216.48
catttcaaatgatcagcaatatttacattaaataagactaaacttattga,216.48
tattgatttacaataagagtctcacctcctgattttagtaatctcttgat,216.48
gaaaccgctgaagcatggactgttggtgcaaaatatgatgctaataatgt,216.48
caacgccgccagcgttatgccgcaggcagaaatggcgatattctggagcg,216.48
acgggcgcggtaacacactactatggcaagaagattggtaatctgattac,216.48
cgcttcggcgaggaaagattcatcgccttcatacggtgtatagttatgtt,216.48
acttaaaaagaactggtagtactcctgttggctaaacgtatcattactgc,216.48
ttatctgtcgagatcgtgaactacggcacactttgcgctaccatcaggac,216.48
ccgccagcaacatatttaacacatcctgatcaggatgtgttatttttttg,216.48
aattaatttttcaatttgccgccgttgtggatcttttttaccatctgcgt,216.48
aggattctacccttttgacaagggcgacagatatcgttttaatcggagcc,216.48
tccagtccttcgggactggaatttttttgttcggagaacgaagataaggc,216.48
ctacaaggggagtaaaaaatgaccatttcggagttgctacaatattgcat,216.48
catgggcattaatgaaatgtaagcgttatctttatgctaatatggaagtt,216.48
agtgagaaggccttatttgtattgtttcaaaaaattactaaaatgcagtt,216.39
cgtgactcagagcacgaaagagaattatcgtaagtgggaaaacaaataac,216.39
taccgggattctgttgtcggaatggctggttatccattaaaatagatcgg,216.36
ccaacaaattggttttgaatttgccgaacatattcgatacattcagaatt,216.3
cgcattccagagaagagtgtttctcagagtgatcgtgataccctgaaaaa,215.89
gccagcgcagaacagaacatacccgccgcaccagcgcctataataatggc,215.83
cgggctgggaaatctggtctgcgagaaatgtcacttccatctcccgatct,215.79
gcgctgggtcctgcctttacatgccatatccatctttctatattcaaaaa,215.75
ccatctccattctgctggtgtggctgaaaaaacagggtatgctgcgtcgt,215.64
tgtactggtcatacctggatacaggtaccggtggtggtattctttactgc,215.48
ataagattgtgcgcagctatattcctgatttgtttaactatgatgatatt,215.48
aaaccatgcaggcaccacgccgatgggttatcgtcgtgatacagtttacg,215.48
acggcgaatcaaaccatgcaggcaccacgccgatgggttatcgtcgtgat,215.48
agcatgaacaaacgcaaccgtgaaaatcaaaatagcataaattgtgatct,215.48
aacaaaatgtcatgccagaatttatggttgtcgtgggttatattttttcg,215.48
tgtatgattcaacgctgtcatcttcattgacattgcgattaacataggga,215.48
actggatgactcgcctgcgtagtcagtgtccttgcattatctttgatagt,215.48
ccgcgcaggaatgttgaagcaagatcggcgggtgccttatcttcttcaat,215.48
ttgtgacttgcgtcctggagatacacagtgggtaataatttaatgcagac,215.48
ctcatttcgcggtcatcgaaactaatttaaacaaaaagagtctgaaaata,215.48
cattcacatgggtaccaaacatactcctgacatctgactacaataattag,215.48
ctgacggttatcactttattctcgggcgcactgacgatgtaattaacgtt,215.41
tttgccaataagcgattgccatctgatcccgctactctagaattgcccgg,215.41
tgtcattttgccaataagcgattgccatctgatcccgctactctagaatt,215.41
gtgcattgtattgatggagctaatgatgatgattcagttatggtggtcag,215.41
tgttcaaatcgccggatttgtcatatccggcgttcagtcgataatgtgtt,215.41
tgggcaaaaaaatggctctgtttcatagtgaccttacgtatgatgacatc,215.41
ttcaggcgggagagatgggcaaaaaaatggctctgtttcatagtgacctt,215.41
tcattaatattgatattgagaatatgcaggcgacggcgcaatgtggtgtt,215.41
gcgtctggcttgcctttatactaccgcgcgtttgtttataaactgcccaa,215.3
ccctttcagctggccttgaaatttaactttttcgccctgataacgcagtt,215.16
ccatgctggcgggttgtacggcttatgatcgtaccaaagaccagtttgta,215.16
tcatatttcatctgttgattccagaacttcagcgcctcaatatcgatcgg,215.16
gccgtctgggatcagctcgacgacctgaaccttgaaggtaaaattgttgc,215.16
taaacgtcgagatgatatccacgaactttgatttgtgtttgcatagcgca,214.71
ccacggcgacgatcagttatcgcattaaacttctggaagagaataccgga,214.71
tttttatatctgccttatttttcttcaacgctgtatgtatagtaagcgat,214.71
cgagcggtaatcgcaatgccggtagcggattcgcaagttatagtcatatt,214.71
tgattattttctgaaaaaagcaaaatactactgcccggatgcgataatta,214.71
cgggttccgaggaaattgacttcgccgtgaagctcgcgacaatcaatttt,214.71
agtgtgatgtaacgcaatctgttacataacgaattgtctatagttttttc,214.55
gatgaagcgcaataaattgcgagataaatctgatttgctagtatgcccgc,214.48
tttgtaggcacgataagacgcgacagcgtcgcatcaggcatcatgcacca,214.03
agcaaaaatatctcggtgaccgaagttcatgctcgccatattctgctgaa,213.98
taacgtcgccgctccagatgccttccggtagagtgctgtaatctgttact,213.64
tacaagggcacagcactgtttttcaggccgcacgcagttaagatagcaaa,213.13
cgctgtttattgatagttcatggatcccgctgtcgcgttatcctgacttt,213.13
acggtcacagcaactgactcatttctaacgtgttcgtctatttttgtagt,213.13
tattcattttattaatatttaaacttaatctatatggaataatatatgac,213.03
gttgagcggtaaggcgagtgcttcggcactattggggattacgggttagt,212.75
actcagtaattccttcttctactaaacgtaaaaacctggaaagtaatctt,212.75
aactgtacgctaacgtcgccgctccagatgccttccggtagagtgctgta,212.75
aacatcaggcgattgtgcgtaagtggctggaagagcgcaaactggatgag,212.75
aaggttttcttaaggttcttctgaaagtgaaaagcgcacaaaatgtacaa,212.75
tttcacccagcgatacggtctttttcgacgataacgccgataatatagaa,212.75
gtaatgtagggattgttttaattcccgctcccttatgggagaaggttaac,212.72
gtcatgacgacttaattcctgtagggattgtggctgcggatatttttgca,212.51
ttactcgacttttgcactgactgaaaaggacaaattaatgttaaaaaaga,212.47
gggattgctaatgctaataacagacgcgcttcactgatatacttctgcac,212.47
gggataaagccgcccttgcggatttcattgtagataatagaataggatat,212.47
atggtgtgcaagcgctacacaaagtcagtatgcaacattatgatctgctt,212.47
ccttccggtagagtgctgtaatctgttactgcggtggtaccattggtggt,212.31
tcgatttttttatcgaccgaccgctgggaatgaaaggttatattctcaat,212.22
acttatccaggattatcttgggcatcgcaatattcgtcatactgtctggt,212.22
aggctggtgtgcagcaggataactggttaggtacaggttatgctgttggt,212.21
agttgcctctatctggtacgcagagtgattaatcgtggtattgtggagaa,212.21
tgcatctgtactgatgtccaaaaccttcgacaacggcgtaatctgtgctt,212.21
ctctgagagatcttgagaaattaacgtcaccatcccggtatcatgtggac,212.21
cggtgactggtatcccttttcagaaggtcgccgttttgtatcattccatc,212.21
agcagaagttcagcaacgccgtgaggcatttaatcgtgcgaaaatggact,212.21
gggataaagatgagcaaaccacctcttttctttattgttatcattggctt,212.21
cactgcttattatcgacggctaaactatttttttggctgatactgatatc,212.21
tgctctcttataacattgacgggattatactttcggaaaaatatcacacc,212.21
tacaagacagaagaagatatctctcaaaatttgtgctcgatcggtcccct,212.16
cacatgggtaacgtgttgaccgataagttgtgattgataaggttttaact,211.77
cagtatattttcatcttaatacccaatagcaatccagttatagtaataac,211.77
gcgcgagtatcagattcatattctggatgtcgcgggtccataataaacac,211.77
ctggcgcgagttttaaatggtgaagagattaataatgatatgctcgtttc,211.77
ttctggccagatcactgtgtgcagaacagtgaaggcgcacaattacatcc,211.77
tttattataatcctattcaattataataatcatgccattattatatttaa,211.77
tctggtgtcgattccgttaggcattcgcaaagctgtttataatgggagcc,211.77
cgacacgtttcattaagattttcctcaggtaaccacctatagtcattgtc,211.77
tttttaacgtcatcacacttcctacctcccctaacgcttatcgtcgtttc,211.77
ggcgcgtattcgtggcgaatctgtgacaccgaaaatgttagatttaggtt,211.77
gcgcctgcgctggcagaataaaagccgtgacatccattacattattcgcc,211.77
cccgtgtcgcgcgcaagacttttagcggtcagaagatctacaatatcgga,211.77
tgcaaacctggttaagcctggctgaactgaagaaataaaataaatccccg,211.65
ttcacgtctgattgaaccgctgattcgcctgaaacgttacgatgccaaac,211.6
attaaaatgccggcgttgaggaaggtgaaggtattactcatactggaaac,211.42
acgatttccatcagccaggcgttgaggaagatagagattaaaatgccggc,211.42
atgtgatggtcggcggcttttttattctcggcttgtctacctttagtatt,211.36
ttgatggtgagattaatcggaccaacggaaaacgcgttatcctgataagc,211.36
tgatatgagacaggatggcgcatgaacgccatcctgcagtaacattactc,211.36
atttcgataccgtaaatactggctccttccaacacgctattattgaggtt,211.36
agtggcattcggcatagccagcataatcccggtactgttagcatatgttc,210.98
aacgccagtggcattcggcatagccagcataatcccggtactgttagcat,210.98
aaaaagatcgtgtttacgcgccgttacgtttttaacactattattgcact,210.84
aagctatccacgcggatgcggcttttggtttgttgatcgaaaatgatgtg,210.8
agctctcctgcccgattactgcagaagataccagtggtacgctgtacgac,210.74
ccgtggtgcaggactggaaagcgcgtggtcgcccacagtatgttgatggc,210.51
agacgtaacaaggactgttaaccggggaagatatgtcctaaaatgccgct,210.47
catccgatcttccggctaaagcactggtagatgcgggctatgatggcatc,210.47
gaatctattatattcttgaatatctatagaaggttcactattataaaacc,210.47
gccacacttttcaggtggccttttttaataatgccagttactgttttccc,210.47
acaactgccgcaatgtttacatcgaactcccctcaggccacacttttcag,210.47
ttgaaaacaatccgctatgctttgaaaaaggagaaagaaatgatgaaaaa,210.44
gttatctaccgcctcggttgtggattaggaaaactggcgttacgttttat,210.17
tctcaaccgcttcgacctcgccatgctgaaaccgtttatgccagaaacca,210.17
agtaaggagatggtggtcggtttcataacgtatcctgataaattgatgtt,210.09
aaagtaatcttaaggcacaaaatttacagcttgatgccgaagataaaaaa,210.09
atgaaattaacggcggctaaacgcattgttttttttatatatttatttgt,210.09
tttggtacgaaatcatggcgaaccgcgcggacttcgggtaatctgcgcgc,210.09
cgagttggatattattcacgcttcactctcctgctgacgatactgatacc,210.09
ctgttggtactgctgcaggccagatcaaaactggttctatgagccgttct,210.09
tcaaggtggatttttttgaatcctgccgcaacgtagcttttaatcaaatc,210.09
gtttccggtgtcgaaatgtctcgcgacctggcgtatgccaaagtatatgt,210.09
ggtcgtgaatgtacttgatggtatcgcggtatttaccaatataatcattg,210.09
atcatgatgacactgttcatgctggtgtcgctgtcgggcattatcaagtt,210.09
aatgtcacctgttatgtgagccgggcgaaaaccggtggtattaaaggggg,210.09
tccttcaacgtattgttgaaagagattcgttcgctgggtatcaacatcga,209.68
ccgggttgtgatagatggtaatgttgctcatatcagtatctaattacaaa,209.27
atatttcgccgccagcttttcatcgaattcgataccaagacccggtttgt,208.84
atttcggctcgctgctgacactgttatggcagggattttatacttttgac,208.8
agcgttgagccgccatcgaccacaatatcctgtagggtaatatggctggc,208.76
tcaaaatcctggctgtggagcagaatatccagcgttttaatatagtgctc,208.76
atcgaaactaatttaaacaaaaagagtctgaaaatagatgataatagggc,208.24
tttcttacggccggttgcggtcggcgatgtggtgtgctgctatgcacgct,208.05
gtttcagcgcgcaaatcgcccccttaacaacggaagctaaaattgtccag,208.05
aagcgagattcactatagatttctgaaccaaatacatttatattattagt,208.05
tagcggtatttgtatttgatatgcgtacccagcagatgaacaatgatcag,208.05
ttactcatggcctgtccttaactgtatgaaattgggatacaacaggtagc,208.04
cgggaagattaaaggaaaaacgtgccgggtgcggttattaaaataatgaa,208.03
gtgaaaaacctgacctcgcagatggtggaatacggccaggtgaaacgcgg,208
attgaactgtcagttcattaaaaaaataatttctgttaaatatattggtt,208
tcctgcaccggcacaaattcccatcgcaccaattcgggtattgtcgacat,208
ttagccgtccagatgtttacacatccataattggcggttactgtatattc,208
gatattttgctaccagatgttcctggccagcacgttcgcgaacctgttct,207.94
ccacacagtttgtattgttttgtgcaaaagtttcactacgctttattaac,207.8
gaattagaaaaagtgctgccggtaggcgtcaaatttggtattaacattgc,207.8
gcctcacaggctacgttattgctttgagccggagtgatattgtgaaagtc,207.8
accgctctctgacgggttgccagtacagccatataattgacaataaaaga,207.8
agcagctgcgccagatgaaaaatatgggcggcatggctagtctgatgggc,207.8
gtttcgcatgcagctgtacgcctggctgcgcaagttggaacattgttggt,207.8
taggaacaatgctactgcaatccacaacgaagcggcgtaacatcacaagt,207.79
gttggtgcatggtatggcgcatccactgggcgcgttttataacactccac,207.79
attaaaaagaagatctatttatttagagatctgttctattgtgatctctt,207.79
agccatgacataccttcgaataaccagccacccagcggcataatgatcag,207.43
gccattacaccagtattcgacgcagaacgttttggcattaaggttgtttc,207.43
tcaactttgtcggcttgagaaagacctgggatcctgggtattaaaaagaa,207.3
aaatgtattgttttagaaaaatgattcttgtgggttatataatcgccatc,207.06
acgcacaatatcggctgacgattgtggaatcgacccgatacactaccctg,206.5
aagaatggctgtagggtgggaaaaaacacaaagtaaacaataattgacga,206.46
gatctcgccgcgaaaacatcaatattatccattttgctgtaacataattg,206.46
agaggcagtaagattagacggattatccgttaaaaagatatcataatctt,206.46
acgaggtgaagacctttgataatcagcgaaatgcaacgcaagcttgccac,206.32
gtggcggaatatgccattgtggaaggtaattgtgtgttaaaacatcatgt,206.32
gttaacgataataaaggaggtagcaagtgaccattgctattgttataggc,206.32
ttcctgcttcacgcccagatccactaactgtttcgcggtaaactgcatga,206.32
gtaagccggactcttctcgtgcacgttcgcgggaagtgtatattgtagcg,206.32
atgatcgattccccgcaacagcaggcgtttggtgaagataaatttaagca,206.32
atccagatgtttgctcacataatctgcgtcaatagtgatattttgaccgc,206.26
gcttacaggcgaatcgaatctgtcgccgaagtaaagggtaaattacgagt,206.19
gcgcgaacttcgcttgcctggttgccaatgatcaactcatcgtgtttgat,206.19
cttcgcttgcctggttgccaatgatcaactcatcgtgtttgatccagatg,206.19
catttggcgaaaggtttcgcgtttttgtgattttatgatgtattgctggt,206.19
ctgtgccagtcatttggcgaaaggtttcgcgtttttgtgattttatgatg,206.19
cgtaaaaatcaaaaaattacctgctttattctggtgataaaattcacgat,205.89
ccagctggtttcgttacagacgcagcccgaacgcgtgcaaaatgcgatgt,205.89
gtgttcccggaaatggcgacgatgccgattgcgctggttattctgattgt,205.89
aaacgacgatggcgtgactcaccgtttccgtattgtcggctacgatgaaa,205.89
gttcaggcaaaacgttggcagaatactgtaggcaggccagaattacaggc,205.89
attcggcgagataattaacctttcttcgcctggcgggtcataatggcgcg,205.89
gtcaggcaatttataacgttgctgaaacgtcagcaatgtatgatgttgct,205.83
gtgcggcatcggaaaataacattttcatcacgcttttgctattttatccc,205.64
gcaggtcagggaccagaatatctacgctactcattgtgtatcctttattt,205.48
tgaatctccagacaaccaatatcacttaaataagtgatagtcttaatact,205.46
acaaccggattggcaatgcaaggccgccgacaattcgttatcatgcccgc,205.37
tcacttaacaacaggcggtaagcaacgcgaaattctgctaccatccacgc,205.37
acattatcaaacgtgacattctgactggtcagttgtggcagaataacggc,205.37
gtgtttatcgcgctacacggtcgcggcggtgaagatggtacgctgcaggg,205.14
agactacgcggatatcgcttgtttgacgggaagcaaggatgattactatt,205.14
ggcgagaaaaatcaccagtaatataagtacgttatgccatactgactggt,205.14
ttgtgaatatatcaatttccgcaataaatttcctgtcatatagtgaattc,205.14
ctccatggaaaacatcgatccggctctggcggacaaagccgtgggttatc,204.96
aatgtatgatgttgctacaaacagccttactcctgatgcaacatatgaaa,204.85
ggccactaaagaaaaagataatgccaaatccggcaactaaaataaccagc,204.85
aaggaaatggcaatctttttatcggtacgggttggtgtagcattgagttt,204.85
caacccagtccagttccagatcctgtaaggaaatggcaatctttttatcg,204.85
ccctggataaataccagcaattgctggaaaaagaccgcatacttatcgtc,204.77
gaacctttacgcacttcgacatagccttcaacttccagcatgatgatggc,204.77
ctggcaatgatcatgagaaagagtatctggtgacggtcgataaaccgatt,204.77
catcacgctgccaggcttcgctttcgcggtattgctggtactcttccact,204.65
aggtaagaaaaaggtggcaggatgtttacgaaggcgttatcggttgtctt,204.65
acgaacacgcttaccactatcgtcaatcaaatcattgccgatgaacagtt,204.65
gtcactggtgggctggcagtaatgtgcttcgtaaaaatgtacggtattac,204.65
aagtcaccaggtcacgctgaaaatcaaagagatcgactacgatcagtggc,204.46
agatcattggagaagttgcacattttgacaaaacatatgtcacaatattt,204.46
caacttcagatcattggagaagttgcacattttgacaaaacatatgtcac,204.46
cttgggtaaatgtttgaccatcatcatacgaaagattgataatactgtct,204.46
cacctgttgcaggtacttcttgtcgtactgttttgtgctataaacggcga,204.46
tttttgagcgtgatatcggcagtgctataaaatacgttaatataatgacc,204.46
cgtgagtgattgtcttgaacaaagctgaccggatagcctagaatatgttc,204.46
tcgctccccggcattacgcaatgcgcagcgaactcaggcatacatcaagc,204.46
accacggaattttgctcgcgccaccatctcttgtccggtataacagcctt,204.46
atttgttggagaacaaacatttattttatcaatattttaaaatttcgaat,204.46
tacagaattgtctgccttgcgctccacggctcatgcaccaggcttaatag,204.46
ttaccgcgtttacctttatctttaccggttaacacgataacttcgtcatc,204.46
attgacataaaattccttattcatcatttgttttatgctaagatgtttaa,204.46
gttgattattgatgctgtttttagttttaacggcaattaatatatgtgtt,204.46
tgccgcgaccacgcttgctgtagaagtggctgagcgctgtaatctgacac,204.46
ttccccttgggaaggtgcgaacaagttcctgatatgagatcatcatattc,204.35
cgttttccccttgggaaggtgcgaacaagttcctgatatgagatcatcat,204.35
tgcacgggcggagaggaaattccccttcgcccgtgtcagtataattaccc,204.34
gtgatcgctacccatgtaaataagattgtgcgcagctatattcctgattt,204.34
caccagattcctctcatttaaaatcgcccctcctccagcatctatactta,204.34
acctgaatgagatcaattgttgaaaagaaaaattgaggaaaatcgtaacg,204.34
gcattgcttcatatttgcggaaaatctacatttcgggaatactgttcaac,204.34
tgggcgatcgcttcattgataaagtgaatgacgcgaaagaaaatgtactg,204.34
ccgatgccagccgcctgcgtacctggattgaaaccggtaaagtgatgcct,204.34
catcactttttccatcagctgtgcgaccaggctttcggtaaactggcctt,204.34
tgtgctgtgggaagctttgccaccaccagagaaaggaaaataatattgtc,204.34
tttaaagcctggctgattctgctgtacggcattttgctatgcttgtcgcc,204.34
tccagacaattgccttttctggacatgctttgtttaataccatgttcttt,204.34
tgctcgttgagcaaaataacttttacgcccgaggtgccaagatctatccc,204.34
ggaccgtgttctactgggcatggtgggtgatttatgctatccagatgagt,203.81
agggctggaccgtgttctactgggcatggtgggtgatttatgctatccag,203.81
attacctttttattcttgtttgcgcaaataacgcatggcaaaacattcct,203.81
gttgaacgcaacgcggcagagcaagtgctggcagcgttacattcccatcc,203.74
ggcatcgaaatggaatggcatgcgcctattccacaagatatggtggagct,203.54
acgaatacagagtacaaaccccgtacaaaagtacggggcataatgcaatt,203.44
gcaccaatgagcgtacctggtgcttgaggatttccggtatttttaatcag,203.37
cgcttgcttaatggaataccggggccatcatcctcgaccacaatatagag,203.37
cccaccacggtacaaagtgatcgtcaccaaaagtgatgtattgtgtcagt,203.37
taccattcactcctttgacccgtgcatggcctgtgcggtacacgtagtgg,203.37
agggattaaaaccctgagaacgttcgggcgggccgggttaatgttattca,203.37
acgcacacgtagactgcccggggcacgccgactatgttaaaaacatgatc,203.37
gcgcaggggataagcattgtcaatttgctgtagcgcataatgatttcctt,203.27
gttaataaatttgttgcgcgaatgatctaacaaacatgcatcatgtacaa,203.05
aatgaatgtttttatattctagattcgatattttcgataggtttggggtt,202.97
aggatgtaacttgtgccaggggtattttgcattacggtaataattattac,202.97
gcgctggcgttaggggttgcctttggtgcggtagagctgtttgatgtctc,202.47
tcagcccgctgtcgcttgtcgtttcagtagcaacgggttagctttaagga,202.47
atcgttggtgtggactttcttcagggcgattttcgtgatgaactggtgat,202.47
catagggattgtgattggtatgatccgattaatattgatacaatatcttt,202.45
tcaatggttacgaagtgggcggtggttcagtacgtatccataatggtgat,202.39
ttgaggaaattctcacgcagtattgcccgatttttgtttagtgtctactc,202.11
gcttctcagctgtgttgattttcgtggtggtatggctgacgctctcttac,202.11
agcataatctcattatcttcgccgatgaaatttatgacaaaattctctac,202.11
ctgtacagaacgcaatgcgtctgggcgctaaaggtattaaagttgaagtt,202.11
aaactatgaccgtgtggtcattggtgcttctattcgctatggtcactacc,202.11
atccgctcgtagggtgggacatcagcaccgttgatagctatgatgcgctg,201.9
cattacccgctacgcctgcggactaagtattttccagataatgtttcagt,201.9
tcgcttctgcggcaccggaaattcgcttcccgaacgtttatggtattgat,201.9
gcggtagtcaaagtcctcacccagtgggttagaacgattagaatgttggt,201.9
aaaagggggtaaaggttgcagggagagcgccccggcactagactacccgc,201.86
cctggcaaaaaacgggctgaacgggaaaaataatgcgatatattaggatc,201.67
agccacattcgccggttgccgatccgcaaaagaatcccaatatgttcgaa,201.6
tcttcgttccgggactggcgattttatgcggtgtgtttgatgctttagcc,201.6
cgccgcgtgcgattctgtcgctgatcctgatcgtgggtatgatgaccatc,201.6
atttaattgaaagctttgtgttacgtgaaggcaccgattatggtgaacat,201.6
agggttctggcgttgcatttgataacgaaaaatttgcctacaatatcaac,201.6
taggaagggataactaacggctatggagttaagtatgtaaaatagcccgc,201.45
ctccaattttattcatggaaaaataatatttaaaaaattacaataatctt,201.29
gaataatctactggatatggcgcgaattcagtccggcggctttaatttga,201.29
ccataaagatcagcaacagcaccagcagtacgtccagcaacggtacaatg,201.29
gcctgtgccatttttgtcccaaattttgccaccttcattaatatgaaagg,201.29
acagaaaaaggatttgatatttgtgcgcaacggtgatgaacatacctgct,201.29
ccagcggcttgttgacgatgatccccattgcaccattggtattatgttcg,201.29
cagcgagtacattttgactttctgaatcaggctgcttgatgatgtcaggt,201.29
gtcgatctgggttatgcagcttattgtttaacaaggagttaccatgattg,201.29
tctgctcgctaaggatgcttttagggcatcctttcatttacactttttac,201.18
ggaggatatgatcgttgacgtggcgctggatctgcgcaacaacaaataat,200.78
cgcgcgttcaagaacatgaacaatcatgggtttgccgttaatatcaacca,200.62
gcaataaaaaatggattgcgaaaactgaccagacgtccattctgttggtg,200.62
tatcaacgagctgaagcgcctgcaccagacgctgcgttatagtcttatct,200.62
gatgtttgtgatcctgttttgtagtgcgattaatccgtgtacaataacgc,200.62
acccccaatccgattctgtacactatttccgctgaaattataattgagca,200.62
aaatatgcataatggctgttacccccaatccgattctgtacactatttcc,200.62
tttgaaactgagatcatttttgatcatatcaacaaggtggatctgcaaaa,200.54
aggcgctatcaccgccgccatgccgatgaactgttgactatgcttttagc,200.45
ttcatggggcactgtgcgtggcctattcgggtcagtgctacatttctcat,200.42
aaatcagcggcgaagtggcaaaaccattgaccctcgatcatgatgactta,200.42
aactcggcgtctcctgtattgctgttccggtgtttgatattcatgggcgg,199.83
ccaataaactgcaagcctgcggcggctctatttccgctactatctacttt,199.81
ctgatgcgcgatgcttatcaggcctaccagaagattgcaatatattgaat,199.67
gtgacgttgcaggtcgtgactgcgtactggtcgatgatatgatcgacact,199.61
atgcacaaaaataatcataattattttctgagatgcattatgatatgaac,199.61
cgtcacgctttccacttccggtgtagttccggcgctggataaactgggcg,199.61
ttaatcaaagtattgcaaaaagagatgtcgatgggcgttatctttatcac,199.45
gtatccataatggtgatatgcagcagacggtgtttggtattctgggtatc,199.44
cgacgctatcaatacgcgccagcggcgggcagtgctgatacaattgaaca,199.05
gtcactacgcacacgtagactgcccggggcacgccgactatgttaaaaac,198.95
tccggttataaaagcgcggcgcattatacacggacgctatgctttactct,198.76
ctttaatgcctggtttggcaatggtgcaacttttgttatagcctatcacc,198.76
ctcgcctgagcaaactggataacggcgaatacgatgccatcattcttgcc,198.74
gtcgagtattgccgggacgctgggtggtgttttctggcataactatggct,198.57
aacagttaacgcaatcattttgcgatgtggtggatgctattattgctggt,198.53
caagacctgatgctgccacccgaggcttaaccagggtacaattgcccgct,198.53
gcaggcttcaaaatccgtcagggctatccgatcggctgtaaagtaactct,198.53
aagcattcagggcaattgaggcagcgttggtgaagcacgataataatatg,198.44
gcgcatcaggcagttttgcgtttgtcatcagtctcgaatatggtcgatat,198.44
agtgaagtaagatctaagaggagttaaattttatacagtataatcataat,198.44
cgcttgcctattcctgtaccaaatgtattaccgggtatattatccattgt,198.44
atacatattttaatgttatggaagttaatttaattatttacaatgatgat,198.44
gatgcgcgatgctttcccactgctcaatcatcacgatagaatccggtgcc,198.44
atttttttcactctatggcaaattagccatttcaaacattatcatggctg,198.44
actaccgcattacccttgcgctggcaggtttccgtcaggaagatttagag,198.44
ttctgaaatacttctgttctaacaccctcgttttcaatatatttctgtct,198.44
taccaggatgcttaatggtaaattcagtaatttgtagtaaattcgtggcc,198.44
catccagatttggatggtttttttttgtctatagctggtaagataattac,198.44
gagagaatatgtcactggaaaatgcccctgacgatgtcaaactggctgtc,198.12
cgatcggtcataagctggcgaaaggccgcccggagcgcgaatatttacag,198.09
tggcagacacgggcgttgatggaccgcgcgatcggtcataagctggcgaa,198.09
cgtacctgggatacttccaagtctaactacggttacggtattgttgctat,197.94
gttcgggagagagtgcaatacctactgaacagctggtataaacttcaatt,197.94
cgtttattttgggagttgtctacggcaacttttgcgggaagaatggaaat,197.94
tcacatcagcgcatttaccaggcggtatggtaaagctctacaatatcctc,197.94
tcatcgtgaatccattagacttagaaaatatcgggtcgtaacgttgtgtt,197.94
ctcctgaacatccactcgatcttcgccttcttccggtttattgtgtttta,197.94
gattccctttgtctgtttgataatgcgcacattgggtataacgtgatcat,197.84
atgccagccagattggcctgactccggcgaaagacggtatctttgttgaa,197.65
attgttgactcgaactcgacttcagataaatcacgctttacccttgatgg,197.65
aactcaatttaacatttgacaaacatttagtttgcatacagattcgaatg,197.48
ctcgattttctcttttacgcgctggtgccgtttggctttattcttgctgc,197.48
gactttggaagattgtagcgccagtcacagaaaaatgtgatggttttagt,197.48
gtggttgataaacaattacgcatccagttgaaaaatggtaaagaaaccac,197.31
gcgccaatatcggtggcattaacaaagtgcgcaatgaatatcatgtctat,197.31
ttgtgatgagcgatgccgaacgtaccgacgatgatttatacgatacggtg,197.15
atctgaccatggatacgctgggcgcaatggtgtttggtatcgttattgtt,197.15
gggcgaaagggaacaatgcttcgcctgccgggagtggtaatactaaaaac,197.15
agtagcaactttgcttgcactagaccgactggtctactacactccaacgc,197.15
ggccgcatcatcgcttgcgatcttttacctatggatcctatcgttggtgt,197.15
aggttgacggcaaatttgataacagccgctataacggtatcctcaaccag,196.91
gatgactcatcactgttgaaaacagccacgaagccagctggaataagggt,196.91
cggccataacgcacctccactggaaggtttatcagtaatatcctaccgtt,196.91
aggaaccaaaacgcatggtcagatcgcgcgcttcgatggcaatctctgcg,196.91
agcaactggatcttattgccttcgcgccagctacatttcataaatgaatc,196.79
cgctaaaaaaggccccactttcgtggagcctttattgtacgctttttact,196.79
aatcttcatcttttcaggtacaaacgcctttattgctacatttttataac,196.79
agcgtgagttccagccttacattgaagcgaactggatcaacaatagcaaa,196.79
gccttaccgatatcacgcagtttttcagcacgataatctatatttgtctc,196.79
gcgcatgccattacgtaaaaagatcagtttgtcgacgttatactgcaaat,196.79
gcgtcgacttacaaccttttaactgacagcaggagaggcataatgaaaac,196.79
atcagctccgcgctatcctgcgtgcctcggctttcggtaaattgcgcatt,196.79
gacactgcatttatcatcaaaaacgtttaacgcaggctattatagtcatc,196.79
tgcgcatcgacgagattgtattcttgtcgcaggcatgatttgatcacgtt,196.44
aactttaataaatttgttcatttacattccctatgtattatatattaatt,196.44
caggctgttgcattattcaaaaagcaacccaattagtgcattataatgtt,196.26
tgggattgttcgtcgctgatactttccgtactcagcgtaaaatagcggct,196.26
aaaatatggctttgccatccctgggattgttcgtcgctgatactttccgt,196.26
gcatttttgaccatagtgcattgttgctgatgagtgtatctatgtctttc,196
ccttacgcgaaatacgggcagacatggcctgcccggttattattattttt,196
ggcagcatttcgacaatcaccagaccgttgtgcagtcgattaagattaat,195.91
gccgcttcgccatatggcaattctcccttcggcaaccataatttttgttc,195.67
caagcggcgcgcaccatcgtccgtgatagtggtgatggtaaagtacagac,195.46
tatcaaccgctgtatgccgcattgggcttgcatcctggtatgttggaaaa,195.46
aaaagtgattgtcgccatcaataaagataaaaatgcgccaatcttcaact,195.16
atcagcacctgctcgccgcccattgcgacgccaaaggtaaaatgtggagc,195.16
aacccgaaaaaagtcgaaattctgaccgaagcagggattaatattgttga,195.11
ttaggcgcaaaggaattgctcactggaacccgggcttcatactgggtatc,195.05
ctatatattgtgtggttgaatcttttttcaactacatctagtatctctgt,195.05
gcggtacagctgaactccctgtctggcttctgcctgactaaactggacgt,195.03
cattaaagaatttattgcagtttcatattaattctcccgatataaataac,194.58
acagcgaagtgatcaccatcgcctgctgttgtggatcataaactgaaggc,194.58
ctcatatcagggacttgttcgcaccttccttaatccctaacataaatgac,194.58
attcctgatttttatgtctttccagaaaaaagtgtaagctataatatact,194.58
attattgaggttaacttcacctgctcgcatgagtgttttaagatctgtaa,194.58
tgcgctgccgggaaacatcccgctgatgcatttactggtttaattaacga,194.58
tttccctgaataactgtagtgttttcagggcgcggcataataatcagcca,194.53
gatgtcggggccagaacaaactacatagcgtgttgattataatagggcac,194.53
gatcggctttattggtgacggtcagttcaaagttattggtaagctggatg,194.53
cggttgatggcagtctggacaaagagctttcatttcaataaattccccgc,194.53
ttgcgctagttgtgggcataaacgaataaggtattgttatgattttaagt,194.53
gttaaagatttgcgctagttgtgggcataaacgaataaggtattgttatg,194.53
ccattcgcctttaactttatctttaaagttggcttgtttatcctgagtac,194.53
caggttgataaagagcaggtaaaaaaagccgcccggcataatatgaaatg,194.53
aaaccgcacagaataaattgtcgtgatttcacctttaaaataaaattaaa,194.48
ttctgtcggaagtcacagaaataagctgcgaagttaagatgatccctaat,194.13
atcacgcatggacactgccggaagaaagcagccgtcccataattaaacgt,194.13
tagccgcaggtaaactcaactcacgccccagattgccgatataaaccatc,194.13
cggatgtgactgccgcgcacgacggtcggaaatggcgtaaggtaggtaac,194.13
tctactttggctcggtgttctcattgtttgtcggtgataacgttggcact,194.13
cactctgacgggtatatcaatgcgtctggcttgcctttatactaccgcgc,194.12
tgataccgtttgccacatgaataatgacattgccgtcgcggcgggctgca,193.96
attttaagcaaaatacttatgcatgattattcattcacgatattaataat,193.38
tggttaactttgtcctgacctgcggaaccatcggtactatgttgaccttt,193.25
tctgcaactcggggttgcatctggttgtggttacaatgaaaatgagaagc,193.19
tgaaacgctttgatattgtggtgagcgattgttgcccggaagatgagtat,193.19
tatccccagtacccctgacgtaccgactggatgaatggtttaataccgtc,193.19
aaaggaattgctcactggaacccgggcttcatactgggtatcgtttaaac,193.19
atcgcttttgcagtgtcggcgttaaggcttagttgcgtatactgtggaac,193.19
gtaataatttaatgcagacggacctttccgtctggggtatgtatcagcac,193.19
cattgatcgaaataagagcaaaaacatccacctgacgcttaaattaaggt,193.19
tatctacagcggaggtgatgatgaaagtatggatggcgatattaataggt,193.06
gagtgataaagataacgcccatcgacatctctttttgcaatactttgatt,193.02
aactgcgcgtgatagttttcctcgatatctttgtcctgcatgatatggac,193.02
tgagttttgagtaaggaggcaatcatgaaagtgttaggtaatattttatg,192.95
acgatgcgctgacctttgccatctttacccacgacggcagaatggtcctt,192.9
tgacctttgccatctttacccacgacggcagaatggtccttaatgatggc,192.9
cggcggatctctttatcgccaccatcgccacgatggtagacaatcttgat,192.9
tttctattcaggaagttttcaaaacactggttgaggctatcatcctagtc,192.82
cttatgcatgattattcattcacgatattaataatgtaacttatattttc,192.76
ggcagacctgcgtgaggcgggtgagagcaatattggtataatttttcagc,192.76
tttgcgcagaaatttcgcgatatggcaggacaagacgtaaaattgacagc,192.43
cagataataatgtgttcaacttcgagtacatccactgcatactgaaccac,192.43
tttgaaccacagcatgataatttccacggccttgtcgttaaatttagcgg,192.43
ataaatgcatcaatttactgaaagctgtacctgatgccacaattaacttt,192.43
tcgttaggagtgaatcatgttaatcatttacttttatcatatagtaaaca,192.43
ccaacaaattatactggataaaaaaacagttcatcaccataatatttctg,192.43
taagccgtctcgcagagatgttattgcagcgaaagtatgacaaagtatcc,192.43
ttgattattaataatcagctatgaagttttaatttgaatacaatgcaatt,192.43
gtgttactttcgctattcagctttgtggtcaaatttggtctgatggtcca,192.43
caccctcaaatgcgctccatattcctgctttatctatatataatgcgtgg,192.43
acaatctatctttcatcccatattcatcaacatccgctattattgatttc,192.43
tggcacaacgtgaccagcggttcgataccgtactttttacactcttcaaa,192.43
tttgccatagaaagtggcatatcggagaaattaaccattaccatatccgc,192.43
ccgctgcgatcattcgctctaacatcgtaaggtcaggtaacatgtcagct,192.43
cgggccggatgtgctgtacatccggcccttttttcgttaatagagattgg,192.43
aattatcaattaatgaactttatgaattttatctgctgtaaaattaggtg,192.43
ttcggcaatattattgtcattgtatgaaggatatcgggcatagtagccct,192.43
aacgggaaaagtaatggtaaagccacagctaaatacatagaatccccagc,192.43
tctgcttaaaatccatgccatttgttcattaacagctgagaatttgaccc,192.43
aataaaccttatttgttgcagccctgtggcacaatggtcaacataatacc,191.82
aaactcggaataaaccttatttgttgcagccctgtggcacaatggtcaac,191.82
tcggcatggatgaaatttatatggcgttgtcgatggccgatattttcatt,191.82
aggttgtgttgcttgaatgcgttaccacaatggtgactaatctgttgttt,191.82
aaggcgataatgtggtgattaatctggcgtcagatgagtattttaaatcg,191.58
gagttgctgtgagattgaaaccatattcaacaaacattatcatatatagc,191.58
tcgccgtatcccagttgatcgccaagcccatacagcgcaacaattttacc,191.58
ttttacccttaatatttaacaatactaaacatttagcgtataaatttcac,191.58
agcattttggctgtcagcccggcgagaacattttgtgccatagttgaaga,191.58
gatctcctgaagatataaggaatatcttaaggatactgcaaaatgatgag,191.48
attatcatttcgcagctcacgcgcggcgttaatacgttttacaatacatt,191.48
agagatgctggagaatttcggctctctttatggcttgttaacctctgaat,191.48
tggcgttaagtgcttctgaaacggcgcaacgcggcggtaaagtggtagat,191.48
ttcagaaccagtactaacttactcgacatggaagtacctataattgatac,191.43
gtattaaacaaagcatgtccagaaaaggcaattgtctggataatgctgtg,191.33
ttttaccggaaagtaacgcatcactcgtgatactcatgttattttgcacc,191.23
cgctgaagatttcagaggacggacgtagtcacacgccggatactgtgagc,191.23
tgtgctgtttaactggcggatggtggggcattatcgttattttgttaaat,191.23
ttaagggggccgccgttttcattaaacacttcaggcttaagataatggtt,191.23
atgaatccggtgatctttgcgggcgataaaccagggcaaaatacaaaatc,190.99
aacagagtgatagcgccaataacatcttctaaatggactaaattaacacc,190.71
acgagtcctttgcacttgcttactttatcgataaatcctacttttttaat,190.59
aagacgtattagctgaaattgaagcggtgcatcaggtttatacttatccg,190.59
ctaatccgccaacggcttacattttacttattgaggtgaataatgagact,190.42
gcactaaaaaagtggcacattacggcgcgcttttctttaaacttctttac,190.11
cctgttcaatcaaaaccctttccggcattgtccatagctatactgatggc,190.11
ggtgattttaccctgttcaatcaaaaccctttccggcattgtccatagct,190.11
atcgcccaactaaagaacgtaaaatctcgctgccacgctaagattatcct,190.02
tatttgccgagatgggcttcacctgtctgcgtatttccattgcctgggcg,189.97
atgctgacaagttgttggacaaaatcaacgataactagtggagtatgtat,189.81
tggtatcgagataatgttcgttattggggttacgacctacaatcaatggt,189.55
tgcagattttctccaccaccatgcgtactgcagacggtaaaattatcgtt,189.55
gcaggaaggtcaccactttaaacagcacgatggctttgataaaactgaga,189.55
caacccggagctgaaccggcgtctccagaaagtcgtgataccatccactg,189.48
gttttcagaaggttttacacggttatggccatctgttggtacaattattt,189.48
cctaaagtcagccaggctgttgcctgagtaaggagagtatgatgtcttct,189.48
ccggtgatgaggttggtcctggtcacaacggctccgcaatactctggtaa,189.48
catatcgatatatccttgttatctcaccagcttttcggcacgctggtgtt,189.48
aaaaactggcgctgcttgaacaaagaatcagcgaactggaaaatcgcagt,189.48
tcgcccggcagcggttcaaatactggcgtatcgtgggtatcctgaaaagt,189.48
ttttaccccaggcgatagcatcgtctattaaatgctcatattgtgataat,189.15
aatgtaaacgcggttgaacgcgcttttgatattgtgatacaacccacaat,188.86
tttagctggcgttacacctttttattgatcgctgtttttaatattgcggt,188.82
atgctggcggtcagcaccggttctggcttcattggtggtattattgcggg,188.82
aaaacggcgaacgtaactgggtttccccggttgatgctatcgttgaacgt,188.73
tcacgcgcgacgaattgctgtcgcgctttttcccgcagtatcatcccgtc,188.73
ctctgcggtaacaggtggaacgagttaaagatggcaactacgatgaacaa,188.71
tatgtgtcgaaaatcaacgataaagacgtcgaacgcctgaataatgacgg,188.64
gtaaattgccggacatagcgaaacaattaagactgccatatcctattgac,188.64
atccgtaatttttactccacttcctgccagtttttccgtttactggtttt,188.64
tgcgtcggctggcctcaccgcagatcctgtttttactgtacactttatgt,188.64
cggtcgcggaacggtgaaaaccgtggaaacggtatgctatgaaatcatgc,188.64
gtaccgggaaaacgatggcgtttcttacgtcaacgtttcattatcttctc,188.64
tgcgggcaatccagaagaaaatgatgtcgaaaccagataccatcacgctg,188.64
atgacgccgatctgccagaatataacgttgccgttgaccgttatgccgac,188.54
atcaaaactgacaattcattctatgaatgaatctgttcaataatgataac,188.42
atgggatacagccagttgttgtacggacgcacctacgatgtaatggtgtt,188.26
gtctggcaccctgacttgcaactcccgccgaaatcctgcaaagtctgcct,188.26
cgtctggcctttctgaataggcttcttccgctcaatgatattatcaagct,187.87
gtggttgccccgctgaatcagctggttaccgccagtcagcgtattgaaca,187.87
ttgatctgctgtttgttgccattagcgtctttatacgaaatcataccggt,187.87
atgggcggaaaaacttatcagcagagcgcaggttactggcgttaaaatag,187.87
tctgcgctgcaactgatgcacccgaatatggtggcggatatgctggaact,187.87
ttatgacggctatctgggtctgtatgaagaccgtatggtacagctagacc,187.87
cctgtgaagcgcattgaggaagttctgactctggcgctgcaaaatgaacc,187.62
gatggtcgcattgtgatgatgtcttcagtcactggtgatatggtggccga,187.45
ctgtaaatccgtgaactgacctttttcacctaacccgatatcatcgatgt,187.45
taacgcagctactccgtgcagtcggtcaatcacaatctaatatatgtaat,187.45
aaatcgaccatcataatggcgtttttcttcacgatgccgattaatagcat,187.16
aatattcttgaagggttagatcgtcactgttttctgttcgatactgtgac,187.07
gagatcgatcacaccacctcgatggtgatgattttcggtattatttttct,187
tactactcattgatagattgcaaagggcgaattagtgcaataatagtgtt,186.93
ggattgaatgttaccgcctgtatgacgccgatctgccagaatataacgtt,186.83
gcgccaaactgaaaattttacatcttaaacaaagaatgcaaaatgctact,186.75
gtaaaagcaatagttcatcagactgccgcagcagtagtatgatgatgaat,186.75
tgtcaagcaaaagagagttattattgttctgttagtgtattatccactgc,186.67
gacaggggcgatggtggcagtgtctggtgtgattgtcggcgggctggcgc,186.65
cgtatggctaatccaaccgttattaagctacaggatggcaatgtcatgcc,186.55
acaacatggcgttcagccctgaagaacgtgtacagcgtaaactgcactat,186.49
gactactcgccgattgtcataaggtaaaagtctcatttatgatgagttcc,186.49
cagagtttttccagccattacgcgatctcggtacgttttatcatgctaaa,186.49
atctaacgcttccagttgcgttattgcctgtctccagttaccgtcctgca,186.49
aatcatttttacacttgcaagaacgctcatatcagatataaattagatat,186.49
aggattcaatggcgatgtggcgcgaaaataatattgatattgttgaatgt,186.49
tgatgacattagccactgcactattttgcaggctttactgcgcggctggg,186.49
gaactacgacatccgtgatggaattaaaaaagtgccctactatagcaaat,186.41
aaaacgccagattgtcgcgaaaaacgagatctctcctacaatttctaact,186.41
tgcttacgcataaccatagcgaaaatagtggcgcagtgtaaggttgttgt,186.41
accatagcgaaaatagtggcgcagtgtaaggttgttgtgaatattgagtt,186.41
ctagctaaagagtgacactttatccttgtttaccccttatacttttcgct,186.41
catcgcataaaggtaatattaaacgtaagatcaaaacgcataataaacag,186.41
tactttgcaaatagctttaacatttcttctatcagctaataatcaaagga,186.41
agatcacataatatagataacagcataacagttacgctaatatattaaat,186.41
caaacattatcatggctgatattttccgtagtcaggtttaatgttttaaa,186.41
atcctgccaactccatgtgacaaaccgtcatcttcggctactttttctct,186.41
ggtaatttccagtcctcgctttccttgttcctgaccgataacatcactga,186.41
cgcgatctctttgcctggcagttagtgggtgatgtgttaaaagtgggcgc,186.41
cgtaatgatattttttacggtgatgtaattatttaccgcgtcatccagta,186.41
tgtctgcattttattcaaattctgaatataccttcagatatccttaagga,186.41
aaaaggcacgtcatctgacgtgccttttttatttgtactaccctgtacga,186.41
tgctgttttagcattcagtgtttttttcttagtagagtatgttttagggc,186.41
agaccagtaccaattgcgccacccaacgcaatcagttgaatatgacggtt,186.19
aacagcgtctggcctttctgaataggcttcttccgctcaatgatattatc,186.19
cacgctaataaataattgatccagtgctggcagttgtaacagcatcaata,186.16
atttaatcatgtttattgcatataaattcacttgatggcattgttatccc,186.16
gcctggggcgaccgttgaccatatgctgatggaaagcgacgatcagaaac,186.16
tcgccgtgacgaaggttttgccgtcctggaacagatggcaaaatcgaacg,186.16
cgccggaaaagatgctgtttcgttgcgctgccgtgccagtaaaattgatt,186.01
tcacgctggatggcttgacctccattctgccattggggatcatcgctggc,185.76
tccaccagtaagaacgggaaacggtgcggcagaagttctaaaatctcttc,185.76
caacggatgggtgacctgcgaaatcagagtaaagacggtaatatctggtt,185.76
aatataaaattaatatatatttatgccgtaaataccaatatacttagcaa,185.76
agatgtcgcacgggttgaacttggcggtgaaaactataacgttatcgctc,185.76
ttatcgaagatcttcttgataaatctgatgcggccaactttgatattacc,185.76
gccgtcaggttcttcctgaatccgcacggctttgcccatactttccagtt,185.76
atgaaggtgcgctggctgcgacggtcagccatgacagccataatattgtg,185.76
gttcgccgtcaaaacctgactctttcgccagtttctgcaaaaattgcagc,185.76
cagataagatcctgaaatcgccaagtaaatatctatgctacacctttatc,185.76
attccggtcagccatttaccaaagcaatggaagaccagatcattaacgat,185.76
cgaaaattcattggtattgagatcaacagcgagtacatcaaaatggggct,185.69
gcttgctaacgacaattggcttgtcggccaaaaacgctattttgatcgtt,185.69
cttaaaaatcagtttgccagcgccgccttctgcgtcgctacaatggattc,185.69
agaaaaagcggcacgcgaagtgttacgtccggttgccgatgaattacggt,185.69
aggagaaaatgtgcgctatatccgacagttatgctgtgtaagcttactct,185.68
gcagcagaagttgctgcgatgtccaagcagtcttaattatcaaaaaggag,185.64
tcgaacaacccttgttgtccgagatcactcatcggtgtatatgacatttt,185.14
ttttcataattcatgtttttctaataattagaatattaaacaataacaat,184.84
agttcgcctgtcgtctggctgaaaacctggctgtcgcccaatatctgggt,184.84
agccgctggtcaatctggtgcagcatcatgaaaccagctatcgtgacatt,184.84
tccacccgtccaaagttgttaacgttggcgatgtagtggaagttatggtt,184.44
gtcttgatatcagcgaaacaggacgggagatcctgcgctatcatcaactc,184.44
ccaattttgataccggaccactgacgcatactgtgagttatgattatgtc,184.44
ccaacgacaactgtcttggcagcgactgcccgatgtataaagattgcttt,183.9
aatgctgcgagtataacgcttactcgtggggatttatgttttgctggtag,183.9
ctcgccagtaactctctttttgtcaagcaaaagagagttattattgttct,183.72
gttacgaatgatgcctcgccgcaaataagtcgatccccttacaaggaaat,183.54
tatctatggcaatgatttactgatgaaatttatttaagtatcatttaaca,183.5
tcgttcgcgagcgtattcgttctcgcctgacgcgcggtaaagtggaatgt,183.5
gggctttttgttgcgtatcaccagcataccggtgtggctataatcggtat,183.5
gttcggagttctatgtgctttaccgcattttggagactattatttacact,183.41
tcgcaaggtaaaaaaaagcaccgcaattaggcggtgctacattaatcact,182.84
tattctatttttagctggactttccccatatttactgatgatatatacag,182.84
agcgtcaccgaaagccccacctgccaggtggaatgtgtcatcatctggat,182.74
tcagcaatagcggggagaacagaccgctgtcttccgggtaaaattcagaa,182.74
ctatggacaatgccggaaagggttttgattgaacagggtaaaatcaccat,182.74
ctgaatatcatcgagtagaatttccgtaaattcaccatgaaacttgcccg,182.74
tagccaaaaggatcggtagcaatccccggatagttttgtatcctcacgcc,182.74
ccatgcagcatgtcatagcgctggaatgcaatatcggcagaatacaaact,182.74
acctacaaaatcacgctaaatcaggctattgcgctgtctggcgtaggcct,182.74
tcctttcggaggctgtttttttatccattcgaactctttatactggttac,182.74
aagtcggcaacgctaacgtaatcggaagtgagtagatagtattcggtatt,182.74
cgcaaatggaaagacaactggtgctgggattatgatgtatactattatgt,182.42
aatggaaagacaactggtgctgggattatgatgtatactattatgtatat,182.42
cgcactggttgtattaagttttacacgctcatggtggcataattcgtccc,182.29
gtttgagtagagtctttattcataattttattcctgttaaagaagaccat,182.17
gtgtaaaaaatatgcttaatagcaccatttctatgagttaccctgatgtt,182.04
gccgataaacaccgttttaccatcgatgctaaaggttttagcatgcaggc,182.04
acaggtcaaggagaaacaatttataaggtcaaagaaatactattgctcag,182.04
agtaataaaggcacatgataatgctcgttcactttattaatatgaaattc,182.04
caacggcacaaacgcagttctgcggtccttaatgccgttaatataagcaa,182.04
acgtgttgcagaccgagtatgatcagctttcctggtgataatatgcggtc,182.04
tggtgccgtatttatccagcgccagcgagaaacctgctaccgtacccggt,182.04
ggaagcgttggaaattacaagattcaaacttaataaggtatgtttaatac,182.04
acatgcgcgtccggcaagccacgttgaaacgctgtgtaatactttttcat,182.04
gctcgcttcgctttttactcttgtggtaaagcccatgccataatctcctc,182.04
tttctcatatgttatcggtgatgcggatttgttcccctattatctgtcgt,181.72
acgaccaccatttacccggcaaaccgatttcttcaacttatactttaaaa,181.43
tggtatgtttattggttgcattaactaccctgaatgcgaacataccgaac,181.41
agtacaacgcgtatcgatatggcattaacccagggtgtaccttcttttat,181.41
ttaataccctctagattgagttaatctccatgtagcgttacaagtattac,181.18
tgatgtactgatgggacgtctgcgcaaaaaaattcaggcacaatatcccc,181.16
aactgttcggcgtccatgctgaagagtggggttactttaaaattatccat,181.16
atatcgatcgcgatgcggtttttcccgccgcgcggcacgataatgtccgc,181.16
tttatccgcaagacctggtcgccagtattcgtttctgtgtttatgctagt,181.16
tagcccgataacacatactcaccagcaccgcaccgccgataatattaccc,181.16
atcactgcgataacccatttgctgaaactgttggcgaatataatcggcag,181.16
aagttctggaagcgttggccaatgaacgcaatccgctgtatgaagagatt,181.16
attcaatgattataaagtgctaataatcaatattatggtattatattctg,181.16
ttctttatttggtcagttgtcaacctgatacttcgctacaatggataccc,181.16
gatatcagcgatatagcgcagttgatgcaaaacacaggtaaggtggggtg,181.16
ctaaaaggttatcagcctgcggttccgctactttctgtatcattcattct,180.84
caaagctgcggatgatgacgagattactgctgctgtgcagactgaatcgc,180.84
ttcagcaactggatattgatttctatgctttttcaggtcacaaactgtat,180.84
tgaacgtgatgacaatggactacggtaacgcgatttgtcagtctgcaaat,180.84
gggcttacctgttcttatacataaaagcaacagaatggtaacattttatc,180.84
gataatgaaaagaggccacattattaccattcttttagtatggtttattt,180.84
tgtttgcgccgttctttatttttatcttcgggccactgttacaatacaac,180.4
attttcgctgccgggtggtttttttgctgttagcaaccagacttaatggc,180.4
tcgctgccgggtggtttttttgctgttagcaaccagacttaatggcagat,180.4
ctgtgctaagcgtgttgacaatttgttatgaaacacgtatccctgtcagt,180.4
aaacaggtagcgcctttactgacatgcacgcccgccgcagaataaaaagc,180.4
gttgtgcagtatatctacatcgagacaagttacggacttatacttccaaa,180.4
ggccgcccagcggcgatatactcatcaagcaattgtgctatatctctgac,180.4
accactttttgtttcataggatcgccttaatcttgagtaaaatgtcgatt,180.4
ttctaaacaaacagcgtaactcgttattgtttgcgatctacaatatctaa,180.4
caaaggccgacaaaattgccgtcgtcaccatgagtacgataatcaaatag,180.4
caaaaattcgagaatgacgatgatctaatacgtgtgttatttttagcatt,180.4
gattaataaacatgttgatttattcaagaaaatggatgtattttaaatgt,180.4
aaatgtatcttttgtaaatcaatgatgattacatttgataatatttcaca,180.4
tgagtgaaggtaaacctgcaaacattgttaactcctgctaaattgttggc,180.4
acgtggcgaaagagatgcatgtcggtcacctgcgctctaccattattggt,180.4
tcgttactgtctctcttgtccgtgcaatagctcaataatagaataaaacg,180.4
ttaacgcgatgaccactcttttttttgaaagcgaaaagagtaagatgcgc,180.4
catctgggagactttttcacggtagcgctgacgatgagttaccataacct,180.4
taaatgcttgcttagtcgcattgttaaatgcaataccgtatattcggtat,180.4
ttgtagtaatccgcagtgaaataatgttcaaaagcactattatgactaat,180.4
attgaatcgggtaactatcaacttcaaccacaatgggtcgatatccctac,180.4
ctgaccaatcgacgtttacgcgcttgtttttatgaagtaaaagaataacg,180.4
tgcaggatttacaggttgtcggcacttgcggtaaacgcaatactggtacc,180.4
gtgttctgacaaacgcaataaagcgaccaattaacagcgccgataaaccg,180.4
aacatatcactcactttggtgatttcaccgtaactgtctatgattaatga,180.4
aacagataaaatgcttgtctgaaaaccatatcttaaaataatgtttataa,180.4
tttcaaacaataagtagccaaaaggtgaataaatgtttaaatatttttcc,180.4
tactccgattctgatggaacgcggttcggcttagatttacgctgtctttt,180.4
tatcgaattgaccgttgccagcccacggtcggtcgacttactgtttagtc,180.4
ccgaggaaaaaaaagcgattgccgaagcggtggcagactatattcctgat,180.4
cgttcgctaacagggcaatcaatttcagtggcacggtgttatccttcatg,180.4
gcggagtacacgcggctcatctggcccgcgccaatgccgatagtcatatt,180.4
gaagacgtgtatcaagacttgaaaacgctaccagtgctacacagatacct,180.4
ccgtggtgtggctggaatatgaaagcattcaggctgatatattcgatcac,180.27
tagaaattaccgacgtctacccgaactctctgcgcggtaaagtggtgcgt,180.19
ataaggtcaaagaaatactattgctcaggtctataccgtatactcctttc,180.19
ttaattttgttggttttacaggcgtcaataattgcctgtaaattacttcc,180.19
cgatgtaacatctgctttacccgcaacaatagctgcggcattgttaatgt,180.19
tgttacataccttttacactgttttactttggcaattatagttttacgct,180.19
gacggcggcatgtctttccacggcggcctgattggcgttatcgtggtgat,180.15
acgcaccttttattattgataaagacagtggtgaaattcattctctggga,180.15
aatgacatggacaggttttaatcgttcaatttgagtgagaaaattagaat,180.15
gtactatgttgacctttgtggttaccggcccgatcgttgaacatagcggt,179.95
cgttttatgcgtttgttgagatgatcccgaaactggcgcactcttccggc,179.79
tccggagaatgaactgaccggcagcatgctgattgacctacaatccggta,179.79
gcgcggattaaacagtggttgagttatttgcgtaaagaatacgatgaagc,179.79
tggcaacccgcaccgagctggcgaaccgctggtttgatttaatggatatt,179.79
gatgtaccgaccttctggcagtatatcgttaaaggtgcgattctgttgct,179.79
taccgtaacaaccatgacgccaaccggttcggagcgcgtacaatcggctt,179.79
cgagggtggacggatgacaacaccataactggcagggtatgcttatttcc,179.7
ctgaagaagtcctgatttatcgcattgttttgaatgatatagttggcgat,179.48
caaatgcctgagggtgatctcttcgtttccggcaagagtaaactgaaggt,179.48
tggcgatgtagtcataaatggtcgtttctgcggcgtgataatattgaacg,179.48
ttggtgcttatggcgtagaattacagcgagtttgcgcttatgttgattct,179.21
ggtcagcgtatcccagattatgctggataggttgcggtaaactctgaaaa,179.15
gtagacgatctgatgcagcattattatgacatcgttgataacctgaacct,178.81
ctgcttcctgtaagaacgtagacgatctgatgcagcattattatgacatc,178.81
aaattcagtatccggtgagcgaaatcaccatcgcaggtaatttaaaagat,178.81
gccgatcttcctcgatatcgacgatgaagtggtgagtgtaaaatcgctgt,178.68
gcgctggtgccgctcaatcgtatgctggattttgcggctacactacgtgg,178.5
acccgcaaactgaacctgaatttatagaggaagtgtgaaatgctgaaaac,178.5
cattacaaaatccgctggcattaggtgccgatctggtgttgcattcatgc,178.5
atcattgcagaaaataatatgagtcgttttatgtgtttattatatatatt,178.4
tacctgccgtttcttgcgcttattagcgtgaacttagggataattaacct,178.33
ccggctcctggtcgggtaactcccctctcctcgctgtgatatacttttcc,178.33
ccactgcgcgaagctacgcggataacgctgggtgtagttaaaatgcgaac,178.33
acacggtgtgatatctcgtttaagcccccaagtttgagtagagtctttat,178.18
ccgctttcagggcattaaatcggttttcttcatcaggcattatttgcacg,178.18
gggcagacggctatcgtcaaccgcctgctttggatgcaaaatcattatcc,178.18
gttgcgtttattgcccaggcgggcggtgcgatttttgataacctcgcatt,178.18
gcccggtgcgtattgttgatattgcgcttggtgataacgatattgaaatc,178.18
ttaccgacaactggcagctgacatttggcgcaacgcgctatattgcagag,178.18
ctattattgccggattgcgcgtaatcgtcaccatccggcaatattacggt,178.18
ccggcgatgcggttgggccaaatatgattaatttctggaagaatgtcagt,178.18
tacgattttggacattaggttttcctcaagtcactagttaaactgaaact,178.18
ttcggcagttctacttccggaatagtcagcttcatagtacgttcaatgtt,178.18
atgaaatgcatgaaaggacgttgtaccaatgcgccaggtaaagtgaaagg,178.18
agtagttccagccagaggcgaaaccggcaaaactgccccagtatttataa,177.99
actgcttccgtttgcgtaaagcgaacgggctggtgagcgatgtatttgaa,177.99
atgccaaattacgggcgcggaaaattgttcaggaagacagacaattaacc,177.99
cccctttttcctcgttgattagatgcaaaaatttatgctgaaatatgtca,177.81
atctggctgaagaactcagcaacgtatcaaaagcctgtaaaatcatgggc,177.81
agtgtgatggtaatcgccattaggccactggcaggatgtaacatgacgta,177.81
tagtatctaaaatcatccacgccccataaataaatgctacactggctacc,177.81
gacagcgcaagtgtattgtgttcaccgctcatcaaagacatcatgatgaa,177.81
catttaccatacaaacggatcattcagaaaaatatagtatgctatcgggc,177.81
gccacagggtgtttttgccctgcatgcgctgatagcggatcatggtatcc,177.81
tgacaggaacggtaagtaacactggcaacacatggtttaagctactgatt,176.85
cgccaggcgttgaccatgcggtgagaacaggtacgcgataccataatgtc,176.85
cgacctgggaatcaggctgatcaacctggtcattgggtacaatacttaac,176.85
aaggtgctgaagaccaacgtcaggctttgaaaaaatataccatcgacctt,176.85
tattttaaataaacattagtaaattattcattcatcaacataatgataaa,176.85
tctccctttacggcgagcgcgtcggcggactttctgttatgtgtgaagat,176.85
gaacagcagtcacgtagccggcacgactaagttgattgattattttgacc,176.85
tgcgcctgtccggttgacgcaatcagtgcttgatagtaatcacccacgtt,176.85
gtgaccgatccagaagagctggaagttgaagatggtgatatcgtgatttg,176.85
gtggcgttaaaacgcttcttttactttttcatcccggcgatgctggtggt,176.84
gacccaggtgcagaggctagagtgtttagtggttatgccgatactagcgt,176.48
tatttgatgagaatctgcgaccgaaacagtaacagatgtaaaattatttt,176.48
agactggagcaaatcacagctgatcccgcaattcagttttatcatcagat,176.48
atagggcgttaatctcccatacttaacctggtttatggtaaattgccctc,176.48
tgggcggtggcgagaaacactacgtccacccctgggctaaactcgctgat,176.47
tgctaagagttttcacatcaatttacagattaacagataaactctttatc,176.39
ggtgtccatagattgaatgaaggtaactgagcgtatttatactactcatt,176.28
cttattcactccgacaagaacttatccgtacaggagattaaaatgataaa,176.13
tctacgctgatcgacgaaaacagcgagttcggtacgtacaatggacgatt,176.13
ttgccgggcaagaattgctggaaacccgggctactcgtatcttaaacggt,176.13
caaaacattcctgccgagcggcttcgctcatggttggataaaatgaataa,176.13
cacgggttattattgagcagatggggctgacgcttattactgttgatttc,175.86
tccttgagggatgattgcattacatacagatatagcacaggctatattat,175.83
atgatggaaaaaggctacacccgtaaacaggtgcgtttactgtgcgaatg,175.83
gactcaatgattcctttaagcctgtcaattcgggatatatgattccatac,175.83
cgtttgaagcgggctttatgtccgtggcgcacagcatggaagatatcaat,175.52
atggcaggcacaccctgcggcttttacaaccgcaaggtaaactgttgttc,175.52
agcgcatttcgtttatcccgttcgccatttatcgctttattgtggcggct,175.52
gatcgatagcggaacgtccggtatcaccaaagccgtgatagaaatagagc,175.52
gcaggtggcagaagtggcagaagcctgcgttcagcctgcacactggagtg,175.52
ctggtgagtcatggtattgcactgggatgcctggtgagtacgattctcgg,175.52
ttttcaaacacaaaagattccgaagaaggcttaacacatatactctcaga,175.39
cgacgcaaattggtcgcgtgctgtgtccggatctcggtattgtctctgat,175.37
gatactcgcccggctattggcacggtactgaaccagggcgattatgaaaa,175.07
tccactatgggtagtagtaccagttccataggcatgttacgttttttaac,174.61
cccccaggtaaaacccctgaatattgtcattaagttggtagagtgtaacg,174.61
aagctattaattattgttggtaatatagtttcaagtggtactataactgg,174.61
gcccccttcatttcaccctttggcctgtaactcaatgatattatgctcaa,174.61
cgggcaagtttcatggtgaatttacggaaattctactcgatgatattcag,174.61
tctccgagatgccgccgcaggctgtaacccttgaacccttggttcaaggt,174.61
tggcagaactgctggttgcgaccagcctgttaaccgctacgctgaagttt,174.61
aaaaaaagcccgtccagtggcggacgggcaaacaagggtaacataggatc,174.45
tagggcagccagtggcaccgaaaacagctttcgttttgtatgatgatcag,174.45
cggtaatttatgatgaacagcaccaataaacttagtgttattattccgtt,174.45
ctgctcggttcatcaatgttgtagttgattttgtcatgcaccataaaggt,174.45
ttaagagtaaagcgcaggcatatattgaactcttaaacgataattcagaa,174.39
gaaatgtgatatctcttccataatttcattagaaaatgataaaaatctta,174.39
atcctgaaatgcgtttctcacttgcccgacatatgcgtaaaatgagcggc,174.39
aactgtttcaggtgctttatcgtcaaaagttttgatgacaatatcgccgt,173.9
gctgattgaaatagctttgcgcgacattagaaaccagcagaatatgcacc,173.9
ggatcccaatctttccattttaatgtcggggatcggcacgttactgtttt,173.9
ctcgctttatgtccttgttcgataaacacaataaacttgatcatgaaatt,173.9
tgttccttaacaggtttgtcattttcatctctcagttctaccgtcacctc,173.9
gagtacagctattgtagataagtggggatactacgggtataaaaaaaccc,173.9
ctgctctggcttggcttggtatttaatgcgcagtatggattaattgattt,173.9
aatatgaccataccttcctgatggggcagaatgcatctaatattgatctc,173.75
ctgaactcgttgaatatgaccataccttcctgatggggcagaatgcatct,173.75
aggtagccagaacacccatcaggcgcgtcctcatcggctacgatgtaaaa,173.75
gctgactactggtacaagtatgttggcctgaacggtgctatcgtcggtat,173.72
ataagggacgaatatatttgcccatgtaccattccatttatactcgtcat,173.52
ggagcgattttctatcacccattgcgcgaaaaagaaatacatttatttac,173.3
ctttgtgggaaaacaaaggcgtaatcacgcgggctacctatgattcttat,173.17
actaccgccgcgtggatgaacaaagtggtcgaaaaatgcatcatgatggc,173.17
cgattacgctgaccgatctctccaccggtttcgaccagttacaatacggt,173.17
gaaacggcaaccgcgacgctgctgctgtggttgtgttatttcttcactct,172.86
gattaacgcctcttgcaggttgtcctgctcttcaacgctaagataaagtt,172.86
cagcccactgacgcttaccttagcgatatcacccacgttaaagtaggtat,172.86
tacatcgaatatcgtggcatcagtagtaacaaccgtgtcacacttgatcc,172.86
ataaagtcgtcgctattggcgcggcgattcaggcggatattctggtgggt,172.86
cactcaggggctacgttacctgcactgcaacctgtgtgaaactgaatggc,172.86
gtaagaataatgtttcagtccctaacttatatccgctttatagtaggaag,172.77
ctgtattaaggcgagagttatgtggacgacgagctggtgtaggataggct,172.76
tgtctggttgagggatagtttatggggctatatggcattagtatcagatc,172.76
agtcagggcgatattatggaccaacgccgcgccaacgcgcagcgtaacga,172.71
tgagcgatgaagagcttaaagaaaacccagctgtagagcaagaatgggac,172.28
atcagccaggcgatgaaattcactgtcgttcattgttgtatcctgttttt,172.05
aggtgatgtgaaaaaagaaaagcaatgactcaggagatagaatgatgatt,171.93
acgccgtattgccggacaccactcgcaagaaattgatgcaatactgggat,171.72
gggcgtatgcaacgcgttgccagtcgggttattggtgcaattattggtgt,171.57
cccgcgcaatacgccaaaaaggtcaatagaaacgttgctaaaatgtgaat,171.57
cgtcagaatttcgcagccgttatcagtcaccacaatagtatgctcatatt,171.53
ttttgtctcgatatacattttctgacatcctcatccgctatgctacaggc,171.39
agtcaggcggtatgggcaggttttcgtcgcccgcggggtaatctggtggc,171.15
acgtctttaataatttcgcggaaacggttgtcatccgggaaaatgtcgaa,171.15
atatactttaggtttgatctacagaaatggctcaggtattaatgttaacc,171.1
gcgcaaagcaccctgttgaaaggggaaaaattatgagtcaggctaaatcg,171.1
tgtgcatactgttgagctgaaaaactgacgaattatgataaactccagcc,171.1
aagcgttttacgcaattccacgcgagaggtgtttggagtaacgttatgcg,171.1
tgccggtaccatcaaggtttgtcacggtaatatcactgttaaattgttta,171.1
ataacggcggaagcatggacgctgcggcggtcatattaataatagtattc,171.1
cgtaacgcttacagctcgctctctttgtggaatccgtctttaattaccgt,171.1
ctaacagaaaaagcgttgtctattcttatgagtaaagataatgtttataa,171.1
tcgtagttttcgcggtttttcagcacgccatcctggtgtataccggagga,170.95
tcgatgtatgcgctgatgggcatggcgctcggatactttagctatcgtta,170.95
cattgatgataacaaattgatttgtgtctgtttcgccatattatcgcggt,170.95
accagtgaagttatcgccatctaccctattacccccagttccacgatggc,170.95
tactgaccgggattaaaaatgccgtcggtgaaaacggtaaagtgctgtat,170.95
ggcgtttgccattaacgcggcggcgcgtgggcatcaggtaacattgtttg,170.95
ctaccgttttttattatttttcagaggagtagtgatgaataattctgaag,170.9
tcagcggtgaagactcgacctggcggaaaaaatccgcatactcggtaagc,170.9
tcacggcctacggtttgaccattcatcttcacggcgtagactttgctatt,170.9
tggcaaaagagaccgttgatttctatgatttgaaaggcgatcttgaatcc,170.9
aagagcactggaacctggcaaaagagaccgttgatttctatgatttgaaa,170.9
acggaaaatttctgaagaagaaaaatacgtttaatgattatcttgatgcc,170.9
tggtttacgcctgcccgcgttatcgctcggtttatggcacaatttcggtc,170.9
cggctatccgtgcttcgacttcctgcaatctttcctgcacaatgcctttt,170.9
cctgggattggtcaaaaggagctcatcctgattatggtttcatcattcac,170.57
ttacccagcgcacgcttgagtttgctgcgtttccgaccattctgttgttt,170.5
ttatctggagctttttgacgaaccattagtggttgtgttaccggttgatc,170.5
tgtatctcggtagccccgtcaaacagatccgcccgttaagtgatgaagag,170.5
tatttagcaaagtggtaagcgaagccggggaatctgagtaaaatagcgcg,170.5
cgtgacgaatatacctacattggagtaacaaatgatcctacatagatcac,170.38
gcttaccagactgcatcgcgatatccagctgtacctggtattctttttct,170.2
aaggcgcggtgccgctggcgacctgcgtttcaccctgccataaagaaact,170.2
actctggttgccatacagacgcggtgacgaattacggatatggttaattt,170.2
gcggatgccattgtctcgaaaaagaacgcgccgggaacgatgatgatcct,170.2
ccaaatttctcctggagtgccgcgcatttgtatatgttgtataacgattt,170.2
cgatatccgcgtaattgcagccggtaacggttgtacggatgatttgcagc,170.2
ttcttcatatcgaagttttccagaatattgaggatttgtacgatatggat,170.2
agggtatcgcccacgttgactttctgacccacttcgatgaacgcttttgc,169.66
acgctatgaagcgcgtaatgattttgatgtttttgccgagttaagtgaac,169.62
aattgaaagtgaccgcttacattgcgccaaacgtctggtacaacgttatg,169.48
gtttctgaaatttttggacatttagtctggttctggtctattgaaattat,169.42
aatttgcaaaggagctggaaattgctgtcgcaggaaatatcattctggat,169.42
agcaaagcggtcagattatggcactggtcgaatgcgttactctttgtatt,169.42
ctggtcgctttaaatcgtacgaaggcgtagcgatggaatatgcttttctg,169.42
acctttgtatcacatagattttacccgcccccactcctattcttttcagt,169.42
cagcgcgtttgctgagtgcagtgcgccgattgttccagtatctttatcgc,169.42
ttcggcagtactttcctaaaaagacatgtcttgcccaatatactcaacat,169.11
acgcctttcagaagctgggcgagtattacaacatgggtaatactttaatg,169.04
tctgcgcggtctttccccgcttcaacgcgcccgcactatcattgataatt,169.04
cggtctttccccgcttcaacgcgcccgcactatcattgataattgtgcac,169.04
ctgttgcgcttcccgcaacgtgtcggcgttcaccacgttaaactgaatat,168.99
taccgccccgcttatttgcgcatcttttgtctcgatatacattttctgac,168.73
aaacatacttttactctttaagatgccaggttttggcataagctaacatc,168.58
ctgagcatcgaagccttgcaaaatggtttgagcaatcaataattccaggc,168.46
cgcgacgcgttataaagatttcattgttctcgttgcgaataatacctacc,168.37
tctcaggttaatgtttcggaatctaaattaacttcagatactatcgattt,168.37
ctggtggattcactggtgatgggctgcgctgtgttgattatgatgtctac,168.37
cacctggttaacttattcatcgttagcgcaggtgtgtaaatatgctaacc,168.37
cttgtcccagggtattcgcaatggcgtaaatcaccattaaagtattaccc,168.37
agtcgcgccagtaaatcaccgctgcgtttattgtgcggcatataattagc,168.37
tatgctgggccgtcacagtgactaatggcacaggggtgtaatttaatccc,168.37
attttggagactattatttacactaaatctgatttgatatattgatactt,168.37
gacacctgttggtaatttagacatatcatgagtctttgataaactgattt,168.37
cgagacgcgccaaaggttttcgccgcctgaacataggtatactggcgtac,168.37
ggagtaactcaaaaaccctgttaataacagactaaagcttataataccaa,168.37
gtgaagctgcgcgtctggacatcgccgccgatacgctgcactttgagcaa,168.37
taccctatctccacataccgataccgaatactccatgttacattttggac,168.37
cttatactttaaaagcgattgaaaccggtgaagtggtctacgctgatggc,168.37
agaaaaaaaggagttaatgtaaattatcatgcccttttatactgaacctt,168.37
acgcgctttcgcctgttgcagagtgatagcggtggtcggcatagtggttt,168.37
ctttacgagctgctgctggaaggtgtggtgctgtttattatcctcaacct,168.37
aagcaagttaaagcctttacgacactctcccgatacaataaaattcaaac,168.37
gcaaacataagaaggggtgtttttatgtcatccgatattaagatcaaagt,168.37
gccaaactttaacacctgcttgctaagcgcaaattcaataaactggcgct,168.37
taataatcagagcaattattgggaagcgttgggtaaggtagaatgcccgg,168.37
tcgtaaggattttggtaaacgtccacaagttctggatgtaccttatctcc,168.37
attaaaaatacttgataacttgttgataacaatatgaataaaatttattc,168.37
caaacagggaacgcatggaaatcttcttcaccatactgataatgaccctc,168.37
tcatattattggttaattacaaggacgtttacaatgcatatactggattc,168.37
tgaaacgccacacctacacgttcactcaccaccgtgctacattcccgtaa,168.37
ggatgttgaacgggtactgacatgggcgactcctgtgatttatatgtttg,168.24
tctgcgtcagcgcgttctgaacaacgaaatcatcctggtaacctgtggtt,168.21
caccgttacagaatgttggatcttcgaaggcggcggtaaaattggtcgtt,168
gtggctcactggtcattattgttaacgtgatttctgatattttgggtgcc,168
atcgtaaccgtaacgcaatcaccactggcagccgtgttatggttagcggc,168
gcgtatcaccaacaaagccgccgcttcccggttcgttgtattctggcgta,168
gtagcagattgatgctgacaaattcccccggttgccagtagcttgaaatc,168
atatctgctaatgctttacatctccttcgcgtttgtatattttctttatc,167.74
cgttatggaagctaattctgatattagcgatcccatgtattattggtttt,167.74
tctcgggctggacgtgctggatgtggttaacctgcgcgttatgatggggg,167.74
ttccgtgcaaatgcctgctgattgctgtcgtcaatgttagtaccattgaa,167.74
ccaggctggacaagctcaacacacccacgctctttgatatcattggctag,167.74
tatctaaaattatttctgcattttctatttcgacggaataatgatctccc,167.74
ttaccggttacggtttcgcctggagtaggaaaagattgaagattaagaat,167.74
cacgacgtattacgatggccgcattcctcctgaaatgataaaaaacaggt,167.74
tacgccgctgatatttttaacttcgtgatcctgacggctattctttctgc,167.54
agtttcgactgcgccataattatccccgaatatcatttataaattgacgt,167.54
gtcctgccggtttcaggcggtttgctgggcctttccggtattctggcaag,167.54
attacggcctgatcaacgccgttgccgcctgtgtcgatgacaatgcaatt,167.54
ggtaaaacgctggtgctttatcgcccaactaaagaacgtaaaatctcgct,167.47
tgttgtgtaaatgtcatttattaaaacagtatctgtttttagactgaaat,167.37
ggtactgactccatcaacgccgtactggaaaccgctgctaaagttaaagc,167.28
acatcaacctcaaaagggaaatcgggaaaaaatacatttatattgatgat,167.28
aacccgaagatgtttcttgcgatccatcatcgtgttgcgaaaatttgaga,167.18
ttttaaacgttaagcatagtcggcgacagcaggaggattattcttaaaac,167.18
ggtcattgtaaagctgctgccgacgggcatttgttgcatatactggtaaa,167.18
aacgtcgccgaattgttaaatgggaattacattctgttattatttgtggt,167.18
tacggtcgagatctttgccagggcgcttcttgctatctaccattattatt,167.18
gagatacagtagctggagacatagctggtgataccacgtaaaatcatcag,167.18
ctgtgcttgaggtcgaactttcttcagcggaattagctatgctggataag,167.18
caaccgttatggcggttggctatggtgggaaaaaacgctaaattgttgca,167.18
ccagctgcttgcctcttgcggtttgcatggtttgcggtagcttcagcaac,167.18
cttgaatgtgattggccatgttgatatccgcagtattcattcatatcttt,167.18
ggcatgttatgggtagtcatcataaacatctcggcgatatcatccgggtc,167.18
gtcaaatgtaattaacagagtgtcgtttttgggggtgatacttttgaaag,167.18
agcggctgttcgctgtttaacagcgaagaagatgtggtaaagatgtcccc,167.11
tccttcaccgtgcattatttcaactaccgaagatgccgtatactggcaac,167.1
ctgcttaccagccggtgttgaatgccaaagttggcggttatcttaataac,166.95
tgttaccttggtaaaaaaacaatgaaaggtagcaatgatatcctttatga,166.37
agttcgtagagcgtttgtcgggtcaggagtgtgaatgtcagaatcgtaat,166.37
tatgcgtgaaagtcacggacctccacgatgcttgtaggcatgctgtaaac,166.37
aaagtcacggacctccacgatgcttgtaggcatgctgtaaacttatcgtt,166.37
tgaaatcttcgcaagtatgcctggccgcgagattatggcacacttgtccg,166.26
gcaagggaagattcgtgcctttgggcataaagccggggcaaaatccgtcc,166.23
ccgagcgaaatcgtcaacgtgggcgacgaaatcactgttaaagtgctgaa,166.23
gtagcgaacagtcacttgccgccgggagctgtggcagctattaattcatt,166.23
ggtgttggtgctgcagcctattcaccggcgaaatacggtattctcggcga,166.23
aacttattcgccagccttcaaaggggcaatattgccggagatactacatt,166.23
gctggtgggcgcggtttgcagacatttgacctacgtaccactattcatgt,166.21
atgttttaaatatgaatattgaacttcgtcatctgcgttactttgttgct,166.07
acgtgtcggcgttcaccacgttaaactgaatatgttgtaacttaagctgg,166.04
acactgatgcgaggcctgtgtttcaatctttaaatcagtaaacttcatac,165.95
tcgcatacgctgctggctgctgtgtggtaacaaaacctctctattaaaaa,165.89
gatgtcaaacccaaaaactgcaccggacggtcccctcgcccctttgggga,165.57
tttcagaaaggcaccgacaacttcatcaaaaagccccatgataatcacct,165.55
gtacgtggtatatgagcgtaaacacccacttctgatgctaacgtcagatt,165.43
gaatatatcggaaattgaaaaaatcgcagcaaaggaaatattattatggg,165.35
ctataaataatggaaccactatgtcagccatcgactgtataattaccgct,165.33
ccccattaacgccagtccgagcgccagtgctgaagctgtataatgtaacg,165.33
cgctgtatttatcggcattgttgcgggtattgggatgctatggtttcagg,165.18
gcaacgcgaccggtcaccggattagtacgacgcgggttaaaattagacga,165.18
ttcgacgtctacatcgacaagctgactgagttcgtttacaaaaccaacct,165.18
gcaacacattgtctgccacgtgattgtggatggagaatgcaccttcacta,165.18
aagtggtcgcagagtattgcgacgagcagggcgggtttatcatccgtacc,165.18
agagccgcgaagagtggaaagggcaggcggaaaccaacaagatcctcaac,165.18
gggcggtattcacaactggcggattgccggacaaggtctaagcttcgagc,165.18
tttttgcgctaagaaacagtctggcatcatttcattagtatactgaaatt,165.17
acgggacttatactatcgcggcgctgccgattatcggtattttgctggtt,165.06
gtgtccccaacgtgcgccggctatttcaccttttggtttaatatagctgt,165.06
gactaccagcgcgatagccatcatcaattcaaactgagtatcatcgacgg,165.06
gaaactgtcgatagtgcaccggtacaggcgctacgtgagaagatgggcga,165.06
cagtgatggtgggcggcgacaaggctattttcgacaaatactatgatttg,165.06
ttcatctgacaacattaacttttcccacgcttcatctgataatgacgcct,165.06
caaaccataagaaatgggcgacggaaaatgcatttgttctacaataccat,165.06
tctggtgtatatggcgagcgcaatgaccattgaacaggcagcggaaaagc,164.88
ggcactacacagattggctggaattttggcgatggcactatcctgaagtt,164.88
gcgcagcgaaaatccgcgagctggcggctattttccaccaaaataccacc,164.88
tgtgagctttgttgtaattatattgtaaacatattgctaaatgtttttac,164.71
agaatgtaggtgttattaaaccacggttcgatttcgcgtattttgttcag,164.71
agctggggttggatcagccgctgtatcaccagttctggcactatatcagc,164.46
gtgtaggcgctgctggtaataaaacacttactaccattaagataaatctt,164.39
gcgataccttccagggcgtgtcgtgtttcgagcaagtcatactgtgactc,164.39
ttcaaacagcggccacagcataaatccacgattcttcatatcgtagtgcg,164.39
atggtgatatccttttttcattctttattaatcggggttatgctgcgaca,164.39
tgtactggatgcgctggcaaacgagcctgccgtaagcgatattttgttac,164.39
tgatacagaaagttaataagcggggttggtcaattaaagtacaattgagt,164.39
cccaggctgacgccgccagcaagaccgagaattaatgctacgataagtcc,164.39
gaatgcagcggctggggatctcggttcgcgaggtgttgtaatctgctttt,164.39
gtaaatcccagtttttccgtagtagtggctttcacgttaacatcatccat,164.39
actgccatcctggatattggtgcgtgctccgatctgtacataatgtacat,164.39
aatacaaacgtcgtatccctgaacggattgttttctgttaagttcaggtt,164.39
tcatttcaaacggcctggcaaacctgaccgaaaaagtcgatcatgtcgtg,164.3
cacgacacgaagaaaatggcggcgatgacagtaacgagatcagcggcaac,164.3
ggcttacgctaaatcttgcccagcgcgaggaatcatgagtaaggtactgg,164.3
ggttcgcaggcatgctggtgcttttctcactggcgggtaagaatctactc,164.3
aagaacgttatccccttgcgctggctgtggtcgcttgcaacactgccagt,164.3
gcggagtcaccaccaccggcaatggtcccgccggttgctaaaatggtgat,164.09
ttctgacgaggcgctgaaactgctgagcgagaacggttacgatccggtct,164.06
cctgctctgcatgtttttcagtcagcgtatccagcgttacggttgaggtt,163.58
agcgttacggttgaggttgcggtgacttcaatcgtgcaaaaataaccgtc,163.58
caacgtcctgagcatttgcaccttttagcggaacgcagatataaaaaatc,163.55
acgatttggcgctggttgagattcttgagcaagactgtacgcttatcagc,163.47
tattgtttattatttgagcgaatttgtgagagtgatatagagtgaggggt,163.47
aaggacagaccagattgaagtggtaaaaccgatcgtgcacactacgcagt,163.47
gcagtaaccaaacatttcggtaaatgcgcgattgcactgcacaatatggc,163.47
tgctgacaaactggctattgatcagcccttccagcggcgtatatttccag,163.47
acatcacctttaatcttgatggcgaaccgttgagtgggcaaaattttcat,163.47
ggaatttttaattcatggcaattagcggcaatggaatataaaattcactc,163.47
gtctggccagaaagtggatgggggctggcggtgatgatattatccgcctg,163.47
atcacataaccattttgcctgatagtcacgattgcactactgtttgcgat,163.47
acggatttattgcgtttatcctggctgttgttatggctatagtcctttct,163.47
tttgtgcgagccatcttccaccctttgaaaatttgagacttaatgttgcc,163.47
tgtagaaatattgaccgtgcatccgcggtcaatgttagctattatgttgc,163.09
gggagacagcgtgcgctttgtaccgcagaaggagggagtatgctgaagat,162.99
tgtgatttatgcctcactaaaatttgataaaacgttttatcttctcgcgc,162.99
tatattgtaaacatattgctaaatgtttttacatccactacaaccatatc,162.85
ccatcagagttcatagcaacaataccgtaaccgtagttagacttggaagt,162.71
tcagataagactgctgaacgtccttccgtttctacgatataaccaatagt,162.71
gcctcgataaagttatcgaaaccatgtacgaaacaggtaaagatatgaac,162.71
cacggcggtctggcattgatttttgtggtactggcaaagattctggtgtt,162.69
aaggctggcagtcacagtttgatcaaaaagatctgatcgaaaatgaacaa,162.69
cacaaattattacagactgcccgcttgtggctcgcgcgtcataatgggag,162.54
ttaaccaggaaatgccgccattgatgagtatcgagcgtaaaatgttccac,162.51
tgggcgggggacgtaacggattttagtgccggggagcgtatcatttcata,162.36
acgtcacgtaatagttgcgcggcgtgcttgtgtttccttaaagttaaaac,162.36
attgatgtgcgtcaactgttcagagagttttcccgtgatagtctacattc,162.36
gaatgacgttggcgcagccagcagcatttatgaagagtattatcagaagc,162.36
ttagtactgagactgtttaacctagggaattattatcgtattatattgca,162.36
caaaggaaaaaatcatggctaacggttggacaggtaatatattaagagtc,162.36
ggcacaggggattattgactggctgggggtaaaatcagtcaaatctcact,162.36
cggcaaccggtatgtggcatattcgcgctaacacgggcgataatcagtat,162.36
cctggccactcgatagcaatgcggcaaccggtatgtggcatattcgcgct,162.36
tttcagcgtgctggtaaaactggcggcgctgattgtgctattgatgttgg,162.36
cagcaggaggttcagcccggtccgtggcgtaaacgctatatactggcaca,162.36
gccaaacagagcctgtaaagatttcatatcaaccgtcgataaatacgtcc,162.22
taacggcattatgcgacaattctgtatccgtttgctggcacaatcctctt,162.22
tgataaaaaatattcacgaaacctgggcaaatataggctactttttaatc,162.22
aattcaggcgcgccatacccgccagggcgagttccagtatcctatttacc,162.22
gcagggaacgctggttgccattaatgctgaaaaaatgctgactattgaag,162.22
ttactgttttcggtggtttatttgctggctggggaacacatcattgcgtt,162.22
ttgcaacagaggaattttgcctttgctggatgtctcataaaattgttgtt,162.11
tattgcaacaagtgctgtttgatctggtgcaaacagataccattaaaaat,162.11
atcaaaacaccaatattgaaggtatttacgcggtgggcgataacacgggt,162.11
ttctgacgaacctgcctacagatgctggcgaatatgccgtatttcttcat,162.11
cttctgtttgctggtgtttaagacgagagtaaccgtctacactatcaaac,161.73
agcaactctactgttgcttttttctcgctgtcggagacatcgttgcgggt,161.62
tctttctaaacgaaccagtatagaattcgcccttttggcatgatattaac,161.62
taaacgaaccagtatagaattcgcccttttggcatgatattaacttgtcc,161.62
ggtgattatgggcttcagactgttgaggaaaaagagcgtaaaatgcagag,161.61
gattttttcggtttaatgacatgggtactgttttgcaggatcgttgtgtc,161.61
cgctgcacggcggatctccgggccttcaggcatggtgatatccttttttc,161.61
cgaaaacgagttgtactaaggagcagaaacaatgtggtatttactttggt,161.61
ggagcagaaacaatgtggtatttactttggttcgtcggcattttgttgat,161.61
gacaaaattctgtgccgattataaacgcggttttgtattaggctactcac,161.61
accagacgccgcctgctggcatatgtcgcagctcatcccataatgatgag,161.61
gatgtatctggacctggagtatcagtccggatattgccattatcgccatt,161.03
tcatgggcggcgtcgcctttaccttgtaacaaacgtgttaaaatgtcacg,161.03
caggcgcagagtcgtaatagccaatcatctccagtgctatcattaatttc,161.03
ggagtgcttcgcgctttcctgaatgcctttgatcaggtattcatcggaat,161.03
aattttgccatagtcatagaatctttgggctttgcgcttaaaatctatgg,161.03
atttcccaggtatgtttctggcacatcgtttcatggttataaccatagaa,160.89
atcctcgatattatgctgccggacgtgaacggctgggatatcgtgcgcat,160.63
tccacgggagccgctaggccaactgacggcggttgcgctaagttatacca,160.63
ccttttaggtaatgttatttatgtttgcctatagcaaattaataatagac,160.47
ctaacatgattttaagaccagcacgaaaatcgttgctatagtacgttgcc,160.36
tgttagctattatgttgcgccctttttttacgggtgttaacaaaggaggt,160.14
accaaatctggcagtttttgcgctaagaaacagtctggcatcatttcatt,160.01
tgcgtttatctctccctcgcctgaaaatgccgcgcctgccaggattcagt,159.85
gctacggataaatcattgcccccaccaatgtgactgataaaatgccagac,159.85
tcaatccgatattgattccctgcgtggtcagattcaggaaaatcagtatc,159.85
tcaagaaaccacagtttgtcagcccgggacagatgggtaatatcgttgat,159.85
gaagaaaagtcctccttgaaatcgccgatcttaaagtgcactttgaaatc,159.85
ggaatgtaaggacacgttatgccaagcgcccacagtgttaagctacgccc,159.85
aaattaagcgcgacgggaacggtactgcgtaaatccggtacgctggtggt,159.85
ggaggcattagggccggaacccggaggcgaaattagcgtaacattgcact,159.85
tcaccctgacacgggtggcactggacaacgtcaacattaagattgatgac,159.85
gcaatctacctgaaacaatggtcccaggcagatacgctatacaatgaagc,159.75
gtacaagtcagatttggttttacccacttcctgcaatacagtgtgtagtc,159.75
accctgcagcctggtctggtgcatcaggcaaatggcggtattctcattat,159.75
agacatattaaccttgccgcgtcagacagattcgcgtaaaactgtcagcc,159.75
ataagcgatgaaaaaactgtttatccagttttacctgttattgtttgtct,159.75
ttacggaaagtgacccattcggactcgttcgagtgtgcgagaataatccc,159.75
tattttaccggaactgtagaattattcgatttccctgctatattcgcaat,159.75
tccagcaactggaatagagtaaagcatagcgtccgtgtataatgcgccgc,159.75
gccagccattccatgttgtgtggacggaaaccaaacgccatgatcaccgc,159.75
tggcgattcgggctagtgtccactcatgggcgatattattattgataacc,159.75
ttttatttgttttcaggaaataaataatcgatcgcgtaataaaatctatt,159.75
ttttcaggaaataaataatcgatcgcgtaataaaatctattattattttt,159.75
tgtcacgtgttaacgattcagattggcgctaaatcgcagaaaatgtgggg,159.75
tctgcgggatgctctttgagatgattttgtacccaggcataatattctgc,159.75
aagtgctgaataaccactccggactggcgatctcgcctacgcttataggc,159.75
aatggcgtcctgggcaacccgtacgcctgctatccgcgatattctctctg,159.56
ctcaccggcgacagtccttttgcagcgaatgcgttgggtaaactggcggc,159.56
gcgtgccagcgttgttgcctgggcctcggtcatgttgccgataaccataa,159.56
acggcgtgccggagcttgctgtaccgcgcgatattcgctatctgaaacag,159.56
aagtgagtgaaaaaattggtctgcaactgccgtatggcactatgaccttt,159.56
cgtcggtttggcgatccggttcagcatcggcatggcgctacactgacgat,159.56
caatgtcagcgcggtagacgaaacgcggcaatggatggtaatcaaacctt,159.56
atggacaacgcgccaaccagtaccgtcggcatattgttcataatagaaga,159.36
aatgtttccaccgcgtataactttttttacctaaaggttacaattattca,159.35
ataacctcgacaataactggatcccggtgaaaaaaggcgattacatcttt,159.16
gaacaacgacaaccgagcgcctggcaacatcgtgcggtagcctatcaggc,159.16
accttgcgattgctggaaaaaatcgccccttccgcacataaaattggtgc,159.16
ttcttggcgtcatctttgtctggatgatggtgcgtgtgtataacagcatt,159.16
gcttcgccaaccacggtgatatctggtgccatactgataagctgttttac,159.16
gtcgtccggaaatggctcagcgcctgaaaacccgcgctaaaatcaccagc,159.16
ctaccgatgatatcgttgctgtgggcttagtctaccagttctaatcagtc,159.16
cgaaggtgttggcaacctgatgcaccacatcgcgcgctgctgccagccga,159.16
tgatccttaacggctttgaatatgtgactcaggtgggtaacgatccttat,159.16
ttgatgaccaccgcgccgctcacgggggcgattggctttatcattgttat,159.16
ctgactactaaattcgtccattttgggcgcttcagtggtaataagaagat,159.16
gtgctgctgctgtttttgccatgatcgtgccttgagtgaataattgtcag,159.16
cgctatcgtacgtcgtttcgtcaccgatggggccaatgtacgattcacct,159.16
cggtacaccgctctcgacggcaacggatgcaatatggcaggatccttcgc,159.16
atcacctcagaatcagatgaaaactataaagaaatatctattatggtttt,158.83
ctcatattcctctaacagttgtcgacaacgtggggtgaagatatcgcgct,158.7
cccgtcaatcagcgtacggtaattgcgactttgttgaactacttttcctg,158.7
gcggaatttgtgccattaaccagtttatcccgtggtgatatcattttttc,158.57
aaaagaggtaagatgcgtactacttactcgccgttattggtattattcag,158.31
tcccggtgaaaaaaggcgattacatctttatgggcgcttattctttacag,158.23
tacttttttatggctatttttttgccctctgtttgatcaaaacattcatt,158.23
ttccttgaagatgcccgtgaagtgaacaacgttcgcggtatgctgggctt,158.23
gccttcatcgaggtattttccaccagctcaccgtgttgaataatgccgat,157.9
aggatcgttgtgtcgctcatgttgtcctcgtcattgttatcatttgtagg,157.9
gaatttcgaatagcagtcatatttcctaactccttgactatactccagaa,157.9
gacagcaatctgtcgctaaggaacaatagattatgaaatacaataacatt,157.9
tgattaactaaaagtattgattttttcagttcaacctacatatattgcgc,157.9
tcttccagaccaatatgcaggcgaatcaaggtcccgctaaaatcgatctc,157.9
tccatcagatgagcaaaaccatgacgccgaagtcatgtaaaaatgtcacc,157.9
agttcgtcagggtctggcgaaaggcctgggacacgcggtattgtgtgctc,157.79
gctttgggggaaagatggatttttttagtgtgcagaatatcctggtacat,157.69
attaaacaaaatggagggcaatttaccataaaccaggttaagtatgggag,157.69
ccgtctgcgggaaatattccgcagacggttttatctcttaaaataattaa,157.68
gtggttaaccccagacataaaccgaggaaaataatgttattgtatttcat,157.68
tcattctgatattggttttgatcgcggcggcaaaggtaatatcgatagct,157.68
gctgcgggtaatgtgtcgcctggcaaatggtgatcggtaacaataaccgg,157.68
ctacacgcggactgataagccaggcgaaataatgaattatcatcagtact,157.68
aacttcatttttgctatctttgcctactggctggtttttattattggtgt,157.45
tttcactaagatgttgttcaatacgagcgcgtagttcaggataattatct,157.45
ctgcttcttcaccattggtttttttgtctttggcccacagatgttaatcg,157.45
gtatcgatcaaacgctggtcgatattgaagcgaaagtggatgatgaattt,157.18
cgctctctttctggagtgtcatccgcaaccgcattggcgagaaaaaatgg,157.18
cggtgggcagaaactttctggttacggcaaggatatgtcactttatgggc,157.18
tttcatagatttactcgcgataagcccgatttgaaggcatagtttaccat,156.9
acgtgataaacatcgcatcaccgtaactaaaaaagcgatatttctcttct,156.9
attctgccgctgggtgcgaaattcgcgtctgacgctggtatcgtgtctgt,156.9
catccgttagccctggaagaagagccgttaaatcgtcgtattattaagcg,156.9
agggtgaaaagatcatcgtcagcggtgctggagctgttatcttctgctac,156.9
tcaaggcaggattccgcccagcgacgttggagcggattaaactgaggcgt,156.9
tttggaaccggagctgctggaactgttggacgagatggataatgtcgcgc,156.9
accggctgtcggttttgctatgggcctcgaacgtcttgtattgttagtac,156.65
cgggagaaatttgatcttgatgaggcgcagctcaagccatattttgaatt,156.56
gggagttatttttctttgcggaaggggccgcaaaggtccagaattggctc,156.56
aacatcgcatggatgagatggggtataaagaaagtgaatataatttagac,156.35
taggggggtatgcattgacatatagaatacccccctatagtatattgcat,156.35
tgagataaaggatcgatgctttcgctgcttttaccctctaccattaggct,156.35
attaatggttccagaatatcacatcaaaaaaaacgctgtataatattata,156.35
gcatgaaaaatcccttttatccccgcgttaagcgtcttaaccttaaacat,156.35
catagataacgcggctttgcgaatattgcttaacgcgataccttcaatat,156.35
gaaaaaatgaccgggcttgaaagttatgatgtcaaaatcaaaataatgtg,156.35
aggcgtttctgttgattctgaatttccctctgagctgttatcctcctcat,156.35
gccagcgagacaacaaagaaaaaaagaatgatcagtggcacgataccttt,156.35
atcgcttcgagaatgtcctgttttttctgactaaccggtaaattgtcagg,156.35
catgcaggcagggttggacagaaaacacgcgaaggaattaaaatgcctgg,156.35
gctgatgagcgggttttgtgctttaaatggggcaatggtaatgttgaatc,156.35
atgtgatattgctctcctatggagaattaatttctcgctaaaactatgtc,156.35
ataccgaagcgcattttacgtggtgccaggttagccaccataatggtgtg,156.35
ctgtattttaccgtgggcatcaccccagaattctgagctaaactgctcga,156.35
gctatgaaaaaacatcttttaactctgacactttcctctatattagcgat,156.35
acaccacaaatcgggtgaagttttgtcgctgatttgcttcaatacgctcc,156.35
catatgccgggcgacgggatgttgattctgtcatggcatatccttacaac,156.35
cacgaagtttgctctctggcgggtacgctgaagctgggtaaactgattgc,156.35
tagtgttcccttttatttattgttccggctaattgttatttaattcagct,156.35
gattgatccaggtcatcgccgaattgagctaaaaatggcaggctttggcc,156.35
tatagagattgccgctgttgattttgatcgggaaacattaaaatcactag,156.35
cgacggggcagagattaaagctcctggtcgaacagctctaaaatcgcttc,156.35
cgtctgatcgttgtcgagaagttctctgtagaagcgccgaaaactaagct,156.35
acgttcctggccctcttcaaacaggcccagttcgccaataaaatcaccct,156.35
tcgctaattattattggtcgggttgttggcctgcgcgataaactgaactg,156.35
gccccctgcccacttcaaaaaagcgcgatttttcttcatgctgactaact,156.35
ctatcaatgccgaagtgacaaactccgccatcgagctgaaagtgttgatt,156.35
ttacgccttctccctctttgccgcgaaatggaatttcatcaaaattatag,156.35
gccagtatcggttatttcgatagcccgactattaacactatcattgctat,156.35
tcggcaaggaaactaaacgccgcgccatagttacgcgcataatgcagatt,156.21
cgtgcgccatatgctgaatgcattaacagcgttaggggtaagctatacgc,156.21
ggtgcgttttagctcgttaatgtcttcaatctgagcgataaaatagagcg,156.21
tgcttcaggtattccgcaaagacgattacgcggtgaagtatgctgtagaa,156.21
agtttctttttgaggttggctaatgaaacgctttccgctatttcttttat,156.21
tcgatggggttatggtgtcaccagcgctctttctccttatcatgaaaacc,156.04
ttatgctggataggttgcggtaaactctgaaaaatggcgttatgttcgct,156.04
aggccccgatagatttgaaccttgattttcctcggtggtaatgtgttcat,156.04
tccttaatggacgcgttgcaaatccatggaaaactccggacaatgacgcc,156.04
caagcaaatagttgttacttcaacatattacgaatgacataatgcaaaat,156.04
gagtcgctgcgacctcatcagagatttcaccgttatggtaaacttcctgc,156.04
taatgcctgcaatgaatgatagtcgcgtcttatcatgccaccattataaa,156.04
atagctcggcttatgatttagctgtgctttctcgtgctatcatccacggc,156.04
caccggaatgcgttcattgacgcggcggatcacgcgttcaacaatacggt,156.04
ttcgccatatacactttgtaatttaccggctgaccgttgatattgttgcc,156.04
tatgtaaggcagtttgaagttgcacgccaaatggctgtagcatttgccgg,156.04
gcgcgaccagaagcatctgaccgatgaagaacgcgactatattattaatg,156.04
attgccgtgggtgagttgtttgacggcatgagtcgggttaaaaaacagca,156.04
ttcaccagaaccgctttgctcaggccgcaggcatgcattaccgtaatttc,156.04
aaatgacttcgcaatgttcttttaacgcctccagcgcgacaatagcggcc,156
ccctttccggcggcaaagggcatcatggtaaatcagttatagttaatctt,156
aaaccacttgctcactgtgttctcgccttcgtcgcggtatcctttatcgt,156
caaaacagaccgtgttgcgcaatttgtcaacgaaaacaataatgcgtaag,156
cgaagataaatgccagcgaggtcatcagaatcgggcgtaaacgctgacgg,156
cgcgcgtctgcctcgataaagttatcgaaaccatgtacgaaacaggtaaa,156
ggttcagcctgctgtttgttgaagggtttatttcctgccatagtgaatgg,155.74
ttccagaaagtgtttgttgccgagccttctgttgaagataccattgcgat,155.62
ttaatggtagcgtcgcttgtcaatgtaagttgttgatacataatatttat,155.3
tgttattgttgaagatgagccggttacccaggcgcgattacaatcctact,155.3
gtaatactttatcaggtgccgtattcatgggattgggttattggtatgct,155.3
ctttatcaggtgccgtattcatgggattgggttattggtatgctacgccg,155.3
gcggttttgtacgttcaaatttttctttagacacggctatattccttact,155.13
aaaaggtgcttttttacgcatttttaacaagctggcattactgttgcaat,154.8
aaaagcacctaaaaaggtgcttttttacgcatttttaacaagctggcatt,154.8
ggcgaactaagcgccttgctatgggtcacaatgggcggtttcatttggct,154.52
cgccatgccgacgggttctttttggatcaggcaagacgcataatccaggc,154.52
gctgcttgctggcagtcgctgaacgttctttaccagcgtatagtgggcga,154.52
tttgaaggctttaacgacaattgtgtgctgattcacggtaacttctgttt,154.41
ttcctcactggatatggttttgcttgatgaactgacgtatatggtggcgt,154.41
gcgtccagtcattgctggcgattaaggcgatctttggtgatgatttgcca,154.41
agatcaaccgcgtgctcaatgcactgcgtgattctggcaaactggacaat,154.41
cgaatttcgctgctttacctttcaggttttctgcgtggtattcttccggg,154.32
tttagagaaaatattgcacaaacctggcaacagcctgaacattatgattt,154.32
atttaatattgctttatgcatcaggctgccctcacgatatagttaaatgc,154.32
gaaaattaccgttgtgccaattctgcgtgcgggtcttggtatgatggacg,154.32
gagaaattaaccttttcctctgacgccggacgtgtgctacaaaacgcggt,154.32
atgttaactatgtattcctcgcggtaaataatatgaggtaaaatatgaaa,154.32
caggtaatcagcggcgcggcatcttccggccagcaggtcataatgggaat,154.32
aagcctgcacccaggccgcagaagtggcgctgtttacctataatagtcgg,154.24
aagagccgatgctgcaaaactttggtagcagccatgacatcatggtccgt,154.24
ttactgccagcaatacggaaataagcagccagataatatagtgtttagga,154.24
ctggaaaaaaatctggctgaaaatacgttgaacgcttaccgtcgcgatct,154.24
ttcattagccgtaaatgcacatactaaagaacttaactaaacttcacatc,154.18
gctggggttgccagtatacggcatcttcggtagttgaaataatgcacggt,154.18
agctacacctttactggcgtgcaactcgcttccgacgataatatgttgcc,154.18
cgctggagatgatccgcaacagcggcacagaaccgactattatccattat,154.18
gctttaatgctgggcatcagtcgccgtgcattgatgtataaactccagga,154.03
ataacgttgcgttagcaacggcccgaagggcgagacgaagtcgagtcatc,153.92
atgaagattattcctgggaatactcggaaatttgtaagtaatatttaact,153.87
tcttcaatttaaaagtttgatgctcaaagaattaaacttcgtaatgaatt,153.77
caaactcttcaatttaaaagtttgatgctcaaagaattaaacttcgtaat,153.77
gccgatgattttggcttaagcaaaggtcagaactacggcattatcgaggc,153.27
cttttttcagtaacagttgcccgctgatcggttgctgatattctttttcc,153.27
ccagcactgttggtcaaaatttagcgttagtggacgcgtacctttgggca,153.27
ctggcatctttaacggtgtaaccaaatacgttgcccagtaccatgataat,153.27
gtaaaactcgttatttttatgcatgtttatattcatcatacaattatata,153.27
aattactataaaaatttgtactattagtaaaactcgttatttttatgcat,153.27
cagaaacgttttattcgaacatcgatctcgtcttgtgttagaattctaac,153.27
ggtgctcaatcgcttcgatgagatcccggagtttgtccagtttgctggcg,153.2
gagccgattcaggcaatgtgatttgttgcatgctgactatagttaacatt,153.19
gcctgtctggctgacatataaaaagtgtggccgatccgttaccctcaatt,152.65
ttgcaatgaagagtgcattccggtttttcaacagctgttacagtcatttc,152.65
acgtccgtaaccggagatttcccgcaaagccaatttaccgataatgaaat,152.65
ttcccgcaaagccaatttaccgataatgaaatatcgtcttttataaggat,152.65
tcttcaatttaaaagtttgatgctcaaagaattaaactttgtaatgaatt,152.53
caaactcttcaatttaaaagtttgatgctcaaagaattaaactttgtaat,152.53
aaatgaaggcgttcgatctccaccgtatggcatttgataaagtgcctttt,152.34
gcggagggaatactcccttttattgaggataattttgctacacttatgac,152.32
ataaaatcaaccaactggatagcgataacaaattgaatattaataatgat,152.32
aaactcaggagatgctcgatttttgcgccgaacatggcatcgtggctgat,152.32
acccctaaatttcccctccccagcggcgcagagatgagtataattagcgc,152.32
tgcatggtctggatgcacctggccagcatagctcggcttatgatttagct,152.32
ttcatgccggtaaacccggcgtcagcgccaggttttggtatgcttgatga,152.32
gcgtacttttttatgcggcatccgtaactgatccggatatgatgttttgg,152.32
gtttttacgaaacgctatcattaacggctaattttattatcattatcatt,152.32
ggctttgccagtgccgtaccattgttgaatcaggtcaataatatcttact,152.32
tatggcttcgatgccgtctccgccgtcacgccgttctactatcctttcag,152.32
ctttattgatatcaatttgatcggcaatagatttggcataggctttattg,152.32
ttcctccgctttgcggtttgaagcttgcctcatagcgtatactggtgcct,152.32
ccatgcattacattcgtaatcacgcctgtaaagggattaaagtggatcag,152.32
agcaggagtaaaccgttgctggtggcagcgggttgtaacattatttgacc,152.32
gcgcatggaatatgctgatcgggattctgattgcctgtagcatagtgagc,152.32
atccccgctgctttttccccacgggtaaagatggggtttatcatcgcaag,152.32
gccatggcgaaggctatgcgaccgtcgcagatgctgtatattcaggtggt,152.32
ataattcccctgtgatgaaaatctgatcaccttgccatagcctaatgcag,152.27
taaccatgcggagtaccactcgtcatcacgtatttatatatcatgaagct,152.09
ttatggtcaggctggcgaactaagcgccttgctatgggtcacaatgggcg,152.08
attggcgcgtttgtgcttgccctggtcatgacgctgataacatttatggt,152.08
ccagcggtaaagtgctggcagaaggcaatgcggatgagaaactggatccc,151.86
tctgcgtctgcgtgtgcggaacagaaacccttacccgatatacttgttat,151.86
tcgcgggattacaccgcgcacttaaaggcgtttcgcactatcttgcattg,151.86
tacgggtagtgttatttgattttttgcccgtaactccttaactttacgat,151.77
ttgtcaccgcgtatctgggcgatgctggaatgctgcgttacaacagcaag,151.77
ccggtttccggctcgttctggaagtaagaaaggaaggtaaaattggtttt,151.58
ttaaccacagtggcgattcccatgcctggtttgacaggcataatcgtggc,151.58
gtaatggcggtatttatggcacttttactggtgttcactattatctggtt,151.58
cacttgggtctgagcgcaccgggcgaccgtactgctgctaagatcgagaa,151.58
ataccttccaatatcatgtgcttccttttgactcgatcgatatcataagt,151.58
cgtagcaaagtgcgcgtgtttttatgccggatgcggtgtaaacatacgtg,151.58
atggcaagatgagtaatggggcaacagcgtttggcgattacaatagtaac,151.58
gacatggggttgtgctttctttgttgccagtcattactacacttacctgt,151.58
ctcacttaacgccgcttctgggctgccatcttttggctgataatcatatt,151.58
cacgtatcagcgccatcaactggaacaagatatctgacgataaagatctg,151.58
atgctgaagcatcgtggcggtataacgatgatttctgattgaataaagat,151.58
tgatcttgtcgaaccggacgacgacgagcgactgcgcgtacaatctgaac,151.58
gggattcattacgcttgacgttgcgccccataggctgcggtaaataaccc,151.58
ccaccagaaaaaacttgagcgtctaacttcgattgccataaccttgccgg,151.55
gtggtttgcatattccggcagtgacgcacgtctttaactacgatttaccc,151.34
cagccggatggaaaatgcgtctaaaacggcgcttctggtattctgtgagg,150.97
aaggaagtaaaatatgtctaataaaatgactggtttagtaaaatggttta,150.97
tgagagaggcgttccagttgcgaaccaatacgccagttatcattaaaatc,150.97
gaaaagaataggagtgggggcgggtaaaatctatgtgatacaaaggtaac,150.97
ggggattttcttcttaattttatagggtggttctatgttatatatagata,150.97
tattgttatacatggtttttcaattaagcgagttgcagtatcctgtggat,150.97
ttgggttaagtacctgaataaatactgcagaaaagaagcaaaatggaatg,150.97
cctctcatcacttaatcgctccaccattacaattgattaaaatatatttt,150.97
tgctggatactgtggttgccaccagcgataaaaagcgttttagttattcc,150.97
catactgttctgttggaaggtgttcgggggtcatgatgtatcctgaaaaa,150.84
aagggtaaaatcctcaacgtcgagaaagcgcgcttcgataagatgctctc,150.61
gcacattttaacaacttgacatatataacgtttcaaagttgtaactatgc,150.59
ctgtgcacattttaacaacttgacatatataacgtttcaaagttgtaact,150.59
aactgtagattcaattggtcaacgcaacagttatgtgaaaacatggggtt,150.59
aaattaccaccgtggagaaaaaagaggacgtagatgtcgataaaatcctc,150.47
tgtggttgatcccggtattcctctttccgaagcggattaaaattattgcc,150.47
tgtttgcctatagcaaattaataatagacaacatcgccaaaaatgatggg,150.41
ccggaaggattctgatgatgaacatcgaagaactgcgtaaaattttttgt,150.33
agaactctaattgctccgccacttcgccctcctcagataagattattacc,150.33
gcatcccggtaggcttcatttttatctaatgtggcattaaagtgtatttt,150.33
atatataatcaattttatttttaaaccagttagtcgtaaccttatgcccg,150.33
agaggcttcactaatgacagccagctacaaacactgtttaattatctgct,150.33
tttcttatttaggctttgcatttggcaaaattttgaggcattttgccgac,150.33
gggtaacaaaatggtcgcgccagtagacggcaccattggtaaaatctttg,150.33
ggtttccctgctcaattgctttcattaaaccgcacgagtattttattttt,150.33
ggttatccgtccccaaagaaatcaaaaatatcatgcgcgatactggaacg,150.32
cgattattttcgttactgcgctcatcagtctgctgtactacattggcgtg,150.32
ccctgctttttcagcttcacacgggcatcgatcagatcgacgatgtcagt,150.32
ggctgagtttgtttgttttgaatttcataggatgttctaaccttttcaat,150.32
ctgtactggcgatgacaccaaaaggtgcttacttcgctaacatcgcgggt,150.32
tctactcctgcatctttgataattcgataactaactgttattcatggagt,150.32
atataaatcgtttgttgctgccacggagtaagggcatcaatatccacacc,150.32
gtcaattcattcatttgacttatacttgcctgggcaatattatcccctgc,150.31
tttcctgaatatgctcacatcatataaagaaatacagataaagttattat,150.25
cattttggctgttccttagtgcgtcaggcggtcagtgtatcatcactcat,150.25
aagtaaaaagtctgcaccgacataacgtgcgtctgcgtattattggcgat,150.12
tggcagtggtgatcgctttttgctctgcttcccaggatatagtcttcgat,150.12
atcagcagtaattagcgtgtaaaaagataaacggcaggagataatatcct,150.12
acccgtatgtgcaacgcgcttgccaggcgcgaaagagctaacctacacta,150.04
atgcggcgtaaacgctttgtccggccaacaaaagcacgtaaattcaatat,149.81
gactgaaatatcataaacttgcaaaggcatcatttgccaagtaaataaat,149.54
cagcaaaatggcgcttgtacatctatttcccccaatgcaggatgataaat,149.29
tcagaacactcccgtggtcgaaaccatgcagtatggcgcattattaggtg,149.19
gcgatagtcctgactgacagctcgaaatttggtgctgtacattcatactc,149.19
cgaaaccaacatgactttttttgtggctgaaaggagtatacggtatagac,149.19
ggccaatagcgtggattattgtcgcggcggtgttcctgtataaattaacc,149.19
ccagttctgctgaactggcacagcaacagattgcgatgcttaatggttgc,149.19
gccataaagcagtctcctgaacaggttgcaccattttagtgcattatagc,149.19
aatgacagggaaaaaggagaaattctcaataaatgcggtaacttagagat,148.93
acgattcatgttccttcaacgccggggcgcgcatggaatatgctggtggc,148.93
atgcacccggcgtggcacgaattcacgaaggggcatggtacgatccagat,148.93
ttgttgagcatgtctggatcgagattgctgaagtttgttaacttcgactt,148.93
catagggctgatagcgatcgtcctgtggagcacgatggtaggattgattc,148.93
tgattccgctgcggccttcggtatcgaaccgcgcgttgctatgctctcct,148.93
ttttttccccaaaatcgacttacttatttctgtcggcgataatattgatc,148.93
cagacatgtgaggcactcggttatgaattaccgcgatgctacaatgtggc,148.9
tatgtgcaacgcgcttgccaggcgcgaaagagctaacctacactagcggg,148.9
acggacgtcgagggcttgtatgccattggcgaggtgagttataccggctt,148.85
gagagagaaaagtttatcaatagcctggaattattcaataaacttaaaac,148.61
gataactatttgtctacgtgaaaagatcatcagttttgccgattttagtc,148.61
ttcatcccacagcgtttgcgcgcggaggaccagcgggacatacttttcgc,148.61
attcactaacaatggcggtgttttcggcgacgtttgctacgcttatcggt,148.61
agaaagttaacgctggttgattttccgaatttagcccttaaatcatcaac,148.61
tgccggacggcaagagcaataaaggccgcgttcaggcttatgatggccct,148.61
ttcaattcccaggtatctgcaatcttcgccagtcgttcagaataaatttc,148.61
gcagtaacttagggtttaaattcgaacatctcgcggcgattatcgacggc,148.61
tggacgatgtccagcttgctcgctaccttttgtcgggtcaaaatcaaccc,148.61
ttgcagaatcgaaataccacctgcctccagcacgcgtttaaaatcgaagc,148.61
cctgaaagacgcgtttgttggtccgaccctgattgcatactctatggaac,148.55
agaaagcgaagattatctgaaaaatcctgtgttctgggaaaaaatgaaca,148.55
agccctgcaaccactttcaacggcaggttatttttcgctaccatattgtc,148.45
ctggctggaagttcatgagccattgtcgcgcaatcgtgcagaatatgagt,148.34
tcgaacatatcctaactgtccattgcgcaattacccggtaaaatacgcag,148.33
catgcctgcgtcacggcatgcaaattctgcttaaaagtaaattaattgtt,148.33
gtagtcacaagaaccgccaccagtaacgcgatccaggcgatactcagtat,148.33
tacgtccacagcaagtttatccgcttaaggggatattataagttttatcc,148.24
tgtcatcattactgattaaaattcatcgctcgtctgtatacgataacgaa,148.24
ccccctgcaatccttaactggttttatgaagttcgcggtaaattgcagga,148.24
tcctgcgtcgatcgatgaattttaccaatcgaagtattacgatagattac,148.24
ttctgcaggactgcataaaagatgagccgattcaggcaatgtgatttgtt,147.99
aatttgatgcttttcgtcgcgttgatgcaactttttattaggataatcat,147.86
attatcttgcttgtatggatgattccgtttacccgcgttattgtcggtac,147.61
aacaacgtcgcatggaagaaacttccgggcaaagaatgaatcttaagagt,147.61
gacaacaatgccgcttttacctgacgaacggcgttgatatcctgtattct,147.61
agctgatttttttcattacagattcctcactttattcggaaaatatgttc,147.61
cggcaatctggtgatcacgccagacggcaacgtgatgtataacggtaagc,147.6
cctgcaattaaagatatagagccgaacacatatgccttttacacttggtc,147.37
ttcgctggttacggatttaacaaatcgcactctgcggcctatgctttggt,147.37
cggcaccagtcaatcatctgatttgaggtccagagggtaagcttatttcc,147.37
aacagatttaccacatttatcatcttaacagtttgagtgaaaatgcaggc,147.37
aaccagcgtcatggtgccatcacgcttcagcaaggtggtaaaatcgtcga,147.37
tcatcgacaactactggcagaccgaatccggctggccgattatggcgatt,147.37
accgccaaactgcggatcgacatggcgataatcctcggtatcgtatttat,147.37
ttaaacaaaaaaacgaagcaagcatacgcctgatggcggtccaaaaaaaa,147.37
ggcctgactcgttctggttttattgactggttcgccggtaccatgagtac,147.37
acggcggcactgcgccagttcgagatgctggggagctatccgctcaatga,147.37
tgacagattaaggatgcaaaatgtttaaaccgcacgttaccgttgcttgc,147.37
tgccggatatgacgtccggcatactttgattaaccgttattattacgtcc,147.37
gaccggtttactttcccatatcggcatgaaagatgccgataaacaagaat,147.37
tattggataaacctgcacaatattttctcccggcggataataataaaggc,147.37
tatattgaccctttcctgcggtctgtgatgtaggtcgatacactattctt,147.37
tcagcagtttttcttttgagtagtcagggatcactgcggtaagattactc,147.37
cggtaaaggtctggtgatccaccatgaatcctgccgtaatatccgtggct,147.37
tgcatcgggaaattctctacaacgacatctataactgggacaatgaaccc,147.37
gtatttctcaaactctttacaggcgacgcaccagtcggcataaagatcta,147.37
aaaccgtagaagatgatgctgtacaccacaatcaggaacagaatactcag,147.37
ggtgatattttctttttccacgccggactcctgtatttataattttaatt,147.37
caaactcttcaatttaaaagtttgacgctcaaagaattaaacttcgtaat,147.34
cacagtatgcgatgcgtatctggctggatgccgatctgctaaacaaatat,147.15
tagccagcgctaaaggttttctcgcgtccgcgatagcgtaaaatagcgcc,146.75
ggtgttgcttcaggcatagtagtctcctgaggttttattagaatcattat,146.75
ccagcttccagggttgtcacgggaaacaagagagagtatcgctatgtatc,146.53
cacctgaagagatattaatttttagcgatgatggagggataattatattt,146.53
cggttgccacgctgattgaaaacacgctacaggcgtgcgttgaatatcat,146.27
atgccgcgaatggcaacagttaactggcgcgccgttgcataatctatatg,146.27
aaagttgcaaactttgttgcttttgttggcgcgatgtatagcttttatgc,146.27
gaaggtgcatttagttcgctagcgctggtgttatgcgggataattacttc,146.27
gggtatatacgtgtagcgttcactgcgggattcgtgtttatcctcactga,146.27
gcataaagtcgcattgctggacattccggctaatggtgaaattattcgtt,146.27
aaagagccgtcatagcccgccagcggcagcatggagataaagttaagttc,146.27
attttcaatgccgatatgggtaaaaccctgctgtacggtactattctggc,146.27
ggttcctgagcaggttgatggtctgcaacaaagcgatgatattttacgtc,146.27
cctgaccaaaagagtcgaggtcgttgactgaaacggttatgatctgacgc,146.13
cctcgccctttttaattctgaggtgctatgtctgtggtaattagtgatgc,146.04
ataccaataacaagcaatgcgacggaaccgtagaatggtaaactccagtt,145.94
ttactgataagaatatggcatggcggcacaatccaaactaccgtaatggt,145.9
tgtttcgcaactgttcacttgccgtactgaactccggtagtttgaccgat,145.9
ttgacatatataacgtttcaaagttgtaactatgcacaaatgtagacttt,145.89
ctgtagagatggaagcgacggcaatcgcccatgtctgccacaatttcaac,145.89
aatgggcattatgtggtggaaacgctggcgcgagcgtgcgatggttgtct,145.84
cagtattgttgaccgttaccttgaacatgaccgggtttatatttttgaaa,145.84
cttatctcctgccgctgctgatcggttataccggtggtaagctggtaggc,145.84
tcttcaatttaaaagtttgacgctcaaagaattaaacttcgtaatgaatt,145.67
gtttgcgccagggcaagtatttacagcacagtgttgataagattgcccgc,145.47
gcacgaacttgtatgaacacagcgatccgcgtgaaggctatcatcaggac,145.01
gtactgaaccgacctacacgctttatgcgacgttcgataacattggcggc,144.94
tccataatatcctctgtggtgcaaaacctgaagaagattatattgacctt,144.94
actcttgtgatcgctacccggagtgtcaatttgccattaacttcaaaccc,144.92
gcgctgtgacgcgtttattcagtttgccagcgatgttatgttgacgcgct,144.89
catgcgtgccctgctgattctctatctcaccaatcaactaaaatacaacg,144.89
agtttttctgccagttgtaacgcacggctgttatcaccgacaatcaatgg,144.89
cagtcaaactgcatatgttgttcctgttaccgtggtgtaaataatcaaat,144.89
agtagatgctcgtgtggcccaggcccaggatgaacgcggtattatcatcg,144.89
ctgggtcagcacactcagtcgtccgctgaccagagcgttctcaagccctg,144.89
ttcaccggtagaaaacattttacccggcgcaatactgatatgatgcgtca,144.89
ttgcgtttttcctgccagatagcgtgttttaaagcgggtaaaatgctcgc,144.89
gtatctattctttgcgctgcatttttgaaaaaattggctatgatcgttgc,144.89
atggggcaggaagatgtttcggcgctgcgtgaagttggtaaattattggc,144.89
caggtagaaaacagctttacccagccgaacgcggcgatgaatattcagat,144.89
ccttcaacatgcaggctcgacattggcaaattttctggttatcttcagct,144.89
attgcatatatggccgatgttatggatcagaagtccgttaaactgggaac,144.82
cagaacagtatgaagcgcagttagccgaaaaagtggtacgtttgcaaagt,144.82
gttgagttgtgcatatgtagcctgaccgtcacaaagtatatggtgtctgt,144.75
gaatctattattgaagccggtcgtgtgagtgttgatggcaaaattgctaa,144.71
tgcaatatggacaattggtttcttctctgaatggtgggagtatgaaaagt,144.42
gtggcgattatttcgttgccgctggggttgtgtattgcttttattgtcat,144.42
gaaatttcctctcttgctggcgcgattgcagctgtggtgtcatggtcggt,144.42
tgacgcaaatgcgcctccgtatttacggtacgtttcgttatcatttagcc,144.42
taaaaaagtggtgctgtgctcaccgccgccgattgccgatgagatccttt,144.42
gtaccgctgttcatgtcataccaacattagatctgaattattatcacgat,144.42
tgtccctgaatatcgccttctgaggctttgccgtcatgcataatggcgtt,144.42
ttgctggtgagcggtacactcggcgaccacggggcgactatccttaacct,144.42
tgtggtatccggtggtgctgcgtcagcaaattaagcgcatgatccacgat,144.42
agaactgcttgcagcgtaaacttttttcctgcttcacggtcagagtaaac,144.33
ttgtcggctttcagcttcaatcgctttgaaacatcgagcaaaatggcccg,144.32
ggtgccactttgctgttggaacactgcaagccagatgtgattattaacac,144.32
attcttccgcacgatttgtccataaatgattattatcgtaaagttaagga,144.32
ccagcaccagccttttccacgacagccgttccagcacgtaagatactcca,144.32
ggatgcgaagtacgccgtgatacagccggttttccgactaaaatatgatt,144.32
ttaacgagattaagtatagcaccggctatgtgttccgctattctggctgt,144.32
accgggcataaccatgagcaaaaggcctttttgagtaatagactgatgac,144.32
tttctatatacatcttcaaaaacaggcaaggtttgacgcaaactatgcct,144.32
gattaggctttgattttgtatcttcttggttttcctgagaaaatcacagt,144.32
actacgaacgtcgtttcgagtttgaacccgactgcattaaattaacccgt,144.32
actgagcctgctgggtagccaggatgagatcgctgaggtaggcttcccgt,144.32
cgcctggtcatgcagttgaccccttacggcgttctggctctaatgaccaa,144.32
cgtcaccacttcaactggcgaaagcgccctcatcctgacataatccctgt,144.32
caccgcgcgtctcgctggataaggtcatcgaaacgatgtacgaaaccggt,144.32
tagtcaaaatgtttatgctcaattattctggtatatggtacattagcatc,144.32
gtcggcagttgatacatgttgaaaatggtaaacattttgttattcgtaat,144.32
ttcctgctgtcatttatcatctaagcgcaaagagacgtactatggaaaac,144.32
ttcgtgcacgggtgactctgaataaggattaaacctctatgataggtaac,144.32
ggatatcaacgttgttgtcagcgtgctcaccaccgttgatgatgttcatc,144.32
agcaaatttttcatctggttaggtgttaattaaacaaataaagttactgt,144.32
ttgctggcgcttaatccgcataatcttggtggattgctacactttccgtt,144.32
ggtcaccctggtatcttctcccgacaaaaacacagcaccataatatatgt,144.32
ttttctcgccaatggcttgacgtggctggtgcttttactgtggagtgagt,144.32
aaagtgatattgcctgatgcgctacgcttatcaggcctacaatgtgtgtt,144.32
accaggcggagcgaatgactacccttaaagaaaagccgataattagcgac,144.32
ttgtttcttctccttgatataatcctaaaaaaatctcataaaattaatat,144.32
aaatgtactgggtaaacaattcgataaactgcttaatgttacgctgtgtt,144.32
ttgcgatggcgctaaatgtactgggtaaacaattcgataaactgcttaat,144.32
tgccctggacagcgcggcgttgttcacgggaggcgtggtacactctggct,144.32
cttttaggctgcaacttaccgtgatagcaaagtgagttacagtagtcgat,144.32
tcaaacaggccgaaggggttgcgatggatgcctctggtaatatttatatc,144.32
cgccgggttatccaccgccaggaaggggatatttttagtacgatggcgct,144.26
atgacagaaggatagtgagttatgcggaaaaatcaggcaacgttacgcgt,144.26
cgctttcacccactcttccggcacttctttcagtacggtatctttcgaac,144.26
tcggcaacattttgttagcactctgttcacccgaagactcagaatacgta,144.26
gcatggcttatcctctaaaattatttgctacggcgacgtacgatgaattt,144.26
ccgtaccgacatcattgaccgcgtgcaccacgcctgcataactgaaggtc,144.26
ctacgcctgaccagcttggcgtcaccgcagttgatgcccatactttgaaa,143.86
cgcaaccgctgcgtctttcaggtcgcgaccggtgacgataaaatgcagat,143.86
gtcatacgccgttaattgctttcttttttggcgtaagcgtaagatgcttc,143.86
tgaggtagcctgagtttaacggacactccttcctgaaatagaatggcatc,143.86
acgttgactttcctgctttcaacggtcattgagctgtataccatggtgct,143.83
aaagcgggtaaacaatttaccgacgatctgattgcccgtaacctgcttaa,143.76
tgcttggtgtactggtggtacagcaacgagagttgcgccagtatgacgaa,143.76
cctgtcagaattaacttaagtgtagataaaaattctggtcaaatgttggt,143.69
aatagtggcatgctattgccacctgcgcctgtcagaattaacttaagtgt,143.69
tagatgctcatattattacatttgtagcaaagatgccgtatattgattca,143.65
tatagacatccacgcccagactgaagttgacggcgtgtatattaaccacc,143.61
cgcggacaaacgccttgtgaaaagatgattcactggcatagcctactgac,143.61
tcccggcaatgctaaaaggatatattgacagagtatggaataatgggctg,143.61
tcagttaatggggacggagaagatccacgaatggctggtattatttacac,143.61
ttttacgtcataacccgaccatcagtgccgtggtttgctataacgaaact,143.61
aacacccggaaaatggcgcaaatggcgctccagccaaccatagttaaagt,143.61
ccagtcgagcagttgcggatccagggcagggatctctttacaatagcgca,143.61
tcgccatgaatgcaggttttcatctgctcgctggagagatacaaatcatc,143.61
gctggaacagtggccgattaaaggcatcattctggtgccaaactgtaata,143.61
atggccagcactgccgtagggtaaaacatataaattctataattagatgt,143.42
gcttttcgccgctgaaacaaattaacgccgataacgtccataatctgaaa,143.24
cgcagtattaaaaccatcagtagccagaagaaatctgcgatgatgaagct,143.24
tgtgcgtgaggcggcgcacataatccagtattcacagcgataattattgt,143.16
cgcactggatgcccaacccgataatggcctgtcggtgctaacctatcacc,143.04
ttgccggtacacgacttttcgccagatgcgaaagagacatagaataaagt,143.04
ttggtcttccgatagatcaccatcaatgcagggagtctattatattacac,143.04
aacgctattccactgctcctttataggtacaacagtatagtctgatggat,143.04
tagccaggcgtgcctgctggtgaccagtgcgcaattctatcctatgtatc,142.95
ttcaagcatcagatctccgaccattcccgcagcagattatgataaagatt,142.95
ctattgaagagatgctggcatcgcttcctgccgagtggtgcaatattgat,142.95
tccagaagctggtaccagacctgaccgattatcagtggtataaggggtat,142.95
gtcgtgcgttgccatcaatacggttaccccaacgcggttaaactcttcaa,142.95
cggttaccccaacgcggttaaactcttcaaacagacgtaaaatgccttcc,142.95
atgccgtaaatgcgctccatcaccatcatcccttcactacaatagtcagg,142.58
tacaggaagcaaccgccccagccatctcttgtgccgggttataatcaatt,142.58
tttagaactgatgacaaacgcaacattgcctgatgcgctacgcttatcag,142.53
gcatgttttaagtttattgaataattccaggctattgataaacttttctc,142.42
gaaaaccgcgcagggtgtaaaacacttttgtgccagtaaacaatgtggaa,142.36
aatccattttctgttttgcattattctttccattctttttgaatggtgaa,142.32
gttttgcattattctttccattctttttgaatggtgaaattatactcccc,142.32
caacatcattgtgctcaacaatgcgctcctgctaaaccataattcttttt,142.32
tccgtgtaaatatctgcccgaccggtagccaggctgatggagaactctgc,142.28
aatctgacgcggggttgacattacaacctctcctttagagcattatgtgt,142.09
tgggcaacaaaaccctgtagcaggtcgtccatacgacgcataatctcttt,142.02
caaaaccggataccttgatttaacgactggataaccccgatcatgtatcc,141.55
gttaaatatcgaaccatctgtctcaaccagattcacgctacaataaggtt,141.48
tggatgattttgccttctcgctgcatgaccttagtgataaagaaaccacc,141.48
atcgccggggagttgtcgatggcaataattttgcaattatcatgatgaat,141.48
ccagcagcacgcgtgacgacaaagggatggcgactatagactctaacctt,141.48
cataccaataacccaatcccatgaatacggcacctgataaagtattaccc,141.48
ccggcgcgaccgaagccgaaacgctgaaaacctggaccatgatggaaacc,141.48
acgtaatcgggacgttgatcgttgttgcccagcgccagtagagtgttatc,141.48
cgcatatgctgatcgcccgcagcgtgtttgttcagggttaacataatgat,141.48
ggtgagatacggtagtttttaaaatcatctgcacttcgtattcttgctcc,141.48
tgttcctgttatcacattatctgctgaacaattactgataggttaaagag,141.48
ggtgcgtttgccggtctggataaagtgatttcccaccgtgtagaaaccgg,141.47
gtcacctgactcacggttctccggttaacttctccggtaaactgtacaac,141.47
atggggcacccccttgcttcatcgttaggaattattgacttaatataggg,141.31
accgccgtctggggttgacgattctgttgatcacccacgaaatggacgtt,141.18
ctatatcgagatcaaaatcatcctgttcaaaacgtgcatattctgtgctg,141.18
atcgtaatagcgtcagtgcactgatcaataacaatcgtaaactcactact,141.18
tttgcacacaacgttaacgatttgtggcgtcggcgcgtataatgcgcgcg,141.18
cctttggcgaaaaactgtggatggcggacttccacgccataattaaattc,141.18
gtatcagtggctgcttccgtagaaagggtaattccagtaagtttaatatt,141.18
gcgactggttgtatgttgaagatcatgcgcgtgcgttatataccgtcgta,141.18
cttctttcaatgtgttgaccgcataacgcgccaccattaacgtggttccg,141.18
ttacgctgctgaggctggtatatgttgcatttttagtttagagtttactt,141.18
aggtcaaccgaatgcagacatcgcaggcgggatgtgtcagcatcagcgtt,141.18
cactggagctacgcgataaagccatgcttgaagtgttgtatgctaccggg,141.18
tagctaaaaggggttaccattaagctttgcgtttgtggtaacatcgttac,141.18
atgggcatcaaccgtggtacgctgcgtaaaaaattgaaaaaatacggcat,141.18
gtgctggtgttctttcagttgggaagcccgttatatggtattgtgtcgtg,141.18
aaaatattgcgaacagacatgagtttctcctcagactggtaaaatgccct,141.18
ccgagtattcccaggaataatcttcatgttcacgcggcataatctcccgc,140.99
aacccgcgcggtatcaccgacaaaatgaccagcgccgatatgctgcgtat,140.99
tttcggcatgttcgatgcgtgaaggcattgttttatataataatgaagga,140.95
ggtggcttaaacgtagcgatgatttgctttagcgttgagataatcggcct,140.95
aaccgtatcggtggcttaaacgtagcgatgatttgctttagcgttgagat,140.95
ctccagccgtacacggttgaagtcgctaataaacagtgggttaatgggca,140.95
tcgatcagcagtgcatctacggaacggtagtagcgtttaaactcttcgat,140.95
cggccagaaagtcagaggccttagcaaattattggtattacaatagcaat,140.9
agatagtcatgcaggttatcgccgttaatttcgatatgttttaatgactt,140.9
aatttttaccccgctgtcgattttttactcattggggcataaaaataagt,140.9
cgggtaatcgtgccggtaagaaaagagaggaacgatgtatgatggatctc,140.9
cagcagcttgagcaggagttttcagtccagttatttgagaaaattggccg,140.9
cagttcaccagtggtcagcatcgactctatctggctgataaaatgtggaa,140.9
tcggggtcaaagacgcgtatttattatcatttttgcactacgatttgcgc,140.9
tcttccccaaggtatacacgcttaacgtgttcgtcttgtaagatttctgt,140.9
atccatccgcacttcgtcaatgccgttaatctgcgtgatacgatcacgca,140.9
tacgtaagggttatagcttttgccttaaagatgcatttaaaatacatctt,140.9
atgcgaccctggcagctgcgggatgcacttttgacgatatcattgatgtt,140.9
tattgccagtatttaatgctggatagcaccgtcaagctaaattccgtact,140.69
ctatcctacacatcaaggctcaatgttcagtgtcaagctatagtaaaggt,140.65
agccagttcgccgtaacgaatttattattggcgtggcgtatgattccgat,140.56
aggtcaattttcattgtgcagccgccacgctaattgttcaaaataacgtt,140.34
accggcactaacgaatgatcattacacaagcagacctgcgagaatggcgt,140.34
ttgaagatattcgcggcgtcgcttttgatcttgatggtacgctggtcgac,140.34
catggatatggggatcgtcaacgccgggcaactggcgatttacgacgacc,140.34
cccgaacgcacaaataatcgcctgaaaaaaatcacctgctacaatgatgt,140.31
gagcggcccagcttacctgccattgcactaaatactgataatgttgtctt,140.06
gtgaaaatggcctgaaagccttcgaacgcgccttcggtaataatcacctt,140.06
agcatcagatctccgaccattcccgcagcagattatgataaagattaagc,140
gacatttacttaatttgaatatcgacgttatattttttagttttgttttt,140
tcgcgccgcagcgcaacgcattctgccgccgttcctgttccactatatgg,140
tctgccgccgttcctgttccactatatggatggtggtgcatattctgaat,140
gtaatgaattacccggcgatggcgcaggatcttgttgatactctggatgc,139.79
ggcgggcgcacgagtactggaaaactaaatgaaactctacaatctgaaag,139.7
ccatgtgccggggtttctttttgactaattgttctgataaatatctttat,139.7
catctgttccctctccacgagaaatttccccattagaccatatttatttt,139.62
aacggctcgaacatcgcgctgttgaatgcgatgggccatgtcattattga,139.62
gtggatgaacgaactttcccactggcctaatctcaatgtattgttaacgc,139.51
ttaagcgttgagtggatgaacgaactttcccactggcctaatctcaatgt,139.51
tgatgaagtcggtgttgtacagcagaccatcataggtagagttggtaatt,139.51
cgattaaaaatcttcgttagtttctgctacgccttcgctatcatctacag,139.4
gttgcgttttcaactttcgccaccagttcagcatacgctaaattacggtt,139.32
aattgcctgatttttgggcaagataattaacgttttcgtatagtaacaga,139.32
tgcgtcaattcgttaacgtattcagactgtgaatcggtaatattcatgat,139.23
ttccgctgtacgtaaaagaaccggccaaagaattgcagtaaatatgtttt,139.02
ctcatccggattttttgcgcatgttttaagtttattgaataattccaggc,138.7
ccggcgtgcgggcaattaacaggggttcactcatgagatatcctccagtt,138.7
cctatgccggaccgattgaaatttatggcgacaagctcatgttatgtatt,138.67
gtgggcaaagcgttttgtatgccctggcaccgttgttttacagttcgcag,138.53
ggggagtgatttacccgttttcgtttcggcaagttgataaactttcttgt,138.53
cacgaagataatcatcaacgtcatcggcaccatgagtttaagcttatggt,138.53
gggatcattcagtcgtcgccgaaagcgtccggtatggatacgctgtatgc,138.53
gccgccataaaaatccaggcaaaaagcttattttcagctttaattaacta,138.53
gtattgatacgattcttgaagcccatcgttgtggcattaatctgattgat,138.53
tctgttccgctgaccagtctgtctgctccatttctggcattattatcacc,138.53
attcaaggagcgattaatgcctataacagcggtaaggtaaattatctatt,138.53
cgttcgggaagcgaatttccggtgccgcagaagcgaggtacactttcttc,138.53
caaccaaacccggaattgccgatgcagattttaccggtgacaatgcaaga,138.53
tggtaatgacgaagcagacatcttcaggttcctcggtaaaattcatcagt,138.53
cgccgtaagcaaacagcgcaaaacgcaggatccacgccacaatactgatc,138.53
tcgcttattgcgcgatagctccttcctttctttgcgtgatacttatggtc,138.53
taattatctgcgacttgagtgggggccagattttcaacagcatgaggcag,138.53
ggccaactattaatcaatacatgccaggttttactatggatactaaaaag,138.53
acgccgcatccggcagtggtggcaaatgcctgatgcgctacgcttatcag,138.43
aaaattcttatgttttggcaagagtagatattgttgaccacacttaatgt,138.31
tgcatgttttcacttgtcggatattaaaccaggaatttattatcttgttc,138.31
ttgatactccggacgactttattacagcgaaggaaaggtatactgaaatt,138.31
caaaatcttcggctatcattgtgatgatagagatgatatatactgctaat,138.31
gccaaaatagttctttttaagtgtgtgcgcgctaagttataacggtgctg,138.31
aaagcaaagaaatactgcaaaggaaaacagctataacgtaagctaaagta,138.31
atctggttgaaagcgtaatgcagcgtatcggcgtgaccgattacaccatt,138.29
atcggcgtggtagctggtctggcgggcttgtggggcgttaccatgctcaa,138.29
ttaaagtatgggctctaaaaactgaaaagattcctgtagattctaactcc,138.29
aacgaaggtgagcaggtggtaattggtggtaatgaacgatacgtttctgt,138.29
atctgatgctggaattacaggaaaaacagggcatttcgtatatttatgtt,138.29
cagggggccagtctagtggcgaagcatcctcccgtgttttaattctcatt,138.29
ttaagcaatgggatggcaacatttgtgtcggatgtgatagccaataagat,138.29
cctatgcaaaaagttgtcctcgcaaccggcaatgtcggtaaagtgcgtga,138.29
ggggcccatgctggttgaaaccgacggcgaaaccgtgtttagctcgcgtg,138.29
aagggtttttgccgcaccagagcagcatcgatgaagataatatcgatgag,138.29
tcgcgctgttgaatgcgatgggccatgtcattattgaagaaaatctgtac,138.29
tgaccgcaaaacatttacgcgattaatactgcgcgtaatataattaaaaa,138.11
aagtaaagcttgttgacaggggtaaacgttcggcaataattttctgccgc,138.08
tttgcaaacgtcacatttaatggactgaaaaataacaataatatttcgtt,138.08
tctttatggcgcttgaagcacaatctattttctggatagttttcttctcc,137.94
aacagctgggtttctctgacgacggggagccggcgggaacggcaggtaaa,137.94
ccgggtcggtgtttctcaacaccgacttttctcgttatatccttgccgat,137.77
gtcgggttattcgcgaaataaacgaccgggataagcactattatttcaaa,137.65
tgaagccggtcgtgtgagtgttgatggcaaaattgctaaactcggcgatc,137.65
tatcgttgttcatgaaggttggattggtaaagttacgctatcattacata,137.65
attatctcgatatgccaccgacccgtgatgaactgattaaacttatttca,137.65
gactttcacacaatgcgatttatagcccttacgtttggtacacttttcgg,137.55
cggtattccacgtcttacttctccagttgcttcaggatacgattaacttt,137.55
gccctgactggacgagcaattcctgccgtggcgcatgtaagattgtgggt,137.55
gcagctccagcaaattatttgagacgcggaaatgggcgtaatattcgtct,137.55
ccgcgtgcaccacgcctgcataactgaaggtcgtcaggcatactgggttt,137.55
cctggatcctgagcactttcccggagtggggtagctggttgaatgaagaa,137.55
acctggctgaatgtgaacgatgcgctttcgattgatggtaaaacggtgtt,137.46
tttaactattcactattacttccgtatatatcaggtgatactcaatcacc,137.46
ccccttttgtgcggtcagctttgcgtggcgttcgttttccgtcacaataa,137.46
tggcgagtttatcgctggtgacacatgctgcgttgtgtcaggatattgac,137.46
tgcgtttacgcggccaacgaaactgtgatcaattttgatataatcaatat,137.46
cccatcaaaaaactatagctttcttcaggaacgtgtgtatagtgcgccaa,137.46
atttttacacactgtgatgaaaaaatctcccgtcatttataatgataagt,137.46
aacgatcctgaaaaccccttgctggatctggtgtgtgccaaaataaccgc,137.46
ataccagatcaattaagcaacaccccatacagaaagcttataatgcgatc,137.46
tgttggcttcaggctccatgcctgcggctgattatgccactataaccgtt,137.46
ggtctggtaaatcaacgctgatgaaagtgctgtgtggtatttatccccat,137.46
ttggcgctgcgtccggctaacagtttttcctccgcgtctatattcaaaag,137.46
gctgcaccggaatgttgtgttcaagagccgtctgttccaacatccgtatc,137.46
acctgttcaatatcattaataatcagcggaatgctgtcattgttaataac,137.46
cgatcaacgacccacgtaaagattaatctccttatgcccgataacatttt,137.46
aggcgatactcagtatgggatgacggccaacaaattgcataatttcttgc,137.4
agcgccgcgttaaacatttggggaatgggcagataggttaatcttcactc,137.25
atatattcgtgctgcatttacttattatcaattaactgttatgcaaaact,137.11
gcataaagcggtaggtgtcggtgcctgcatttatggcttatggttattgt,137.06
cgtgatggtggcatccatatttggcgcgatgttccagtaatatggcaggt,136.92
gaccggttatctcactggcatggggtatatttttctgccaaagtttaccc,136.76
aaccgggcatggaaacccggtggtgtctcaggatctgataatatcgttct,136.71
agcaaatacagcggtaagttgtagattgcgccccagcagttcaaccatcg,136.43
aagcactgctggcagtcgcggatgaaactgcatcgcttatcatcaccggt,136.17
gctttcaccgaaatcacgcatccactggtgatcctgatacagttgctgac,135.87
cgcgtactggatattggctgcggctggggcggactggcacactacatggc,135.87
gcgcataatattcttttattttttgtcaaaagatgcgcaatataataatc,135.87
tatataaaccatactctttacttgcctttcttttctggtatgtatttgac,135.87
gttacctgacacgctggcgacaatgacgccgcaggcttataacagtattc,135.63
gataatctaatggctcgactctttaccctttcagaatcaaagtactacct,135.63
agtctgaaaactttattgcctataaagatatcctcggcaaaatctcccgt,135.63
tttgaccagcgaacaacagacagcgtggcagaaaatccataatgactttt,135.63
gccagcctcgctaaaaggctggcaactattttaaggataaaatatgtctg,135.63
gccatttttcagatcggcaacggtaacggtccaggtgttatcgtcattac,135.6
cacctattggcctggtcgtgctggtgctgggtattttgtatatgttagtg,135.6
agcgtaacacctattggcctggtcgtgctggtgctgggtattttgtatat,135.6
atgcagcatatcgccttcatcgtagcgcacgcgcacggtaacctggcctt,135.6
tccggaatgattcagggccgccgttcccgcagatggggcagaatagcccg,135.58
gaaccggtgaaatattccgtggagcctaacgggatgcgttatgttgaagt,135.58
accatatcgaccagtttttgctgagcgattttttcaatagccttgtactc,135.58
taagagttatggcgatgatacggggctttacctccccgtaatattgcgtt,135.58
ccgtcccgctggaagcgctacgtgacgagtattttgttacaatgccgccc,135.58
aagtgctgatgagctacggtttcaccactattgtgcgtaaaactcgtggt,135.58
aacaacacggtgcaactgcggtcatacaccaactccggcacaatgcggta,135.58
agcaaaataaggcttcatttttaccacctttatcaggttacgtttcattt,135.58
tgatgattttggtattggctactctaacttgcataaccttaaatcattga,135.58
aactcgtcgcgcgatgtgcgtcgtcagctggacagtggcaaactggatga,135.31
acgccgccactctgccaccaccgcgcccgatccgctggtaaaattttccg,135.11
acaagcgatgatcgccactatcgccagcggcaatgtgcatataataagcc,135.11
cagattatacctgctggttttttttattctcgccgcgctaaaaagggaac,134.99
cactgcgcgggtagctttaagagtgaaggatttggcattacgctgtttga,134.99
atacatccttggctgcaggtttagttgtacaccactcctaaatttaatgt,134.98
agtaatcaacaggataaagcggtagacctgtttctcgatatgcttaaaga,134.4
gcatccccatgatgtagttgcagcctgcggtggcgagcaggatcatcagg,134.4
tgtttggtatgcagaaagtgatgcaggcgctggagcgttacaatctttac,134.4
tgatcggtaaaggcgttcactttttgcagggctatttgtactctccgcca,134.35
aggactcttcaaagagttgagcaaaagattcagtcatgtttaatcttcag,134.3
tatttcttctattctagacaaatccccctctgattgacagcatcactgac,134.3
aacggagccgctcgcggcgacggcccgaagggcgagcgaagcgagtcatc,134.21
gacgcaaaccatcggcagccgttcaggattaagttgtaagatggttaact,134.19
ccccatcatctgtgtttttttattaatttcaccatgttatagttttattt,134.19
tcaaatgccggaacaatatcgaacgtttttatagggttgtagtatggggt,134.19
gggtgacctgccactgattattatcgaacgagattttgtaatctgtcgcc,134.19
ctcgacgtttatcggcctggctttgaggcgcaacatactacactatcttt,134.19
attttcaacgcgtttgaagttctggacggtgccggaatagaatcaaaaat,134.19
gttctgattcttaattgtaagtctggtttttttatctgtaagataattgt,134.19
aaggcccggattgtcatggacgatgagatacaccggaatatcatggacat,134.19
ggagagcgccccgacatttcccgcgccgggtcacgcgtataattgttatt,134.19
ataaaccactttgcctgtcattccactaccgggactttatgatgaaaact,134.19
agacgccgccagccacattattttcgataacgtaatgttatatatgatgt,134.19
tcatggattgtgccttttaggttttccagtgacctggtacagtgttgaac,134.19
ccgctgttatccatcattcgctaacgataaaaggagttaattatgaaagc,134.19
atgtctccaggctatttcaccaggttatcatttgatgctaaccttctgac,134.19
tatgctcacattcgccgtcagttcaaaatctctattggtaagatggaagg,134.12
ctgactgcatagtcacggcagcgggctactacatcgcgtaaactccagtt,134.12
aatttctccatcttactggataacacaccatgagctgctacctttaaaac,134.12
tgcaggaaagaagggtggcaaaagcaaagcggaagtgtaccatatcattc,134.12
ttgcgatcaaaataacacttttaaatctttcaatctgattagattaggtt,134.12
ggggcatgtactaatggtctttgcggcacactatccgctatgataggtcc,134.12
ctgaacggcgaggtctttcgtgaactggagactcgtcgtacattacgctt,134.12
ggttttcctgtacgcgcgcaaaacgcatacccatgataatgtactgaacc,134.11
cgattttagctgttgcttcagtacttagagacattttaaaactccaaagt,134.11
cttcagtacttagagacattttaaaactccaaagtatatagaatgaaagg,134.11
tcaaaatccacatactactttgaggttacgttttaacgtagactcattgt,133.75
gtaacgcatacgacactctgtgacaatctggctatagctggtattttcgt,133.75
taatttatttaatgatgagctttttactcagtaatataaaatattgaatt,133.75
acagctgatggcaatgttcggttttcctcactggcagttaaaatcgacct,133.75
gcccccatagacccgataaacttgcgcatcgggcaacttatacttgtcat,133.75
ttatttactcttgcttgtagcaggcggtacagctaacgcacaatctacct,133.75
cgacattagtaacagccataatgctctcctgataatgttaaactttttta,133.75
tataccagaatagattcaaaaaaggcgtattcgcctgcatcatatcgatc,133.75
ctataacaatagcaatggtcacttgctacctcctttattatcgttaacac,133.75
ttagtaaagataattaatcaatcactcccggtgatcatataatttcaaat,133.75
tgcaattatatctctcgccagcagaatgattttcacgtttactatgaacc,133.75
atttttacgatttctttggtgagaacgtctttcgcgccgatatgtgtaac,133.75
aatcctttttctatcgcctgcgcaacctcgctggcagataaactttcttt,133.75
gagatgttgtcgcggtttacttttttcaccacgccggtgatgatttcacc,133.75
gaagtccaggactttgaggttcaggttatcaacgatgtcataataatgct,133.75
cgggcgcggcattgtcgattgccatcgcggtgataggctataacaaaagt,133.75
gggtatccatttcactgacaaaaccttcggtatcagcatagactgctttc,133.75
ccgtcagagaaaacgtgctccagcccaaaaaaacgttacaattgccgccc,133.49
tccccataaattctcgcctacctgctgaaacatgattcaaactacggacc,133.49
tcggtatcgccggtgttatgccggttaaccagtcgatttatgatgcctta,133.49
aacacgcgtttcatcattcctcggcgctatcgtgcagattatgctgctgg,133.49
gatgccttgtcaggataggaataaccgccggaagtccgtataatgcgcag,133.49
ggtcagattgacgacgcgctgaagctggcaaatgaaggtaaagtaaaaga,133.49
ctgatgcaaaacagggtgacgaaaaagcagagtatgagcacactggcggt,133.21
acgggccgatatgcactacatcatccgtgatttcgaccgtaaacagtttg,133.21
aaggcctggtatatatgacgcgcgccgtcttaccgggtatggttgaacgt,133.21
gacgatcaccggcccttcaataatgttctccagcaccgtacgatgcggaa,133.21
agcgcgaccagttgcagggcattttggcttccgagcgtaaaatgaataac,133.21
ttactacgctgtgcgtcgacgcccgcagtcagcatgactatattgcgctc,133.21
cacgttcacctggtgtacggtcacggcggcgatctgctaaaacaggcgct,133.21
gtgttacgcgacggtaccccgcgccgcgacgaagagattacgattaaaga,133.21
atgcgtattctggtgttctacgtcggtacgctgttcgtcattatgtctat,132.97
ttcctgtttggcgacgcctttgataaagggttgtcgtttaaaatgggaca,132.97
gaactggatcaggcatggctgcccgttgagaaatcctggaaactgaacga,132.97
gctttttccataccttccagagtcacaaactcatgcttaccatgatagtt,132.97
aggttttgcaccagtaccagcacagtgaacagcccggtatcatttaacac,132.97
tcacgagattgcgcggtggcgtacatctggctggagccgataatttgatg,132.97
aatgccgagcacttcgccacgacgtagcgtaaaactgatatcctccagct,132.97
agtgtgaccgccgtcatattacagagcgttttttatttgaaaatgaatcc,132.97
tggtagcaatgagcgtggcaacggtactgactggttgccagaatatggac,132.97
ttatgcaaatttccttgctctacggattgcttcagcctcataaaatcgtt,132.97
ttacgcagggatttgcttcacgttcggaattgtcgattactatattccgc,132.97
gtggtcagcgtcggcgcttcgccgtttgccagcagggtaaaatcgagcag,132.97
cgctcaattccattttgacttgttgctcaatggggcgaataacatcggtt,132.97
tggtttacgacagtttgcgccagggcaagtatttacagcacagtgttgat,132.95
cggcaggccgttcaccgttgcccgttcgagtaaaaatggcatgatttcag,132.63
agtcattagtgaacagataattgataactcagaaccagtaaaatgcaaaa,132.63
ttcatatggcgcgccattttttgcgtgaaatgttttgctaaaagagggat,132.63
gtctgtttgatgctgtagccgccggagtcaaaagtgatacctttacctac,132.63
gcggcatccagcagttcacgctgaacgcggttatcgctacgatcaggaat,132.63
gtacgcccatgatcatcaaccattacaccaccgcaggtataatgtgcagc,132.63
cactggtcagccatccgcgtgagccgctctcccgcgataagctgatgaac,132.63
aagcagcgatgaccgttgctgcgctgtgtgaaaaacataacgttgaactg,132.63
tcttcaccactttgtcgatagtgtcagaaacgcacagcataatgcggcgc,132.63
ccatgaaccagcagatgtaccgtgccgctgccacgcagcataatttagag,132.63
tgaccggttcgtttatcggtacttcttccgttacggcttatattgagtcc,132.63
gcaaaccattttcgccatcaataaagataaaaatgcgccgatcttccagt,132.52
tttgcctgtccgggataccagagaatgtggaaacagtataatattttcgc,132.52
attttgttaaggatctcgagacgatcgaatacattggcgataatcagttt,132.52
ttcctctggattttgttaaggatctcgagacgatcgaatacattggcgat,132.52
tgccgtcggaaaatgctttatcaatgcaaggtggctggcaggatagtaac,132.29
cgaaccagcaggcagtgaaaaacatcgctgaactgcgtaaagttctcgac,132.29
aacacaccgaaaaaactcacaattaataacctatgatatacatactgttt,132.29
aacaaataacacaccgaaaaaactcacaattaataacctatgatatacat,132.29
gccagcgtaattgatcgacatcctccatgttccaggtatttaattgctga,132.29
tggtgattaataacgcacacacaaacttaaagaaaccgtaagttggtaaa,132.29
taaagacaaattttatcagtggaacgaatcgaatgattattatgtttcct,132.29
gcaaaacaatctaccgcgatatgacgcgcttctggggtaagctcttcggt,132.29
tcgaccagccattgctcgccatcagtgcgactacgcaggataatgtaccc,132.29
ttttgtgcttttgtttttgtctttaccctccgttttggtaatctgagctc,132.29
tccccagatagagcaaataaaacgcaccaagataacgtacaatgttgaat,132.29
cgcgggaataccaatccccatgacttcccagataatgctaaaattcagcg,132.29
gatcaaagttgcgatttgataaaatacgttttctggctaaatatctaaaa,132.29
tttcaccgcaaaggtatttaaaaggtattattaagtggtattgtcatcgc,132.29
actcaatcctttaggcttgcatgttatcttcagcccaggatgattcttaa,132.29
ccattaattaatgttttatcaagcgtctgattacccgctacaatagtgat,132.29
ataggtcggaccagctggaatgttgcaagtatgtttctatcttttttcaa,132.29
tttgtaacaaatcaatcaaaatggaataaaatcatgctaccatctatttc,132.29
aacttaaatccatgtttgcaacgaaagatccagagttcgaaaataggatc,132.29
ttctggcatcctggcattacacccgtaaggatccaggcgatactttcagt,132.29
cgaacctaaattgcaggaaatatcatggcctgtgcgggtatagtcgagat,132.29
tcgcaaagtcctggcttgcacgctttagcgaaaggtgccatgattgcgcg,132.29
gcgcagactaagacgttgggtaaatttcatttctcacctaatgtgtaacc,132.29
ttactccagtagactttgatatcacttatgactgtggtgatacttcaaag,132.29
tgggagacgataattttaacacatggttattgtctggtataattgtaaag,132.29
agattatcctcagtttgtgacatgccagtatgagtggcacaatcttcttc,132.29
gagtgggggagtgcatttaactggccggaacattatgtcatcatcaatgg,132.29
tgcaacaaataaccaattgccacaggaccgggaaagtttattctggatga,132.29
ccgtgaccgcggatcatgcctggatactggttgacaatatactggaaatc,132.08
caatcagcgtttctgccagcagcaggccgatctccccgttctgattcgac,131.96
ttcattacaatgccttgccatcaaatattttaaatacctattcttaggct,131.89
tgacacagcgcgattagcggtaaaccaaccagcgtgttaggatcacgccc,131.89
ttgccacggcattactgttattactcggtggtgcgggcattattggcagc,131.89
ttgatacgagcagccttaccagtacgctcacgcaggtagtacagtttagc,131.89
atatacagtattggaatgcattacccggagtgttgtgtaacaatgtctgg,131.89
aatcttaatccgtcctttgtcacttaacgtctgcatcgtatcttgctgtg,131.89
tgaacaccatcacccgtcatgtcagtagttgcggctgtaatattgaagac,131.78
gaaaaggcaaaaaacaggatcaccgcgatgagcgtgatataactaattcg,131.78
gatcatctccgccctttttatttctgcaatccgcaattatcatcccgcaa,131.77
gcaaagacttgcgggtcgcgggtctggtaattttgtgttttgatggtgtt,131.65
acaatatcgccagcagcaaagacttgcgggtcgcgggtctggtaattttg,131.65
ctagcgtcggatcgctgatgttttgcagaattttgtcgaagatatcctgt,131.64
ctgtttttgtttgtcatgctgtagacggatcattatctatcattataagt,131.51
ggaattccgcatttctcacacaatttataacgtaactgtcagaattgggt,131.4
ttatgatctgacgcgtcgtcgtgcgtcgttttgcagagtagaattgcgcc,131.27
tgctctcccttaagcgcattattttacaaaaaacacactaaactcttcct,131.27
tttgcaaaaagtgttggacaagtgcgaatgagaatgattattattgtctc,131.16
ctctccgataacatggtgtatacggagaagcacatccgtatcatcagtgt,130.97
accagcgggaaaatgaaagcgtttttttatattgcggtaatgttgccgat,130.86
accggcgacattgagcactggtctggtgattcaggtaccagaatacttaa,130.86
gtcctttttaaaggtggttgcggtcacacagccatcggcgatactgagtt,130.86
tcgcccgccgcttgttgatcatctccagcgcccagttgatgatggtgagc,130.84
cgaagcagtacgtgcctaaaatgctggcattgagtgatattctcaaaaac,130.84
caggggcagtttgtctttgtaggttcttacaatgcgggtaacgtgagcgt,130.84
cagcatcagggcatccgcctgaccgcctccgatactgaatgcctttccgt,130.84
accgcggttacggcctttgtgcattttacggaattttgtacgctttggtt,130.84
ctgctgggctttgaaaactacgcctttaaatcccttgccactaaaatggc,130.84
atttcgcagccggtccgcctgttcgataatcactttggtatattcgagta,130.84
acgcgttgctgtagaagcgggtattgctgactactggtacaagtatgttg,130.82
cgcgtggcagccaaatgcaggatctcacccagccgcagcatattaatacc,130.82
ttgtgaatgtcaaacttaagtcacggccggatgccgtcgatttagatccg,130.82
caatggttttatcagtcataacagctcactttgttaccgattaatcttta,130.54
aataaaattattttcaatgctaaatcatgaaaaaggtctatactatttga,130.34
attcacggccagggctttatgattcagtgctggtgctggactataaaagc,130.31
gatcttcagaatgtcgacatccagatcctgtaaataacttaaacttgaat,130.31
tgttgatcgcgcagccgacgaggtgatcgccctgaccgataattgtctgt,130.31
gtgtagcagcaacgccagagtactttgcaagatatggcaaaccccgccat,130.31
caaaaacgcgtacactgactccaggttgtaacctgcgtcataatcattgg,130.31
tcctcgaacggtgccgtgatgaaattggtgactggcgtattattttgcac,130.31
aaagtaggcttcacgttgagcaggggtcgcactcttgtaatactggccca,130.31
gcgttatagataggcttgccggtttctttttcccagacaatagtggtttc,130.31
ggtacctggcgaatgttgcgcaaactgatgtggcgttacaccataatatt,130.29
cagatcagaacctagtggcgattccaatttcatctccttataattagctt,130.23
gcgatgaggtcagcaatgacaagtttggcggcaagaattactgtgctgaa,130.11
acatcaatatgcttaaagtaaataagactattcctgactattattgataa,130.07
aagcagaaccggtggttgaaccgcaggaagagacggcagatattgaagaa,130.07
gtaatacactggcgaatgcgaaagaactgcttgcagcgtaaacttttttc,130.07
aaaccagctgtgaaggcgtaaggagatagcaatggaattagtattgaaag,130.07
tttcagtttgttcttgtcataaacgaaggcgaagtagccataatcaaacg,130.03
tcaaacagtgcgccgtggcgcgcggtcattgttgcgttaatactttcgtc,130.03
gtacccagtttgatctggagatgatgaacgagctgggctactgttcgggg,130.03
ctcgaccagtcggcggttcttccagttgcaataatgtgtataatcgtcgc,130.03
tcgcgtagctgaatttctggcgcgtcaaagcccgcgttatacttcagggc,130.03
cgtgcacggatacatttttcgatcatcatcttctgggcgaagataacttc,130.03
cctacggtgaacactggagtccgcgtgcctacctggtttataacgccacc,130.03
agaaacctgccgcactatcatcgacattatggagatgtatcatgcgttgc,130.03
aaaaggtatggcgctggcgaccatcgtcggtatcggcttaagtttgatct,130.03
atgtacgaaatatggattgaaaactttactttatgtgttatcgttacgtc,130.03
gggtaaaaaaaccgacgcacactggcgtcggctctggcaggatgtttcgt,130.03
attgagattattattaaccacctaattttacagcagataaaattcataaa,130.03
aagatattcaccttattgcaagatatttaaaatgctctagagttaaaagt,130.03
ctgattttcagcagctcgcctgcaatttccggctgcggtaagctgtattc,130.03
agttctcacggcgtgttgttaggtattttagggttttttattataaccgt,130.03
aataagatgaagccggcgaatgccggcttttttaatgcgataatttaatc,129.69
gctgcaaatctttggtgcttacgccgagacgtgaagcgatacttgaaagc,129.69
ccgagatgatcctcaaggttaagtactgaaaggttgaagaacatgaaccc,129.69
atgatttttatgtctgtactggcgggcaatatgtatgaaagcatcggttt,129.69
gcttgtcgaccattattgcctgctatttaacctatcgtaagttttataat,129.69
aaatacggtacaggctgaccgcgatcgtcccgcaaattaaactggctggc,129.69
tttgttcgtcagtagttgacctgaacggcggctcgctctatcttcttgca,129.69
ttagcgccaacatcaatgccgcgcgtaggttcatccagcaaaatgacctt,129.69
aacgcacattgttgtagcccagaatacaggtcttcggtacggtaaaaagc,129.69
attcaccacgatcttagccacgtcttcgacttacaccgtaatttaattgc,129.69
ctattctcgcgccagcttgcgccgcagctccctgcgatgcaaaacgaact,129.69
cacctggtcagatttggcgggcttatcttacgacggttacgatccaaccc,129.69
tactgtagattcaattggtcaacgcaacagttatgtgaaaacatggggtt,129.42
acttgtagattcaattggtcaacgcaacagttatgtgaaaacatggggtt,129.42
ttcatttaaatggattgtggtgatttctctgatagaccaggattatgact,129.42
agaagaacgcacttacagcgatcaagcagagtatgactaaaatactgttt,129.41
tgaaccttcgattatgcttgatgggtgtattctcagtaatactgtaaagc,129.29
aaaaagtaatttcggtgcaggaaatgcacgcacagatcaaataatagcgt,129.16
cgcatggaaacagttgccatgattaaaacctctatataaaagttggggtt,129.16
ccgccgtcaggtcaaatttgaaacgcccttcgcgttgtaaaattggcact,129.16
aatggaacgatgctgctgcgcttcatcggcaaacgaggcaacattacaga,129.16
aatgcgggcaacggtgtttaattatatcgaatgtgattacaatcggtggc,129.1
cgaaagatttaaccgggcgataaccgtagaagtggatgtagtctgtaatc,128.98
ggacgtgagatcgcaccactgcacgcgcagggcggtggtatagatcaact,128.98
aaatctccacgctgtttgagcaacgccaggccatgttgcagtctatcaaa,128.98
tgattttcctcgtgctttgatgattggtctgctgctggcaggattagtct,128.98
cgcaaaccgttttattttttatcagtattttctcagtaacattaaatgcc,128.68
caggacgaattgactgtgagcctgcatatcacaacaggtaagctccagat,128.68
cgcgcatctggggaacgtggaagtggtcgggtttagtgatttaatggcga,128.68
aatggtcgatttatatttctcgcaaatcttttctttggtaatatcgctat,128.68
atgccaactacgaacggttaaagcgtttgcaggctgatatcatcaaaatt,128.54
tttttgtaaaaatgaatttgttatctcctccactgactacgctttaagcc,128.36
ccacgccctgacagtgggcgataaaggtacgctgagctataaaggaacgc,128.36
ggaaagctcttcgcatatcttggggaaagtaaatgtaatacgctgttctt,128.29
tctcatccttgtgttaactccgatagtgaggaagcgggcatactagcaaa,128.29
tccttataattagcttgctaagatattatgcggcttttagaatagtgtgc,128.26
gcgcgccgccgtgtgggcaataaagtcgcgttgcagggtaatatggatcc,128.21
tttaccatttccacgtcaacgacgacggcgaaatcgtgtatggtattggc,128.17
aaatggccggtctgatgcatactgtccaggcataaggataagatatgttc,128.17
aacgcgcatcatgagtttttaactcaatgcgaggctattaccatgaaagt,127.88
ccggcagaagacagctcggaaatgtataaacgcgtgaataaaattattcc,127.88
taaaaaaggcaataagtccataaataatccagatggcataagctaataat,127.88
ggtggaaattaaccatgttcatcgccgcgcagaatttcagataattatct,127.88
ccacttcaaacttgttgagcgtactgaaggctatataccaggatcggcag,127.88
tttattgccgaagatctcggctgccatatggatgatgttaacgtgaaagc,127.88
caggggcgattattcacggtaaaggtgattatctggcgtacagtgaagaa,127.88
aatttccgcgatgccttttaaatcactgttttcgtgatacacctcatcac,127.88
agctattcattgcgatggcgcgggaagccaggcttcggtaaattcaaacc,127.65
aaataacttaaacttgaataccccgtaccaaaatcatcaagataaatttc,127.65
gaacttctggcctggcaggagaaactgcatcagccgattatcatcaccga,127.65
tctggcagagctgtcaaaaaatacgccaagtgcggctaacatcagtgcct,127.65
aaacacactaaactcttcctgtctccgataaaagatgattaaatgaaaac,127.56
ggtgacccgaccacgtttctcatgcttataatctgcaataaaattattaa,127.56
cgtacctgacggtaaatacgcggtacgttttccaggttatggttgaacac,127.48
gccaggtgatcttcaaccctaatttgttcccttatgagaacatggaaggc,127.48
gacagcgcaggtgtattgtgttcaccgctcaccaaagacatcatgatgaa,127.48
gtgttcaatcccatgctggaacaggtcttcaatatcaataccatgagtaa,127.48
ttcatggacactcttttcatcatccagtggtagcctccataattgcaggc,127.48
gtttgattttcgttatgatgacggagcgaaaaagacattattattagcaa,127.48
agaatagcgacgcaaacaggcaaatctaattttaggggcgttattataag,127.48
accaagtgaaggcgtgacccccagtaataacgctatatatactaccaacc,127.48
ttcaatcaagactctatcgcccgtcgcatgaccccaggtatcattgatgt,127.48
ttacgcgacgtgccgcaggccgggttgtgataaatggtaatgttgctcat,127.48
agaaccataaagatgtcgcaatcgtggtgaagagcagcgactatgacgcc,127.48
cagcccatcaaaagcgaatgttgaatattattcgtggctatctttatatt,127.48
catcaaaagcgaatgttgaatattattcgtggctatctttatattaatga,127.48
tgagcgtattggtgaattgcacgaaggtgcattgctggtactttcacagg,127.33
gtctggcaaacgccctgctgatttgtaacgttattcgctacaatgcgaac,127.33
gtggcgctctcgtcaaccgtatgggggttgacccgtggcacaattgggag,127.33
gacgccagtctggccattgaagaaggcgagatatttgtcatcatgggatt,127.33
cacaggacaatttattttcatttatgaaaactgcgcataccattttgctc,127.33
tttgcatattgatatggccgcttcttatatggtgggcgataaattagaag,127.06
gtgctggcggaaccgcggctgctgaaactcaactttggcattatgtgtct,127.06
cgtgttgtgcgctgttggtcagcagcatttctctttcgtatgctgcagaa,127.06
gtttggcgtgcccagcacaggtggtaacacttgtgtagcaaactttgtcc,127.06
gctggcgtgttgaaacgtcaggcgctgaaatatgcgttagggttgtagcc,126.74
acgcaaaattcccaccagacaaccgctcaacaaagttgcacactttccat,126.74
gccaggatgccattgcctttattcaaccggatcgcgtattaaccgttaat,126.74
cattatgggtcgatcacggtgtttatggtacttggtgttatgttattgct,126.74
ttattggtggtgatgattgtgctttggttcttggtgataatatcttttac,126.74
tcacgaccgaagtactgttccagagaacgttggttgattacgattttacc,126.74
aagatgccgaagtgatcgacgaaatcccgatggcgtataaagatattgat,126.74
ttcacttccaccattttgtggatcagtgtacgacgggtaatttcggttgg,126.74
ttcgaacacttctgccgccaggcccacagactcgtgcagagtcgggtgcg,126.65
aactgatgcaggaaggtaaaagtaaaaaagagattgtcgattatatggtg,126.65
ataccctgataaccgttgatatgacagaccacgctgtcacaataacggat,126.65
attgtgcagacgcgtctgcaaacgccggaagaatttggcaaaatcctgtt,126.65
ttgtgagcgagtcgccacgcgttatttttgatgtcgcgcataatccacat,126.64
agaaaattgagacatggatcttaaatgaagcaggtattaccataaaaaac,126.55
gtaataaagaaaaacagtaacgtgccgatccccgacattaaaatggaaag,126.53
cggatatcaataaaaaggtacaaaccggtgatggcatcaataatgatgtc,126.37
aatgctgatggttcattagacttcagcaaagccgatgccaaaataagcca,126.32
aagcctggcgcgacggggacgtggcgaaagcggccgggtatcatcagacc,126.32
gcggatactccggtgctggcgaaaccactggggtaggttatagtctcggt,126.32
tgacgataggttcatggaacgggactgcatcaagtgataattttccgaac,126.32
ttttgcggtacttcaacccggccaccaaaactaatggtataaacaggtgt,126.32
agttttcatcaacaatcgcgctgcgcgaacgatcaggttatcttcatgtt,126.32
cgcgctgacctgctcgaccgactggcttttgatgttgtacaactgccacc,126.32
tgtctttactctcagtagcgttccttcactgggaacactatcattattgt,126.32
gcaggcacgacgactgtttgcccttcgctgaaggcttgtttaaatgaggc,126.32
atccagcgtggtttattcaccgggccgacgattaaattagaatggtcctc,126.32
gcctgaattacctcgcgtgccatcccaatgtgtgggataccatcttcttc,126.32
acctggatttttcctggttattttgccgcaggtcagcgtatcgtgaacat,126.32
cgttcgtacaacttgctcgccagggcaccacctgctgtatgatcccgcac,126.32
cggtagatgcgcgtctggcgcagatgcaaatccctgccgatgattacttc,126.32
ccgattaccttactgtgaacaaaggcaacttagggtttatggttaggaat,126.32
gcttcccgacaaaacgatgattaattcagagttatataccaggcttagct,126.32
tggtatagccttcacgaccgaggcgcaggaattcatagtactgtgcaatt,126.32
ctgggaacgctcgccgcaagatcaggagaagttctgggtaaaatatctgc,126.32
aagcgtttatcgcctcgctctctgccagtcagcggcgtagcattgatgat,126.32
tgtaaaaaatgataattgccttaactgcctgacaattccaacatcaatgc,126.32
ccaaaatcatccagatgcacttgcgcacctagttggctaaattgttgaat,126.28
tccagaatagtctccgaagcgggatctggctggtggtctatagttagaga,126.28
accatgtcgtccgactgacggataatgtgactaatggtatttttgtcaac,126.28
gccgccacgcgtgagcggacattgagtttacgcagcagattgcgaatatg,126.28
ttgcagtgaagccatttactgttttttatcgaccagataatctgttctct,126.28
attgtgaggatgatagtgttaagagtaaagcgcaggcatatattgaactc,126.28
catcgtctacattctcttgtttagcgtttttctacgtttattcttccgtc,126.28
tcgcgcttccataaaacaaaaaatccctgtcaccatcgtctacattctct,126.28
accgacgaaaaagccggagcactgattatggctgcccgtaatatttgctg,126.28
attttgttgtcaatattgaaccattttgaggtcacacatatatgtaagat,126.28
ttcaggacttcatcacatgcggcaatgatggcattcgctacacttttagg,126.28
ctttgccggaaaaaccgcgcctgatggtgaacatggtgttaatttagtcc,125.89
tcagatttacgatatcggcacaaaaacctttatcgtcgtaaactagcttc,125.81
ttttgcggattatcaaatccttttcttcaacgctatgtcatcgatcttgt,125.81
atctggataacttcaaattaatcaatgatcgttttggtcataatagtggc,125.81
tccagatggaattaaccgaacaatatccgtcaaaggcgttattattaatt,125.81
attttatcttcggcgtggatatttcttatgctctctaccatgctctctgt,125.27
ctgaagtagatcacagaatatatcttcagggatcgcatatctattaagtt,125.25
gctcaggtgatgcaggaaaatttagctcgtcgtacctatacaatgtcgtt,125.21
agcggtcggcgggctacgtttcctcgcacctggcgtgtactctattttct,125.21
gttggtcacgatgaaacgagaaccttccagaccttcggtataatcaacgg,124.99
gcgtctcgaacagtttgaagttaaccagcagcgtgatgcactcttccaga,124.99
agcggttgctgagttgcccctttcacaaagccctgataaacacggttttt,124.99
tatccagattgattagcccacctttggaaagaacgctaccgttgataagc,124.99
gctgaccgatgactttaataaattgatggtcgaagccgatacgtgtctgt,124.99
ccgtggacgaaaaacagtattgaaaggtatccacggtttatattgtgtcc,124.99
tacaccgcgttcttgcggaacatcaccgccaggataagtaagctgcacat,124.99
aaccgcacaaaacaatcaggacgcggtaatgccaggttacactcacctgc,124.99
tgaagtactttcagtccggttttcacttcccgctacgttactttgtctat,124.99
ttcagtccggttttcacttcccgctacgttactttgtctatattgggatc,124.99
taagtatcttcggttacttgccgttggtagcccatggtaaaattatggac,124.99
ataacgacatcctcagtgatatctaccagcaaacgatcaattatgtggtc,124.94
acatctatcgcagctgcgatagcgtctctttgcaggttattattcacgtt,124.69
tacgtgttgtacgaacttgcccggcattgacaagttttttaacctgactc,124.46
ttctggcataacctggcgatagcgtaccgcaaaacagcgataattttata,124.41
acgctgccttctgtcaatgaaatggctgaattgttcgatatcatcgaccc,124.39
aacgcgatttgaatcaatatcagccagttaagaacaactagaatagtggc,124.39
cttatgctgtactttggccgtaatagctctgctaataatataataagcag,124.39
ctggatagcgttactcgcgttgccgtggacgtttatggttcactgtcgct,124.39
aaccggtcatgatttttggaccgttaatcgtcatctgtatgctcctgatt,124.39
ctgaaacgcgaagaaaccctaaaagttccttcgccagataccattatcca,124.39
gtattcgtctgcgcaatgacgatatcaaatatctgtttgataatgttcct,124.38
taacattcttaatgagttgcaaaaggatgggcgtatttctaacgtcgagc,124.33
gtgaggtttacttcccgccggaaatagcacaaacacgctattatttcccg,124.28
tgtccggtatcaatattgcggctaagtataaggagctacaaaaatagatt,124.28
accagttcgggggttttactttttaaagagaacggtattatttttaactt,124.28
ttccacattaaaaaaagtataggctgtgctgatgatgttaatctgttccg,124.28
tgtggaacagagaatgacgttccacattaaaaaaagtataggctgtgctg,124.28
tgataacgctcatactggtcacaacggcagcaaagcattacactatgcgc,124.15
gctctgattttgctgccaccagatttgcgccgcccgactattataggtaa,124.13
gcttaacgtaccgttctcatccacacaaagtccgttacggtagtatattg,124.13
aaacctgtacgctgcgcataaaactggcacccgatggtatgttactggat,124.13
tgttcacgacgggtgttgtattcgctgccaaccagggtacgtttgaagtt,124.13
gtcgtcgtcaggattctcgccgcaccatcaaccccgatacactgatccgt,124.13
gcctggcgggatcgcactatccggtaacgagacggtgttaacctgtcgga,124.13
tcgtttaaagtgattgttttcatcctgggatgattgtgtaatataaggtc,124.13
cagtatcgcgttccttctcggcattaattcccggctttattattctttcc,124.13
ggatgtacctgaccgatgacgtcctgggcttcctgggataaaaagtgggt,124.13
cggccacgggaactgttccgccgtaagttccggcgtgtgataataatttt,124.13
aacaaaaggttatttcgctgtatgataaaaaaaaccgttataatttatta,124.13
accaccagacggatgccgaggctgtgcaacaacccgatatcattaacgat,124.13
tataaatcagagaattgaacaacgcatgtggaaaaagttacactgcgaat,124.13
tgtacgagcctggcatcataattctcttttccgggcataaaatcggttat,124.13
tttcctgcgctacgcgctgcgggcgaccaaattctttcgccataataaat,124.13
aaggtgggatcagtgaagttgatagcgaaaccgtggcctatcatttccat,124.13
aatttattcgccgctgtgagcgggtgcgtcggcagtttattctgaccagc,123.88
agagatgtctacgtttgaaattgagcaacagttactggaacaatttctgc,123.79
ttgaaagccgtaacttcgacattcgtaagcaactgctggaatatgatgac,123.79
acaatccgctactcgttgaattcagtcccggcaagcctgataaataaggt,123.79
ggtcgctttcaggaggcgcggttgatggatatgagccatgatctgacgtt,123.79
cttgcctcagcggcgatcatttctatgcacatatggataagattgctgct,123.79
ataacgagcttatccctttaccttcgccattaaatagtcacgatcacttt,123.79
ttattatcgtcattatggcccgccagcaattatttaccgaaaataccgtg,123.79
gatgaaattgccatgactgcccgctatcaatttactgatatcctgttggg,123.79
gtcgatcacccaagcttcgggatggcgatttgcggtcgtatgctggaagc,123.79
aacgggctatgctctaccgcgcccagcgtctgtactttaccatcaccact,123.79
ctggtggttaccgaagacgattgtggtacccatgaaggtatcatgatgac,123.79
ccggtgaaccacttctggcgcaacagcatattgaaggtcattatcaggtc,123.79
gcgcagggcggtggtatagatcaactgcaagggatcgtggttaatgaagt,123.66
ttttactgcccgcgatgtatttaatgggcaacccggtgcaaaatgtcggt,123.66
tgccaaaagtactgctggcactataccagagaatgaacatactggattgc,123.53
atcaggcatgaaaaccaacactttgttagtcatctgtaaaatagcgcatc,123.27
ttagcgtgaactctgacggtataacgcaaaccggggaatataattaactt,123.27
catgagtgccaacgttttgaccccttcggcaaggtcggtaatattggtgc,123.22
gtgaattgcaggacggtgaatggattgcttatccggatacactcgttggt,123.22
ttttgtgccggaaggtacgccgctcagcacgcagttggtaaagtttcagc,123.22
cgaggttaccgactgcggcctgagttttttaaatggcggaaaatcgtgtt,123.06
cgaggttaccgactgcggcctgagttttttaagtgacgtaaaatcgtgtt,123.06
atattgcttttggtcattatctgcacagtaaacggtggtatactgtgcag,123.01
cccacttttttattaatcgtatgcgcggtgtcctccaccataatattagg,122.6
ctgttccgctgattgctcataccagtatctcgcctgtgtataatccagtg,122.6
cacagggataatttatgcgctgcgtcacaaaaactgctacactccgctcc,122.6
ccataaaaaaaccccgccgaagcagggtctatgtgaactaaaattcgctt,122.6
gggataaaaccatgaatgttgacggcctgaaaacgggtcatacttctggt,122.6
cacggctggaccccgttgcaattaagataatgagatttataatccaggcc,122.6
agagccaagaaaagcattttcgccatcaaaggccatgtaaaaatggtagc,122.6
ccccattaataatggaaccttccgctgtcccgtttgccataatttgttgt,122.6
ggcggcttcacttttcgccagttcgcctttcgcgctgtcataatttgcct,122.6
gcatggcaatgagcgcatgaaatggtgctatcagccgataaacggggatc,122.6
gctccatcaccatcatcccttcactacaatagtcagggtaaacttccggg,122.6
gctgacgcttatcattaatttcctgaatcgccgcatgataagattcggct,122.6
ccttgaggcaggtcattacagcctggtggtactggatttagggttacccg,122.6
tcaatgaatacgtcggtacggaagctattccgcttgccgatattcttcgt,122.6
gtggaatggcgcggctggcgtattttgccgctggtgtgctacgacttacg,122.55
ccggtaatgcaacaaaagttagagcttttaaacgctgctactatacgcgc,122.55
aaggcgctacctgttttaatcttgaagagttgccggtaaaacactgggcc,122.55
ttacaccgtcaccacttccgtgcactgtataaaaatcctatactgtacgt,122.55
ttacgtcaggaactgttgctgaaaaacagtgaactgctgatgcttggaca,122.55
cggcattgggtgtagtggcggtaaaagcggttccgcagcaaaatcagggg,122.55
cgtcaattcatggaaaccattcgccagctcaatacctttataataaacct,122.55
atataaaaggggagcagcgcattcttcgattgttgttgcagaatggggcg,122.55
cgtcagcagcgaagcttttttaatcattgtaaagcatccacaatagaaga,122.45
gcggaggaataacaattgccactcaggaaactttcaggccatatattgaa,122.33
tgagtcactctctatgacagatgtaattaattaagcagcataatgataat,122.33
gacgatcagtttgtccagcgcacgtaaatcatcgctgatattcttaatca,122.33
ataaagtagtcgctgggattatcgagatgaaactcttttaaaatcacatg,122.33
caaaaaatgattgatgaccttacggcgtttcctcacgaaaattaaatact,122.33
ccgaagcttgggtgatcgacatacgcgtcgccagtaaccaaaatgatgtc,122.33
ttgatcatttggcaattgaaaaactgaccagcgccagctttgcttttact,122.33
accggtaagttcatgatcgccagaccacctgcaagcatcataataatggc,122.33
aggctgcgtcgatttcgttggcatcttcaaaacgctgcataaactgaact,122.33
cacacatagtttttgattccgatttatatcgttgtcggtcaacctgtatg,122.33
ttcggcttcactttaccgcgcttgatgcggccaatgccgataacgccaac,122.33
ccacgaataccagaatcgcggcactgaccagaaaatgataaacaggaaac,122.33
gccccgcgttgcggagttaataaaatgaagtaaaggtttattgttgttag,122.32
ggtttcttcgcgactggcgtcatcacgccgatcttctttatctttatatt,122.32
tcatccgttatctcctgatacaccttagatctataaggctacgctagcgt,122.27
tcgatgaatttcagtttcaccgtccgctaatcgcgtgtaccctggtgggt,122.24
acgtaggttcagaaagcccgctgaaaattaaacgtgggcaaaataatctc,122.24
cgtttctaaatgctactttactcgcgccaaaagcggcgtattaatgaagt,121.98
ttcgatacgatttgcgagctggatcgcgcaggcagatcataattgtaaat,121.89
taacctggcgatagcgtaccgcaaaacagcgataattttataatggtggc,121.05
atattgtttttgtaggccatcgcatcggtatgcccggtaataataatttt,121
aattataaacaaaacattcatgatgattattgatttgaagataatgtttt,121
aaatgcgtcaacaattcagcacacgaaacagacctgatatacatggttct,121
tgattgtcatttcctggatcccatagaaacatatggggaaactctacaat,121
gccaggaacggttgcaggagttaaaagacgaactgggagataatctgtat,120.96
cccgatactgtcggggtgacggcggctgatgacaaatgcaaaatagcctg,120.87
acctcgtacaaacgcctgcgctttctccagacgcgtttcataatcaatac,120.84
gcacccgtcgggatattccccaaagcccgggatgcgcatactctggcact,120.84
ccatgcagaaagcccgttgcgtgaccaagtggcgcaggcatcataaagac,120.84
tgaaaggtccgcgggttgtttctctagtacattcaaaagatcatagacaa,120.84
agcaggttctggatatgtttggcgatcactttggtcttaacattgttcac,120.84
atatccccggcaactgacacgctaccggggatttttttatcattctgcgt,120.84
agcagatcatcttgcgctaacttgtcacgaccgccgtaatataatgcgat,120.84
agcgtgggtgccgcctggcaagtgcttattttcaggggtattttgtaaca,120.84
ggtgctaataaccagcgtatccgcgactatggtcatgacaaactgaaagt,120.84
tttgcatgacctttgctgcgtgagtttgaagatgatggtttcataatggt,120.84
tgactaaagcactgtttaaatatgttcgtgaaggtaaatatactttctgt,120.84
agttcaaccagttctttgatttcctgagccatacgatccagtatgcttgc,120.77
cgccatcttaatggcttcagtcagcgcctcaatggctttatcctgaccga,120.77
cggcatctgaacacttatgtctttaattattctcgtggttcactataggc,120.77
ttgagatctaacattcgcgggttaattgcaccaaatgcgacaatctcaat,120.77
gctcaacggcagtcattcattcctggcgtatctggggtatcttgcaggat,120.77
tcaccacgccttgcttgttgggattgatggcatagtcgtagacttttccc,120.77
tggttatcaacaatggccgcgctaacgtctgggctggcacaatggttaac,120.77
ccatatttcaggcagtggacgccgccggcattttcagccacattgccgcc,120.77
acgaggcgtacaactggcggagttttaccgatcgcataaatactgtggtt,120.77
ccgatatcgccattaaatgcgccgttccagtatcgcgcatgatatttttg,120.74
ccctcaacgttacgcggcggatcctgttgcagacgcgctacaatcaaatc,120.74
ctcggtggtgcgggcattattggcagcgtgattttcggtaaactgggtaa,120.74
attactgatgcgcagttattctactgctttgtaagtagtaaaatagttaa,120.74
tccggtcggcaggttaaacgaaatggtcgaggccgccgataatccctgat,120.74
tggttttgatgccattcgcgaacgcgatgtgttgctctattatccttatc,120.74
ccacgcagctgaccataacctcctccagttatctggtattctcttttatt,120.74
ttttgggaaaaaaactttcttgtaacgtggggtcgcaggattatagagaa,120.74
agtgaacaacaggttggctcactggcaagaacccgattataaaactaagc,120.74
ggcgtagtctgggttattgcgcacgtaggtttaaaacgtaaattgtaaca,120.68
ttttttacgtatgacaaacacagaattgcctgatgcgctacgcttatcag,120.4
agtgtatgagtcagtcaacgttgccactgcccgctgggtagaatgtgcag,120.37
atggttgtagtggatgtaaaaacatttagcaatatgtttacaatataatt,120.27
aggtgtggcgaaagcggatgcgatatttatgatcaattataattaatatt,120.27
ttttaaaaggtttaattttggtgttaatcaaggacatctatacttcctcc,120.27
agccaataattggcgtttggcaggtaagttgaatcagggtaatttttgat,120.27
gagcgatccagcgtgcaaaaatggccaccacaatcaataaaataacgaat,120.27
agaggttgagcttcttgcaggttggtacggtcagctgcaccataagcacc,120.27
acgccaatcagcagccaccagatgaagcgcaatgtttcataatcaaacat,120.27
accttaaggttttattaagtttagaaatgatagaaaagttgtacatttgg,120.27
cgcgccatcacctcttcaatatgaaacggtttagtcacataatcatcagc,120.27
atgctaaaaatggttatcaaaactcaaaaacacatgtttataatcaatga,120.27
gcacattttctgaacatacatgcagcgcgtgaatgtgttaaacaatagta,120.27
tgagtaaaatggctgcgcttgggcagtcaatcggtggtatattcccttct,120.27
gccactaaagcggaccatgtgaccatcgatcagcacgctaatatggtttc,120.27
ggatatcaaagcagatgacccaggtgggctaaccaaagcagaatggaagg,120.27
taatccccattctgcccccgcggttacgctttcttatctattctttcaat,120.27
atctggtttacaacttcctctgtcttgtaagtgtgtatattatatggggt,120.27
gcaaacagatgttctttttgatttcgcgcaaaaagattcagaattttact,120.27
ccgcatagtatcaggtgcgctccccctgcctcacgtatatacttttgctc,120.27
tgtaaccagacctgaaataattcccggttttgcgtcatatcatcactacc,120.27
aactgcgctgcatcaatgaattgcgccatcccactttgcatacttaccac,120.27
tcagcaagggcgatttgccgtggtatcaggccaatattaataattatgtt,120.27
agaatataccaaaaatagaaagcggcattaccatttgatactgtgtttca,120.27
ttcccaagtgtgccattccgatcaggctgtttatgtgttaactcaggagc,120.27
ctgcggtcaggcgattgcgcgcatcaggatgtatccgataaattaccgtc,120.27
ctttaaataacgtggtggacatcataatttctctacaggacgataaaacc,120.27
gcaacgatgcagctttaatcgacaccgaccacagcattaaaatcgtcgtt,120.27
tgaatctgagtggtgcacacgcaccgttctttacgcgtaatattgtgatt,120.27
tatccggctcgccgttaccgtaccaaccgcaattgctgtaaattgccgtc,120.27
cttttttaaattatgagttttaagcttgcattgcttatggtatatttttc,120.27
gtcgcaacctgagtttgttgcaacatcacttctgagagccatactttgta,120.27
tattgtgaggatatcaaaatgacacctttagttaaggatatcatcatgtc,120.27
cctgaatcaggtcaaggaactgcaagccacggttggtgtatttcttagcg,120.27
taacgatacagtatctctccataagataaaatattgctatattctgctgg,120.27
tagcgtaccgttgcttggcgacattccctggttcgggcaattatttcgtc,120.27
cagcataactttaggtatgctttcgtgtgtttcagatataccatgtgatg,120.27
cctgttcgccatcgcctttcgccagtaccgcaccgtaaggtactttgtag,120.27
ttgattaataacatgatcatttgaccatttcaggaggctataatctacat,120.27
aagatgcacaaacgctacggctggtggtcgatcttaccgaaaacggtaaa,120.27
cgtggtaaacccgcctttattatattcatacgggatattgctattgtttc,120.27
tttgtgaaaagagcgttttttgatatttttttgtgagtaaaatttgtaat,120.27
gaaatccgcgagaaaggcgacacctacggcaatctggtaccattctcccc,120.27
ctgcgtgaccgtagtcgtactgtcgatgagctgaaccgtactatcgatca,120.25
gcaataaacaggtggatgacttcctggctcaggcactgaaaactaatgat,120.25
cagcaccggatcaattgcgagaaagttttttgcctgataataactaaccc,120.25
ccgccagtaaaccaggcgcgaacctgtttaatttttggtagggtcatgat,120.25
cgccaccgtcggtactcatttccggctcggcaacgggctattatggtgac,120.25
tgtcgacaattaacgcccaactgctgcaaagttccgctacgatcattaaa,120.25
tcgacaccatcgagcagctgcgcgagcaggggatgactatctttctcgtc,120.25
atcagccatggcaccaaaaaaaccacctccaataggtctggctatgaagg,120.25
tgcgcctgggccgattaaagacagcgaggtcacacgccgaatttttaatc,120.1
caaataaatcgatgctcgaccgcaaagatttaaaaggcatgattaaagcc,120.1
cacgtaagagcgtgttctacgccaccgggtttatgggctacttctatatt,120.1
gaaatcgccaaagcgttttcctataacgcgaaaattgtgattatggatga,120
ggtggctcgtcgttttcgctgtcttcgtttttctgtttgatactttactg,120
tagattttcgaaatctttacaaaacaggagtggtaagagatatatcggca,120
aggttatcttcttcgatattcatgtgatagaaatcgccgataatctgtac,119.89
gctcctaatatatggctgatttataattgtgagtttaatattatgttgac,119.8
tttttgtggcttctatattctggcgttagtcgtcgccgataattttcagc,119.67
caaccgtccagaaactttgacgatctcaaattctcctctattcaccgccg,119.67
gacataatgctctcctgttgaacttacgccttaccgccgtttacttaaat,119.67
gatcggtaaagcagaacgactttcgactctcgaagtgatgaaatattttc,119.67
ataaagccaaccattattgcgatccggcgacgcatcattttaatgaagat,119.67
acgtcagcggcctgggcaccttcggtgcaattcaaagtacccttaacgtt,119.67
caataccgcgtcgttttcacctgcacagggcgtcggcgtacagttgacgc,119.67
tccccttaaaatgtgtcgaattttttgaaaaagcgataaacgataccacc,119.37
tgaaaaccaacactttgttagtcatctgtaaaatagcgcatcattaagga,119.27
ctggatcgcgcaggcagatcataattgtaaatatctgtacgatactgggt,119.23
agttcattcaacgttgcgacaaccggcagacgaccaataaactcagggat,119.1
aacgggtatctgttctttaatgatgccgcaaaaaatggaaagttaagaaa,119.1
tttaaatagtcgagttgcgcattcatttccttattgtttaacttgtaagc,118.89
gggatatcaatgagctatttttgatagttcttgcggttaatatgctctat,118.89
tcgtgggaatttattttactaattcagatgatcaaatttactttaaaagg,118.89
agagactatatcgcgggattgttattagcggaaattgataatattaattg,118.89
tttacccaacgtcttagtctgcgcgtcaggctgacgctaatctttttaat,118.89
cggatcgttcgggtagtgagcggtacgcacggagttgatattgtgctgct,118.89
aggcccaggcggcctgttttgtctttttaatgacttaataaaatagcgtg,118.89
gcattgctcgctctgtccgcgaacccttatcttcagctattttgaaaggc,118.89
tgtgacagaaaccattgtctttttttatatttgcttaaatctttttttgc,118.89
atccatttcctaccaccagcgaaacgccgcgcgttgtttataattcgaga,118.89
gcagcaaaccactgatcagcgaaatcctgaaaatccgctatgctcatcca,118.89
tgtcgttcagatcgcgctgttccggcgaacgaacgtgcgaagattgcatt,118.83
tttagcgatgaagagcgtgccagccagcaaagtatgttgatctgttgttc,118.48
cagtggtccgtaccgcgttacgtcctggaaaatggggcaaaatattgtct,118.48
tcatcggcatgataattcggttttttgccgccacgcataataatgtggcc,118.34
ttggatgatttttgctggctaccagcaccatttcatctttaaataatggt,118.26
attgcttttattgtcatgcacttccagggactgaatgccaatattatgtc,117.9
tcgccgtgcgtctgtttggcaaattaccgtatcaaagttacgatccgagc,117.9
gaaaataaccgcgtggtcaacttcgaaggcacgccggatatgatcggtaa,117.9
cacagacaaattggccaacaactcaattaccaccaggatatacttgtgca,117.9
aaagccggatgacatggctcatccggctgagaaaagaattaaaatgcctg,117.9
gtgctctggtggcgtttaccttcgtgaatctgtcggtgtttaatcatttc,117.9
cctatcaggttgcgaaacgtgccgcgaagaaaggtgctaagtattaccac,117.9
acatgacgctcctgcgtaatgaatcaaagataatgctgtatgataaaaaa,117.9
atttcccagctcacgaaaatggtttaccagacgtttgatagactgacgca,117.9
gcgctactcattaaggcaacaaaatgattgagtttgataatctcacttac,117.9
ggcacgcataactcgctgatagatgcggtgaaacatgcgaatctgatgat,117.9
cgtacctgataggccaggctgaccaccaggtcttttgctactttcatgat,117.9
cctccagtgcggtgtttaaatctttgtgggatcagggcattatcttacgt,117.52
agtttatccggaatggttaattcatgaacaagttgtgttatcgttcatga,117.42
ttgagcaaaccggctttgtgtttgatgacgggattggcagtatgaagcat,117.42
tacccttgatgatgttgcgtatcgtcgaatggaggggtacgaatatgatt,117.42
atcgtccgtgaacttagccagttgggatgggacgataataaaattggcaa,117.42
cagcttgtggtatctgtatgcgttaattgtctatttcgtggtatgtaaaa,117.42
atggttctgaccagcattgactgcccgacttgtggtcgcaaaatggggat,117.42
agagctggtcgaggcgttacagcaggaaggtgcattagtaaactggaaaa,117.42
ttactacattaatcagggaacgcccgcccagttaggaggtatgttggtgg,117.42
cattgttacttacctgtacgcattctttcgaatttagtgttatcagataa,117.42
cggagtactggtcgcatgaagttgataagctgcaaacgtatattgatcag,117.42
tgacgatgagcggaccgatgccggtatcaacaaacgcggtatcattggct,117.42
taaagaaaaacagtattgaccgttttcgtaaatttccggatattcatggc,117.42
atttccgcgccctgaagagagttttttcattgcctgccgataattatcct,117.42
ttgtagtaagagaatatcttttaaaattcggccgttataatcttattcac,117.42
aacctttctgcgctggcggcgattcttgcgggtgccgataaactgttgct,117.22
aaccgttcataaattaccctgacacaatcatctgcattaaagtagatgcc,117.22
agcgtggcgtggcattaacgccgaaagggcgacaactgtatgatgatctt,117.22
aacccactcaaggcgtggatgtaaatggccaggtggcgttatatgacctt,117.22
tcagagtaactcccgtcagttgcgagcaaaaaagccgctacgctttagct,117.22
ttattgcggactacttgctcgacaacagtaattgcacaattattcacact,117.22
gaccggtacaacgcaacagcgagcgggtgctatcggtatagtgttgagtt,117.22
aggcgaagattaaagccgatgccgaagaagcagcgcgtaagattggcggt,117.22
caattctctgatgcttcgcgctttttatccgtaaaaagctataatgcact,117.22
taatctgcctgcgattttcgccggaacgtttaatcatgcattattggaag,117.03
ctgcaattatcggcatggcgatcgcccacttcttctggcaacgttatctg,117.03
cgtccataaatttcgctggtatatggcacgacagtttttaacatgtcgcc,117.03
tctcgctataaagcctcgtcgaatgcgaggctttttactatgctttatct,117.03
ggtcgtaatttttactgccccctcggtggtaaatttgagagcattactca,117.03
tggcggactaggtatacctgtaacatgctttttttccgtatactgctgta,117.03
cctctcggggcggatttttgtttttaaggtttcgggtcgaaaatatcggt,117.01
ttgcgtttaagtcgtgacgtagaagcgggccgtgcggtatatctgcaatt,117.01
atccgctgaaaacgttccttgagcatggcattcgtgccagcattaacact,117.01
ttcgttccatgctatggaagaacgtcgattttgaaaataggattatcacc,117.01
ccaaaggcacaactgcgaccgtacaaccaaatctgattaatattgaggat,117.01
aggattccagcctgctggcctttgattttgctggcgttcatcatagcgat,117.01
aggcggatgctaacccatggcaggcggcgttggattacgcgatgatctat,117.01
ccagagatgtgttcaggagttagaaagattatttcttctattctagacaa,117.01
ggatacggcacattgctattaatattttgacgaatgataaggtattcaag,117.01
gaaagccatcagcatgagatccagccgttaacccgcaataccattaccga,117.01
tcgttagcgcaaagattggaaagataaagcgggacgtagaaactaactgt,117.01
gagacaaaaccttctttcagtaatggctcggtgcggcgtaatgtatctgt,117.01
cgacagcaagggagtgtgcaggttaacgatctgtcggcattgtatggcgt,116.72
cctgcaggaaaccatcgccttcctgacgcaatcgggctatcagtttatcg,116.72
ggcgcgctcaacaaccatctggcacagctgctttccggtaagctttactc,116.47
aaggctatcccttaattgtgcatgctgttgcgactatgcacaattaaggg,116.47
atatcgcggctatcggcgaaatgtgccgtgctcgtggcattatctatcac,116.42
cacggcttttttttgtataggcttcagtattcctgagtaccgtaaaccct,116.41
ccctatcactgccatgtttatcgccgtgtttgtcgcctattatgtgttgg,116.41
tttctcggacagataaaccttcgccacacctttatggtaatagatacctt,116.41
cttccacacgacttagtgagaacagcgactgccaggtgtaccattcgctg,116.38
gtaaagaaaccagggtgtcatcgtctgcgtcgcatgttaaggtcaggccc,116.38
cagaaaatcacgtcaaacctctttatcagttaatctgtaaaaataaaacc,116.3
tgctaaacatcgtactttacgaaccagaaattccgccaaatactggcaac,116.26
ggaatcaaatgcgtatccactttcagcagattacgaattaaattgatggc,115.81
tttacgcgctgaataccagcgatggtactgtggcatggcaaactaaagtc,115.81
cgtgaagccctcgacaaactcattgaacagcccattgcatggttggggtt,115.81
aggctgaacgctgggagatactggacggcggcaagcgctatattttccat,115.81
tatacctgatgcgtatttaaatccaccacaagaagccccatttatgaaaa,115.81
gcaaactttcgcgttttcgtaaatgcgcagttttgctgcacgatactgtt,115.74
ccattgtttgtaaacacaaaaacaactccgctacatcttattcttattta,115.74
tgccctgactttgggcagcaatgcttcaagttggggcgctaaaatggggc,115.74
tgccggatgactgcctgatcctgaccctcgcctgtggtaaatatcgcttt,115.68
aactgacggtagtggctaaaacctcggcgaaaaatactaccattgatact,115.68
accatgaagctacattagataatattcacgcccagaaatacaataaagct,115.68
ctttgtctttatcggaaactttttgctggagcggtggcagaatgttgctt,115.44
gagtcggtatcgccgtagataacgtcgtagccctgtgcttcaatcaacgc,115.17
tagccacgatctttcagttgctgatcaaggtacggtttatgctggaaggc,115.17
aaaggtaaaacctgatttactgattgctcgccagggggtgaaattaaagt,115.17
cgacctggcttacctctttcgctctcatcagaattccatcaagattaatt,115.17
ttttggcgagatccataaacaccggctgtgatgacgggtaaactgccagc,115.17
gtcaattctcttcgattttatctctcgtaaaaaaacgtgatactcatcac,115.17
tttttgccgcaggtcaattcccttttggtccgaactcgcacataatacgc,115.17
ggctggaccaggtgttaaagaatcgacagggcagtgcggtatcattaggt,115.17
ttacccatttcgcgatcagactgcgggaaggtgctggtattataatcacg,115.17
tttatacccgctttctcgtctgctgtaatattccccactacacttccact,115.17
atatggatggcaacattcgtaagctacgctgggtgtttataatcggtagt,115.17
cggtgatgggcggttatgacgggcatcgcgggtctgcttattatcttggc,115.17
cgggcgcagaaggtattgtgctatgtaccaatacgatgcataaagtggcg,115.17
gtggaatagaaagcaggcagctaaagacaaagaacagtacacttatgcag,115.17
attgctcagacgcggtttaaaaatccggaagaattcggcaaagtgaccct,115.17
tgccaattaacttatatatcaatggcgatactttttactacattctgtat,115.17
ttttcaaacaactccgaggaagccatgcccttaatatgtacaataactgc,115.17
ctcgctcgtaaaaaaccgccttctacggcagtttttactacactcgccaa,115.17
aaaaccatccaaatctggatggcttttcataattctgagaaattagctgc,115.17
cttcacatggcatcttcctcttagaaaaagatcgacatattttgtgacac,115.17
tgcccacttaagacttcggtgcggctaccctgttgctgtagcatcgtttt,114.95
ttgatggcatgaagacaggaaccacggcaggcgcgggatataatctggtt,114.95
gaacgcgccacagaggccaactgtcggtatctcgatgccatactggagca,114.95
ttcacatctatttcatatttgggatttccgggatggcttattatatgcac,114.95
gagtagtgcaccatcggcggcaccgagcaaaaaacgtaaaatcccaagtt,114.95
tctgaccaccacgttagccatcttccgtattgagcaggataatgtcgctc,114.95
ctgagctggcggtcctggaaaaatgcctgccccagttggaaaatgcaggt,114.95
tggtggcccgctgatcgacatcggcattcatatgctggatgctgcgatgt,114.95
aaaagcaaccgggcttcccggaacacgttctgcccgagtatcttgaaaag,114.95
cagggggaacgctggctatcgaggggcttaatgcacgctacaatgcgtta,114.95
cggggcaataatcgttgaaaaatgtgtcgcatattcaccagacttaaagc,114.95
tcgccagttttctggtggaaaacggtctaccaacggtacaaattaacggt,114.95
gccgcctccagagcgccaggttcggaaagggagcggatatcattaataat,114.95
tttcgttgaacaaacacgttgcattggctgtaaaagctgtatgctggctt,114.95
ttgagttcttccagtacgcgctggggagtaatgtcgattaagctctggtg,114.95
ctttaaacataaatttggttatgcgccgtcagccgtgctaaagaatacgg,114.95
tgtacgaaatgaacgtggttatctctgataccgctgagtacggtaactat,114.95
cagcgaagaaaatctacaaattctgagcgaaaaactggaatttgacgcct,114.95
ggtttgcgatgccggttgctccgctgtttgaaaccctcgatgatctgaac,114.95
ccgtgctactcagttgttcataacgctgcatttcacgtaatgtgtcagtt,114.95
gtaacccgaaaggcgaagatcagccgaacaagaaatactacgatccgcgc,114.67
tttctcacacaatttataacgtaactgtcagaattgggtattattggggc,114.62
gtggaacgatacagcatcacaaagaatatttgactctctaatattgaata,114.62
atcttcccttgcttttttgcccagcggccattgccgtccataatgatcgc,114.56
atttgctctgtacttacgtttgcaggcacgtttagcttaagcttgccacc,114.56
taggtgccacgacgcttgacgaatatcgccagtacattgaaaaagatgct,114.56
attttcgccgcgacctgtccggcggcattgtcggcatgtaaaattgccga,114.35
ttatccggcctaccgatccggtacccattgtaggcctgataagatgcgtc,114.35
ttggtcagggccgcatgacgttgactgaaatcgttgccaaaattgatact,114.35
tgccgccaaccggaccacgaccgtagcgcggattatggtactgtttcagt,114.35
cgggtatttgtcgaaggccgctggcagtttgatgatgataagctcaatac,114.35
tctggatctcggcgtgaccaccgtggaccatgctgatatttatggtggct,114.35
tttgcgggtcgcacaggtgcgatacggatctttaatgataatttcggtta,114.35
gctctttcgcgcctggcaagcgcgttgcacatacgggttatgattgccct,114.35
atgttgttccgtataacgtgacgaggtcttcagaggtaacatcctgcgtc,114.35
gatttacgcagtttgcgtaatttggcgaacagtttgcgatcatagttgcc,114.35
cgtgagcgtcttttgataccacatgtgctgctccttgataaaactctctt,114.35
ccacccgccagggatatgccgaaagtctgccatttgccgataacgcattt,114.25
aggagacaagaatgacaatactttcactaagtcggtttatgctggcgggt,114.25
atcaggaataaaacaacgacaaaggagacaagaatgacaatactttcact,114.25
caaaatgctactaactttctcgcgcgtctgatgtcatgtaaaaatcaggc,114.25
tcaataaaaatttacggaactattgatgagagtttggtgtctttatgtgt,114.25
atggcgggctttttctgcttattcttcctcctttgatctaaattaaaaat,114.25
tgttgtttatgtcatgtgcttttgcagttttcgactataccatcaagaat,114.25
acccaacgaaaaggttgcgaagcgcgtcactatttatttttatctttacc,114.25
tgagacgtattgcatttagttactacgattataaagcttataatttcaat,114.25
actaacaagcctacattatgcactttcttcgatggtatgctataaatagc,114.25
ataagaaatcctttcttagagaattatcgaggtccggtatcataccgact,114.25
acacagtaggtgaggagacaggaattgccggaaatagtagtctgctaagt,114.25
ataaagatatccagttcatactttaagtgaaaattgataaagtgcgattc,114.25
agcgaatacttaaaaagataagaatcgttattttcatttaaaatcaaaat,114.25
agtcgcaacaatggctgcaattgggcgttttgtcgaataaactgtcgcat,114.25
tgagctggacgccactcgcgtcgtccgtgtctgaatcttatactagaaag,114.25
cgccagctggcttttgagcgtctcccgcaccagatatcttatgattatca,114.25
gaaccaagatgcctatttcgtttcagcatcaactgttaaattatctggtt,114.25
aaaagtattcagtagctgacatttaactttccagggtataaaacaattag,114.25
gtgattcatatcacatatttatattgtgaataatttatgtaaataatggc,114.25
ttgcgatttaaacacaaatctaattccttgatttaaaatactttcactct,114.24
gccgacgtaatggacgcaccatcgagcaaatcatggatatcattggggat,114.24
gagattgttacctcttgtgatgctggtgttacacagctaaattgtgttgc,114.07
ttagctcgattgatgtggaacgttacgtcggcggcggtttaaatcagcat,114.07
gaagccagagtcttattttttatattgaaaaatatgttaatttaaacact,114.07
gacagccacatcatgatgaccgtggctgttagtttttgagtatagttatt,114.07
atggcgaaacgatggttgtcactgcatcttccgtggaacaaaatcttaaa,114.07
agcggcacgccgcgccagaattcgataaaaatgaccgataagatacgcac,114.07
tcaaaaaagttttgttgctgttcataaccagccggggttatatgttggtc,114.07
cgctttcgccgctgtttgatgcagaacgcttcggcattaaagtcgttcct,113.67
aaactttttaacagattgaaatacacccaaaacaaaagtatgacttatac,113.57
gaatcatcaccaacctgtcggcaacgcgtttctccgactatgctcaaaag,113.53
ccaaacatccaggtatctttccagtcataatacccgttattatcctgatt,113.51
cggccggaacaaacgtaagcagtgaatgctggataaagcgaaaatggggt,113.48
ctgttgctgattttctttctgcattagtccgttacggtattatcgccttt,113.48
gcttctttttgtgcctgtgtataggaaagaacgtcaatagcattcaacac,113.48
acttgctctgctgaatattcatcttccggtaatgatgttagcaatagcac,113.47
acgcgcgagaaagttagtagcattttgcattctttgtttaagatgtaaaa,113.31
agaaagttagtagcattttgcattctttgtttaagatgtaaaattttcag,113.31
cattcctgaggcgtattcacatccttttgattggtgataacatgcgaatc,113.31
attatcgaaaccgggatcgacatcccgacagccaacactattatcattga,113.18
gggctttatcggcctgctggtgaacatcccggtgaactatatctttattt,113.18
tggctgcgatcatgtcgacaattaacgcccaactgctgcaaagttccgct,113.18
agggcggttggtggatttatcttcttcctggcagaatttaatgtacttct,113.02
tgttgttcaaaatcagtaacaaaacgctgtaagcggccgatatcaatggg,112.96
aaacgcgtaaccgtctttccgctcgtggcgttgtcgtttatcttgaaacg,112.96
gtgtgccgcagcttattgataatttgctgtcggtgcgtaccaatatttcc,112.95
tgttgaaggcgatatcagtattcattccgaatggattgagtatcatgtca,112.95
cgggcggcgcttcctccgttttaacgcgatgtatttcctatgattagcgt,112.95
tttgactctctaatattgaataatccgggactagcattagatataacaat,112.95
ccttgtgaaatctccctttcctcataccgcttgcactatatactgcgggt,112.69
tctgcctgatttccccagcgtacagtccagctttgtgatttactcgatat,112.69
aaacacaaaaacaactccgctacatcttattcttatttaatatatatcag,112.39
gcctggcggctccctgtatcacagcggcgactcccactactctaactatt,112.39
ttctccctgttaatcatgaacaaatcattcgccatgattataatatttat,112.25
gttacaccataatattgtcgaaatgtgtttataaagtacgatgtactgct,112.25
gctgctgccgtggattagctgatcaagctcggcctggtcataatactgat,112.2
caacgccatacggctattaaagaaaatcaatccggtgtaaaacagtactc,112.08
cactttcaaaagtccctgaactctcaagcgaatccgcaatcaaatattct,112.08
ctcgcaagccgactgatgccttctgaacaatggaaaggcattattgccgt,112
cttatcgaccattgttgatgccgacaccattctggtgcttcatcgtgggc,112
tcgccgcacatcatcagcgcgcaagagggcagaccgatagaatcattggt,112
agcggcgatcagtcatacaaagacaaatcattcgattttaaacttcgcct,112
caaaagtccctgaacttcccaacgaatccgcaattaaatattctgcccat,112
cgtgcagaacgggttgggggctattgtgcaactctactaaaatttggcct,112
taatcctgcgcgatggcctgatgtgcgccacccatggttatcatatgggg,112
acaaagagctgctggatcagatcgcggaactgttgcgtattcttggtagc,112
cagcgtccactgtgtggcaggcgtggtggactatgtagtaaaaatcattg,112
gagttgcttagttacataacgattgtatgacgaaggcataacatgctgta,112
ataccggtgagcttttctgcttccgtttcgtttggcgtaataatgtccac,112
agagcaccagcatgacccactccgggacaaaatgagaatattctgccagc,112
gtccgggcggaggcagcgcaggggaaaaccaaccagggtaccctgtgtct,112
taacgcctcgttgtatgctctgcgatctgccgcgcataaactgttgaatt,112
gattcaaatattacttttatttaacatacagacaggttaaaacagcatct,112
aagcggacctgatgaaacaacgtggcgaaaaccgctataccattctggat,111.89
cgtgactgaagatcatatggatcgctatccgtttggtttacaacagtatc,111.89
cgacaatcccggtgatcacaggtggtataggcgtatgccatatttacgtt,111.89
tctatcgtagttggttgcatcaaaatgtgtgaattggttattatcaagat,111.89
ttattaaatcgactgcattcttagacgcgtttttggcatagattgatagc,111.89
ctgacgggcgatatagacggaagtgttcagggtatcgccgccgaaaccgc,111.89
gggcgcggcgcaggcatatatggcaacttatatcgtctatttttctcttt,111.89
ctgttcaatgtttttctcgacgatcatccctatccgtttaaagtgaaccc,111.89
gccgctctacacactcgacggtgacggcacgttgacgaataatcagagcg,111.89
ccggcggcggtgatgaagaaacgctgtcgaaaggcgtctataacacctat,111.89
ttgtgggaataaccatggcagaagcattttacatcctgataggatttctg,111.83
cggaatttaacaatagtggtgggaaattaatctatgaaatactggcctac,111.83
cccacttcgcgccgattgtgaacgcgccggaagtggctatcctcggcgtt,111.69
aagaagtgttgatattgctaaaagcgccgtgggtaggtattactcaggac,111.69
ccaccatggtcaacggctaccgtagccacaaatttggcaaaataagtaac,111.69
ttcacgccgcatccggcatgaacaaagcctacgttgtctacaatatgaaa,111.69
agagggcgatcgcgtatcggtacgtgatttaagccgtggtttaattgtgg,111.69
ttgtttgcgacaggtaacgcagcctctttgcggctggcatcatagatcac,111.69
aattgttcacttaccaggttaagactcatcgtttttgctactcgttagtt,111.69
cggtgaccgctcatgaaatggagatggcgaaactgcgcgatcatctgcgt,111.69
gcaatgttgctgataccgaagaagaccgcgacacgctgctacaattgctg,111.69
agttcagttctgcgcgagcacgatcggtgtcagtgttccacaatgtgcgc,111.69
ctcggcgtggcctatggctccgatctggaaaaagtgcgtaaagtgttact,111.52
tcaaactcgcctttcttaacgcgtgcggaatcagtgccgataaagacatt,111.52
cttgcatcaggtacgcgacagctaccatcaaaacctgttatggataggcc,111.52
agcctgctcaggccgttaaccgtgacgttgtgatcggcgaaactatcacc,111.52
tggcaaagtggtccttgctgatatcaatgaatccatgctcaaaatgggcc,111.52
aactacgaattgggttgtcaggcgttacaccgtcaaaatatatttgaggt,111.52
taaggagtcggggctgtactacaaccggaaccggtactacgatccgttgc,111.46
agcaatggcgcgatattgacgccgatttccgacaacacaatcatgatggt,111.46
ttttttacgctcaactttggtggtccagttgataggcgtatctttgccta,111.46
gggctggtgccgttgttgcgtgacgacgaaagtgatctcattctttggga,111.46
tgcgcgctccgctgcgcgaagaggctaaattctttggttatacttcgcga,111.46
gcggcgaacagcaaattgccgatttacaacagcaagataatctttatacc,111.46
cctgaagaaaaccgtcgaacaatatggcaatgaggctgtatatattcagt,111.46
ggtttttctgaaagcgccacgcgtttcctttcgcaaggtaaaatgcctgc,111.46
tctggattgtcgtaatagacagcaacccactccttcggcacaatattttt,111.46
gtgatatcgccatcgcttgccatcagggtatcaatgatatatttcaccgc,111.46
ccccagcgccagcgtttgcggacggtggaagaaggttgcaaactcatcgc,111.46
ttgcaccggatgacagcaccagcctgaaaacggtcattatcatctatagt,111.46
ggatgacagcaccagcctgaaaacggtcattatcatctatagtgtggttt,111.46
aagccccagcgtgctgacttccagcgaactgtggggtatacggtgatatt,111.46
ttcattcagcttagagacatcgaatggcgtgtcgctggtatgcttacgtg,111.46
tcaataaatggtatggacaattccatgttttgaaaaatataaatttaacc,111.46
tgccagcgatacgctgattcgctttaacggtgtgaactacatttctcaga,111.46
tgctcactccagtaatcaagacagtaccagtttagcgtatgctgtacgtc,111.46
acgatgctgttcgtcgataatcaccagcgccaggccgttaaactgcacct,111.46
aacccatcgcaaaaatggcaatctccattccgtcaggtacattggtcatt,111.46
tgcggtttctatgatagagcaattctgtggcggatattaagataacgggt,111.25
ggacaccgcggtgtgtttgcacgttttgcacatgatgattaaataggttc,111.25
tccacccacgaaatgctgctggagcaattaagtcagcataaactggatat,111.24
cgcgttgtctggctaatataacctccgccatttaaggtatattttacacc,110.84
ataagcgcgttgtctggctaatataacctccgccatttaaggtatatttt,110.84
gatttgttatgcctggtggctggactgacagggggcgttatgcttatggc,110.71
atgaaagttcggtgtaccagatgtcatgatcgtgacgggtataatcacta,110.71
aaaaatattcagagccatgctttttgcgtggcttttgcatacaatttatt,110.71
tggggcatggatggggcaaactcactcaatttctggtttaaaatggatac,110.71
cgaaaccgccgtttacagcgaaaggcgttgggtgatgataaaaggagggg,110.71
ccgatatggttatcgcggtaataaatatgtcactgacttaaaataacttt,110.71
attttgacggcaatctgatcgactgcgccggtttcatgtaagatcttgcc,110.71
tgcccgctcggcctccgtcggtgcgcagaaattcccggtacactggggtg,110.71
tgtagcgcgctttcgcgggtgtagtcgtcttcggcgttaaaatagcgttc,110.71
catcccggtttcccgggtaaacaccaccgaaaaatagttactatcttcaa,110.71
tggggattgttcaggtggcgttgcggtgttttgaatgttaagactgtggg,110.71
gattcgccaataaccttaagcatttgattacggaatcgtaaaatgaagca,110.67
aacaatttcaaccgtatcaccggtgagcatcttactgataagaatatggc,110.53
aggaaattaatccgctttgggaaggcatttacaggaggtaacatgaaaaa,110.53
cgtcactattattattggtctgggcgctatgctggggcgtatgatcgaac,110.53
gtttcaattttcagcttgatccagatttttaaagagcaaatatctcaaac,110.41
cgggttaacagcgcctggtagttctgctggaagtcagtactattggtgtc,110.36
gggagtagatttgcgaccattcctggaaaaatggagtcatacttaggaac,110.36
tccagcttcgccagttgcagcccgggggtattcaaatataagctgaattc,110.28
aggggcgttttcatctcgttgattccctttgtctgtttgataatgcgcac,110.25
gtgaaagacgcaaagaactacacattcaacggtgatgctattctggtaga,110.15
aaaactgttcccggtttatcaacggctttctgcgattgataatgaaatcc,109.64
ctgacgtgacaaggatagtccaggacaggcttgcaggataccctttctac,109.64
ggcttatacatagggtaggaaaatcgaattgttctgtctaatatattaat,109.6
atactcagtatcatcttttttgagtggaaaaggagcctgataatgaaagg,109.6
tttccagcaaagagaaacggttattctctacatgctgaataatgtttttc,109.6
cacatcctgagttaatttttccagcaaagagaaacggttattctctacat,109.6
atgcgaatttacctggtgacatcgctgtgcgttgggttaaaactgtacct,109.6
aggtaaatcatgccattagtcattgttgctatcggtgtaatcttgttgtt,109.6
gcggcatctcttttacatcctcgtagaacggcatgcgatgtacaatacca,109.59
aaaatcatgtgggcgggaccaaacgcggtaattggtggtttactgtttgg,109.53
tctcgacggtaacgtcaaacgcgtgctggcgcgctgctatgctgtaagcg,109.53
agcaaggcgagatcgaagctgatgccgactggtgggctactatgcaggct,109.53
ggaacgtcagcaacagttgatcgtgatggaagagcgtgccaccattgcgc,109.42
gctggcaaatgcctgtgccggtaactcagcgttggtgtatatcgaaaaat,109.38
ttgataccgggcgtcctgcttgccagatgcgatgttgtagcatcttatcc,109.23
acgctggttgggctgtacccgattgctcgtcaggcattacggttgatcaa,109.23
tggtaaggtgatgtgcacagcaaagcgatgttagtggtatacttccgcgc,109.1
atgacaaactcgccgttttcatcggttcgggttcggccgatatggttgtt,109.05
tcagcatcgcgacctttggcggaatgcctggcccggttaacatcttcctg,109.05
agatgtggggcgcaggccccactttttggagaaattgtatgatgtaccac,109.05
ctcagcgagtgcatctgtttagcgccacgctgcgtgataatcttttactc,109.05
gtggggtggtggatttatcaaatctggaacgccagcgtaaattaatgtct,109.05
ttattgcgttgggctattaatcgctcagcgcatcctgcaaaattttcatt,109.05
agttggaagccgtgttggcgaaaccagaatgtaaaattatgctcctgtgt,109.05
gagttttatcgtcatggctacgcggcggtgcatcgtggtattcatacctt,109.05
ttgataagttggacatttttttcgctgacgatctgtttaaatatgagtca,109.05
tagttgaaaaccctatttgtgctggcgggttaactgcgattttattaaat,109.05
gccatgatttctacccgaatgcctgatgacgtggtggataaactaaaaca,109.05
ccacggcctggaacgtgaccctacgaagaagaacgtctattttcatggag,109.05
ggcgggcattttcaggtctgcaaaatattcgtggacgttaccatcaatgg,109.05
ctgtttgggattgcgttttagagtttgcggaactcggtattcttcacact,109.05
cggtatttgcatttgataccgaaaccgacagccttgataacatctctgct,109.05
aacttggcgacctgccgacttccggtcagatccgcctgtacgatggtcgc,109.05
cgtggggcaggaagttagccgcgcaactgaatctgactgatgatatacgt,109.05
acgtaggccggataaggcgttcacgccgcatccggcataaactacagctg,109.03
atcttgtgctgtccgtagcgtgggcagcacaagactggcgataattaatg,109.03
tgtggaaccacagcgtttccgtggtggctgggtgatgtaaaactgacgat,109.03
tggcgatgactattgccaatatgggttatcaggctttatgtttgtatatc,109.03
ccgcgctggtacagaccgacatcaaacgtgttctcgcttactctaccatg,109.03
gatcgcaaaggtatggtgaacaacaagttcaactacttcattatgagcaa,109.03
tattaacgacaactgacgaataaaataaaaacaccctgtataataggaaa,109.03
ttccgttttgaaaattcgtgttcaacgatgaatctgtggataatacgcac,109.03
aattcattcatctcttttctcatcctgagttacggattaaaacagtttgt,109.03
ccagcgcagcggaaacagcccctggacgtgatccatatgataatgcgtca,109.03
tgcggtagcgataatactgattaattacgccagtacgataatattttgct,108.98
agccttgatgatcataaacgaaaaattgcctgatgcgctacgcttatcag,108.86
aaacgaatatttgaaatgcaacaaatagagcaaagggataaaatagcaaa,108.84
caataaatattcgctggcacgttcacttaacgccgtatagttttcaactt,108.67
tagcgacctctacagtaaataattcgttatttatatgttaataataagta,108.56
gcattcgctgcgacgttgatagtgaaccgtgccccggtaaaatgacgagc,108.27
ttaattctgcaatatattgaatctgcatgcttttgtaggcaggataaggc,108.24
gggcaatcagccattatgaacatcacacgaagtgatggtaaaaatattcc,108.24
ttccaaccgcacgtaagcggatgcaaatcaacgcctctaaaatgaaagcc,108.24
ccagggcgcaccgattgccatcaccgttgaaggggctaacattctgaccc,108.24
cccgataccctttcactcaatcaggttttatttctctatagtctgcacat,108.24
cagttaattaccgcgcagcagcaagaacaacaatcgctaaactggttaac,108.24
aagtgacctgggaagacgggaaaagcgagcgcgtgctttacactcctgaa,108.24
agactaatcatctcttcagcattagcgttatgaatgagtaatataaatcg,108.24
tggctgataacgcactttacgaggcgaaagagaccgggcgtaataaggtg,108.24
tgcaattacgcaaagccagcggcaatatcgtcaccttctatactggactg,108.24
atatcgcgatacatatagccgtaagtaccaatccagcttttaatataaac,108.24
gcgatattcttaactttgaaacagcgaccgagttactgcacgatagcggc,108.24
atacaaaataaaaattatacttttaatttgctatacgttattctgcgcgg,108.24
gcctgcaacacggggttgcccaggaccgggatcagggttatgacatcatg,108.24
acctatggtggtgctgttttaaatacagcgatgttgacggagaatatcca,108.24
aatatggtgaactggatattattcaggcgaaatacagtatcctcgaccgg,108.24
acgatgaccggtgattacagcaaccagcatattgtgccgatgaagcaggc,108.24
gattaccgcaaatcaccaaatcgaaatgatgcttgtgacatacttccaga,108.24
aaattcattgattaatatcaacaagatacaaaaagcactatcattaaaat,108.24
aatctcttttttacttttaccttcctgcatcagttcatacactttctgac,108.24
ggctgaaggtgggcgcgaccctacttggactgctgtttattatgtccagc,108.24
atttaatagagaaatttgcgcagccttacacacatcgctaagatcgagcc,108.24
actaaaatgtcaccttgtcgaacgtagttcgtatctttatgattaacgac,108.24
gatgcgatgttgcgtttcaccaaaccggtaaccggcggctattatttcgc,108.24
aaaaaagccgactcttaaagtcggctttaattatttttattctttatttc,108.24
gcttgttttacatcttcattttttaaagaccattgatttaaaatagtatc,108.24
tcatgattggtgggctggcggagtctgaattggttgtgtaacttgttgtt,108.24
ttttatcgagaacgtcttgcgattgatgtggcacgttagacaaaataaga,108.24
gccattcgtgttctttgctgtatttcagttctgctggtacgttgctcatc,108.24
ttataaagtgaataccgcgcaaaaatcctaccgccgccgataattccatt,108.24
ctgccgatgattacttcatctggataaccggcgaaggtaaagtcgttaag,108.24
actggagtaaaaccgtctggcatggcattgcgggtggtaaacttctgacc,108.24
taccggctgcgtaaaccacgaaacggcctgatcggaataatattcaacgt,108.24
cctgcgagcttgcgattcacttttttagccgggcaacccatattgatatc,108.24
gtttaacagaaccaggggcaattaacacattatcggctaatactttttcc,108.24
tcaacgaaattctcatcgaaatgggcgaatttatgccgatgatgttgatt,108.24
agaatgcatccgcttactcatccactgcctgtcacggcgcatgtctcatt,108.24
aggctgaggatgagtgcaccttttgtcatgttcatgttactatccttatc,108.24
ctcgccgtactttcctgtattgtatttataaacattattttaagatatgg,108.24
cagcttatgtgcgcccatcatttcgccgtgatcggaggtataaataaccc,108.24
attgagcatcttaacgatgtcatcggcaccatcagtgataaggtaatcca,108.24
tcgcaataaacgcccgtaataactcattgccccacggtatgatttcgccc,108.24
aacgagattgttgccttcctgttattacaggcttatgtaaaatgattctc,108.24
agttgtaatctttgctatggctatagctggtaatgagttgtgatttaatc,108.24
cagaagtttgtgatagtcacggcccagcgcataacggctaacatagccga,108.24
agcagagcgtacggatgacgggcgctacagcgatatgtaaattttttaat,108.24
tctcttcattacacgtattctctttgccggacgttgcctatactccaggc,108.24
tgagttgaaaggtatttacggagcgaatattaacacgtagttataggagg,108.24
agcgtagcggcttttttgctcgcaactgacgggagttactctgaaaatgt,108.07
cctgaagctcggttttctggtgaagcaaccggaagagccgtggttccaga,107.9
gtggttacgtccacgaccgggcagggcgaccttcctgatagcattgtgcc,107.87
agcttcgttccgccgctggtaattggtgtagcgttcggtaacctgttgca,107.82
ggatttgccgcttacatgacccatatcggcgcgaatgatatggtggtcaa,107.74
cagccagacaccgtgttgacaacaggttccgtcccgccagtaacattcac,107.74
gcatcgataaaacgggcaatcggaatagtgctgctgtagcctttgtagtc,107.74
atgttgttcagaattttaagtgcttcgctcattgtagtaatctcaaactt,107.74
tctgatacaacagttaactttccatccagcgtcacgttattatcactgcc,107.74
ctcagaaaaacgctcacaggctgcgccgacggttggggtataaataacag,107.74
gcgccaagttatcagtattaaggaatttttttgtcccgtaaaatgacagg,107.74
tatcgcaacatttactttactttaagacaattccaggcaaattatacaac,107.74
atgccagtaaatacgtcacttcaactatgctgtttgtctatattgtgatc,107.74
cggttacagccgttttgttaacgaatgtgatccagatcgttatcttgatg,107.74
attctaattggtaatttcattcgttctcttacgctccctatagtcgaaac,107.74
tacgctgacgctgctggagatcgttcttgggatcgacaatattattttcc,107.74
accgttttggcgatttgttgtttgccattggcgtagtgcatattgccaac,107.74
ccagcgattcgtggtggtcgagatgcagcgccagtggcatgttgtaggtt,107.74
actatccggtgctgatggcagcggacatcctgctgtatcaaactaatctg,107.74
acgcggcaagattgccgcggctcttgatgaactgggctatattcccaatc,107.74
ccggcgtctttcaactgcatcactcgcgctttattgagtaacttatgatt,107.74
cacaggtgacgggaattgttactgaagtcactgacaagaataatcagctt,107.74
ttaccacgtatcgtttacctccccgctggatgttcctgaaaattgaaacc,107.74
gggcgggtaactaccttacagcccccgccatccatgccgataactcccgt,107.74
agctggcccagcgtatgggcaaacgcgcgtttttgattgacgatgcgaaa,107.7
ggcgggcgcgatcctcgacgaagctgacatttattgcggtattattgctg,107.58
gaatgtttcatcgcgctctttttgtgcccgataaagcagataatttaccc,107.58
aagcctatgttgtgcaactgggtgcgctgaaaaatgccgataaagtgaat,107.45
aagagaaaattgagtagtaagcgcgaggatatcttggataatactgagcc,107.43
tcagcataaactggatatgatcatttctgactgtccgatagactctacgc,107.36
attgcgaccttaccatgtcggggtggtgaaaaggtggtattaaggttgtt,107.36
ctacggcaagattcctctgtcgagattgagtgccatgatatcctcatgtc,107.36
gtttatctcaatggtgaaaccaacgttaagccgggtgatatcctgcgtgt,107.36
gatggggaagaacttcacgcgagctattatcagtcgttattatctcaggt,107.36
aagtaacaacaataatgcgtgccatagaaattccttgttaaaaagggatc,107.36
ttccacggtcagggttgattttgcctgtaccgtacataaaactggttgat,107.36
tcgccaacggcaagataggcaataattccgactaacggcagaatgtaaat,107.36
gcgcgatgaactggtttgcagccaggaaaacggcactgtacaaattaaag,107.36
cactccaaactgtgcttcataaccgtcactgtagaatgcatcctgaacgt,107.36
atgttcagctgcggtactaatgaacgtcggatgtgcgatacaattcatcc,107.36
gcaataaaaatattgatgacatggcattagataactgcgtcaataagttg,107.36
cgagaaaatgccatgaatcaaccaggcacagaagcctgatctgaaatcgc,107.36
gcggtgctcagcatacggcgaacattatcttcatcatccacaataaggat,107.36
gcgccgccagccagcttgctattgcggcattctcctgatttattgtcaca,107.36
cttcactccttttaaagtaaatttgatcatctgaattagtaaaataaatt,107.36
ccaggtagagttccatggttttacaatacccaggcgaataccattaggat,107.36
atctgcttatcgtctttcagtttgtccgggataccaccgatgatcatgat,107.36
aacttttccagggtaatgcgttcatccatcccctgtgccatcatgatttc,107.36
caaatccaccgccattgacccctcgatgattgatgagcaaggtatctatt,107.26
taggcaccccaggctttacactttatgcttccggctcgtatgttgtgtgg,107.23
acgaaccgatctatcttcctgctgatgcggaagtaccgtataaccgaatc,107.23
caggtaggatttggttatcaggcgtttattgctggctgtatgatggcacc,107.23
cggaatatgaaagcaaagcgcagcgtctgaataacgtttatgctgaaagc,106.57
ttcattaacccgacactggattaattcaacaggaatattatgattctgac,106.57
gatcttcctggttcccttatcaacgcatcgagaacgtctacccttaaagg,106.57
cgctgatttctgattgccatttagtgattttttatgcatattttgtggtt,106.57
tgaaacggcggtgattgaaaacgacgtatcgattctgcaatctgtgacgc,106.57
agcaggggcatcagggcaacaccactgaaaccggcggctaccattattcg,106.57
tgaacacattgccaacacattaaatttaggagtggtgtacaactaaacct,106.5
ataacttgcaccaggtgatcgaccgtctgacagcgcactacaattgtctc,106.5
acttgcggaccgcggctgttttcacgcataaaacgtttcacaatacggtc,106.38
gaaccatgcggacaatatcgattttgcccagttcttcatacagtgtttca,106.38
gttaaccaccagctaccagttctacggtacccgagataaagttgacgatc,106.38
ttttcagatccagtgctttaatcagcacgcggaagatggtgtagtaaaca,106.38
gtgcgtggcagattaggattaacggcgtttccttcgttatcctctgcaat,106.38
tcccacttaatctgatttacctgcgcaccctggcatttattctggtgatt,106.38
tggaagatggtggtggtgctactggcaatctgtggcgctatgttgttgct,106.38
atcgggcgagccccctcgcgaaccagcttcatgccgttataatccatcgg,106.38
tcacgccaatggccgtggcctccacgcatgtggtgtgcgatcctacccgt,106.38
gcagcagacggaaatgaccgtcaaacagcggctccgggaacatctgcccc,106.38
ttgcggcgtagaaggccgaagcgtttgggttcgcggcctataaatagatt,106.38
tatgccgcactgagaagccaccatgcccgcaatcgtgtaatctgttcccg,106.38
cggcgtaaagaaaggttgcaaacatgttaataaaaactcaaattgatccc,106.24
aaattccgtaagaccgcacctttttgtgacgccgactacactatttcaat,106.24
acgggacaaaaaaattccttaatactgataacttggcgcactatacacac,106.24
aatagagtcctgagttgcttaacggcgtattaatgactaatggtaaaaga,106.24
ccgttcgaacgcgaatggacgcacttcaccagcatgacttacattgatga,106.11
gttgcccggatcgaacaacgaaaagaaaaacagcacgataaaataggcgc,106.11
gtattaagctgggatttagatcccacattaacgcgagtaaaatacttacc,106.11
gatcttgatgatggacgcacagtaaacgccattgtgtttattatggaccc,106.11
cacttatttccagtctcgcgaagccaccaacccatggtacaacgcggtct,106.11
aagcgggaaaactatttcgcaacgtcgcgcttgtggctaaaatagccgcc,106.11
caacttagccaaccttgcgatgtctgacgcaaatgtgattatgatggatg,106.11
aaaggacttaatgtcgcggtgcctgccagcaacgcgcctaaaattgccag,106.11
tcgcaacgttaagctgataaacattcgacgcattgcggttatgatgagga,106.11
acgggatccaggcacaggacgaccacggcaatgtctggtataaattcggc,106.11
gccagccccatccacaccagttccagcgtaccgccggttaaaattccggt,106.11
ctttcgccacttcacgatgaaacccgggcgcaaatggataaactatggtt,106.11
tacacacggaggtaaacactaatgtttactttgttgatatactcagcggc,106.1
tagctctctgttggggcagatcgtacagccgtggttctacaatcagttgc,106.1
taaatggcggcgtagttccgtggtcaccaaaagccggtaaagtgctgggt,106.1
caaccaaaacaaacgttgctttctcagactttacgccgacagaatacagt,105.89
tgggtattgaattcaaactcaataccgaagtgggccgcgacgtacagctg,105.89
gaatcatcataaatctatacaaatagtatccccaacatatacggtaaaag,105.89
tttaacacgaatgaattaacacgaaacgataatatctttatcctgttctc,105.89
aagtcgatgctgagagcgtaagctttcgggtcttccagtaagctggtgac,105.88
cttgctcattatctttatgacggcttttatcctcggtatacttttgccct,105.88
agctctgttttacattaccaacccgttgattattcagtaaagtaaccgct,105.88
tcttcgcgggcgttcttcacttctttcttcgagcctggcatgttagcttc,105.88
gcgggcgttcttcacttctttcttcgagcctggcatgttagcttcatcac,105.88
ataactcgatggctttcactctcagtttctttatagtagagtttaatgtt,105.88
atcggtgtaatcttgttgttgctcctgatgatccgcttcaaaatgaacgg,105.88
actaacgtttctttaaaagaattgatttcatcatctgttaaactaaactc,105.68
tcatcttttatatctagcaccatgtccggtttgatgttattgaggaatac,105.68
ataggaatcaatcaattacatgaatataaactatcaataagatagcctgt,105.68
aagggtgtgaaaacgttttggacgcttaatacgcgtcatatacttggacc,105.68
cgtctggtttgcaggtgagtcttattatttatatcggtatagtggctgat,105.64
cagagtccgcatcggtcgtgttctccgtaacgaattattgataaggtgaa,105.57
ccattactcctgttgttcagaaaggtgcaacttaacgttatcgtgaaata,105.23
gctttgttgcccgaagaatatcaggtcgaatcagtggttaaacttcaggt,105.23
tgtacgaaattatcgatattgtttcccttgaacatggtgttacgttagcg,105.12
ggtgtaccgtggtgaaggcgtaaaaaatgaaataaaggcaatatatggta,105.12
aaggctggtaatttttaggctgtttccacaatttgtaatatcattcagga,105.05
atgggatggcagaacaaaatttgctcgggcgatcccgctaatattcatat,105.05
gtgaacaagggctggatgacggtcgcattatttacgagcaagatttgatt,105.05
gccgcagcataattctttattttgccgcggatctgcgctgagatattttg,105.05
ttcgtgctcgttcagcatcgtcagtacgtgttcagcggacatactttaac,105.05
cggatcaactgggttgatcgtcatgcaaagaaagagattattctcaaaaa,104.63
ttccttaagccaattttaatcctgctcaaatgaccgtctatgcttaaaaa,104.63
tttatcgtaatttctacgatccttacgcctggagctggcagcatgataac,104.63
gtcatttcgcgatctttcaaaatgcgatcttcagactggataatattggt,104.56
ggtggcgttagtcattgccagaagtttgcccggatgctggaatctcacct,104.38
tcttcgcaaaaccggctggtcgtccgctggttgatgactatgttgttgat,104.34
aagtctgggcgaccgcagcgaaaatgctgactatcagtataataaaaagc,104.34
gagctggcaaaagactggcgtaccgatcgcatgctgcgcaaacttgaagc,104.34
catgggccatcctctgtgcaaacaagtgtctcaatggtacgtttggtatg,104.23
gtgaggaaaagcgtatttgcgcacgcgaccagaatgtaaattaaccagtt,104.03
ttgaaatataaagatttgggttctttcgattatggtcgtaacctgggggc,104.03
cccggcacacgcgtcatctgccttggctgcttccttccggacctgacctg,104.03
ttgccgaactcttcagtagaggtcagacgcgtctgagcaataatagaggc,104.03
tttttcaacaaatgctcaaccagcattgggtatatccagtacactccacg,104.03
gtgagggcgaaaatcttctttaatatcgcgatggtggtgataatcgaagt,104.03
tgagcgcccgaattagtcatgaaaaaagtgttattgataatcttgttatt,104.03
tcgtgggcgataaacaacgtttcttgcctcaaggcgactatcattatcaa,104.03
atggaaaatgaaacggcacaatacgttaagtaattgagaaaattgtagtc,104.03
taactgtgcccgcgtttcatatcgtaatttctctgtgcaaaaattatcct,104.03
aaccattcatccagtcggtacgtcaggggtactggggatattatttaccc,104.03
ggtctttgccacctcttccatcctggattgaggtgctttatcttcgtcat,104.03
caaaaaaatgcaaatagttgagctgaagacagaaggtgtaggattacatg,104.03
gcagcttttaatgcctgggcatttaatgcacccggtttatcatgttcttc,104.03
gcaaccaggttttttttcaactgcctgaacataacctctatcctgtattt,104.03
gcctgcttctctttctcttgcagataacccaccaggctaatctgatactt,104.03
ttttgacgcaaatcaagcgcttgtcatttaaaaaatgacacaaatggcgc,104.03
tttgtgatgaatcagggcatacgtcgtcagtaccacattatgattgcctt,104.03
cttcaacgtgaccatcgatagaaataccgttgtcatcgtagaatgcaatc,104.03
acttcaatcagtttattaatggtggaggcacgaccggtcagaataagaac,104.03
gaacgtaaaagatcgacctgcgtggcgtcgccgtaataaactttgtagcc,104.03
caccgccagaattcacggctacgccgacgctatcgactattatcgtcagt,104.03
ttaaagacattaatgccaaagggggaattaagggcgataaactggttggc,104.03
taaagttgccgtcttcaccccagatggcggtgtcgattagcataaaaccg,104.03
aagatcctgcaaaacgatcgggaccgcggatcatagcctaaactgcgcaa,104.03
tatatatcgttaccgaaggagtaaacaatcgcgttagctacaatgaaatg,104.03
ttacgaccatgagtggtggtggcggaacggtacttaggcatactttattt,104.03
ttagcggcttacacgcggtcacattcaaatgcgattctgctacaatcctc,104.03
ttaaatagaagcagcgacgtactaaatccagacgggtaaaatcttcaatc,104.03
gtgagatggaatctctttccttactgtttgattttgcgaacatgatcaat,104.03
tgataaacgccagccgctaccgttggtcatcccgatgctattttatcacg,104.03
aacgatgaagaacgattctatgtcccggagaatgtttatatcatcggttt,104.03
tttgcagcccgttagacagcattctgacctcgcagatttataatcacatt,104
aatattcaatttgttatcgctatccagttggttgattttataatcaacaa,104
tacgccgccttgccaggcatcgacttcgacatcatcgtaatatttagtgt,104
aagtcctgttttttcggcatttaacaaagaggtgtgctattagaactggt,104
tgcaaaaaattttgtagacaagtgctgcatgctcctgcagcttcgaaatt,104
gggatctgcggatccttgtcgaatacccaggaacagataagatcgtgttc,104
atggttgaagagaattccgttacaggcgtacatgccgtaggattcacggt,104
tcttcttcaatctgatctttggtgaaggtatacggggtatagtcttcttt,104
ccggcgcgacggtttgcccaataccagggatgaagtaaagaattagtaat,104
atctggtcgtggcgatcaacaaaatggatctggtggattacagtgaagag,104
gtttctttaaaagaattgatttcatcatctgttaaactaaactcatcatt,104
agtccttccagtggcgcaccagatgtacgaaccgggttaccatttttgaa,104
tggcgctgatcctctggcactacacccgtaatcgcaatttaatggatgtc,104
acaggtgtgcgcggaaaacagcgttacccacctgttttataactatcagt,103.9
ttcctggaaaccagtttgcagcgcagcggcatcgtcgttacaacatacga,103.9
cgagcggtaaaccgttatcacctggagccagttggcgtaccattaaggtc,103.72
ttccagtaactggtggctttttgccagcaccataccaatactgcctttct,103.72
ggctttttgccagcaccataccaatactgcctttctgatagcctatacgt,103.72
gaggcttctttatcgcctttcgccgcataaattggcttaatatcaataga,103.72
gagttgatgtcgatggccgttaacgcttcggtgctgtcgataacaatgga,103.72
aagggctgaccttaaaagctgcggcccttgcgctggggtatcttagcgaa,103.72
tactgaaccgtttatggtcgtgttcattcagatgtggaacaatttcctgt,103.72
taggtggtggttactacctgtggaatgacgcaacggataaactttcaatt,103.72
cggcagcggtacaccttttgagttgggcgggggcggcatatattgtctgg,103.72
tttctgccagtcgctggaagaaatcacgggcgttgaggtattttttgcga,103.72
gcagtatgttgcgggtatgggcttctcgaatgttgggttagggttggtgc,103.72
ctgaactgggtggcgagcgtatcgatatcgtcctgtgggatgataacccg,103.72
ggaggcggtgtggtggcaacggaagtctcgcccgtggcatcgtttaacac,103.72
accgtgctgacgccgctctacatcacgctgatttatgacatcatgagtaa,103.72
cccgcagtatatatcgtgaactgggcgcaacgctgagttacaacatgcgt,103.65
taataatcctgaagatgtggcgtacagtcggactatgtatattgtgaagc,103.54
aacgcgcgactctctgcccgctcggccgcaggttatgccaaactgggtaa,103.54
ccttcatggcggatgttggttttgcatgtgaatagtgctttagtatcaat,103.44
aacgtttcaaaggtgtaaaactgtacgaaattatcgatattgtttccctt,103.44
gaaatcctggaagtggtgagcgactgtccgcagtcgatcaataatattcc,103.18
ccgcctgcggtggcttcatgtagcgtggcgcttcgggtaccgttggtaat,103.16
tcaccaccttccgggcatttttgcgttgggcaacctgtaaaatgtagcgg,103.16
ttgatatccaacaggacatcttttatcggtttgtcgtagtcattcgggtt,103.16
cactatgatgagacgctcgctgtcgtccgccactgggataacatcgaagt,103.16
cccagcgcctgcgctttttcctggtcgatatcaatcttaaactgcggggt,103.16
tgttgagtattacttcgcgctggaacgttgctgccgttaccatcctgact,103.16
tgaccatttatgacatgtgcaaagcggtgcaaaaagatatggtgattggt,103.16
agagttactgactggataccagatccccaaaagtaactatattgttacac,103.16
cacgccatgatgcgcgatctggccgagcagttccgcgctaccatgacgct,103.16
attggctttgccgacattggggaaattaataaagtctttaaaattatgat,103.16
acgttacgcagcggtgggctaagaatgaacttcatgccatcttctgtatc,103.16
gaaaaaccgtataagcggatcatgctggttggtggcggtaatatcggtgc,103.16
tccgctgattactgttggcattctggcgcggatgttagccaaaatgaatt,103.16
tggggcgcatctcggcgctcacctttgacctggatgataccctttacgat,103.16
gtgaggctgatggcaatcgccgggctcttcctgcatgttacactggtact,103.16
ttggttggcaatcgctggtgctatttctggtgagtctggtaatggtactg,103.01
atcttgtgcattcgctgccaaagatgtggtggtggcggtaggatcgaatt,102.94
tatccggcaatgggtgcattaatgtttgctttagtcgtcataatgacaat,102.94
catcaatattactaaaaggaagtatttgcctgaattatataagataatta,102.94
ccgcgctattgatatgcacatttccaacctgcgtcgtaaactgccggatc,102.94
tcgtaaacaccaatagtggtgattaccgaaagttgctctataaatacaat,102.88
ttcgtcgatggcgataccatcgatggtttcattcgggcaataatgcatat,102.57
gtagcctgggaatattccgcgaacagtggctggcagattactatcggctg,102.57
tcgtggccagaatttatcggtacgaccagcggttacagctatattaaacc,102.57
ttcccagagtaatgattggcgcacactggtttactgacatcattgtcggt,102.57
tcacgttgtcgtgaatggtcatactaaaattggccgcgataatgagattt,102.39
gtactattggtgtctagcacatacttacagttttcaggaaaatggaccag,102.39
gcacaatggttaacgtttcagtcagagggaatgatggcattcttgaggtc,102.39
gttggcgcacaatgcctgatgcgacgcttaacgcgtcttatcatgcctac,102.37
acacactaataacaattgaataactcacagttatgtgcagagttataaac,102.32
aagcgataaaaataaacgcctcggcgctgatccttgcacataatcaccct,102.32
tcaaaatttgatgccgttgagccgcatgctgtagcaacactatcatgtat,102.32
tccgatatagattcctggcgattgaatgtcagttattgtatcgtatgcag,102.23
aaagcggtttcaataatgttctgtaactgctgcattgttaaactcttttc,102.23
ctgcggactccaaatcttgaaaagatctgccaggagatgaatatcaagac,102.23
gcagcatttaaccccttgtaattcattgccataattgatttaattcacaa,102.23
ccccggcacgaatcactacttaacattaaattaacttatacaattcagtt,102.23
ggcaggttgtgccattgcaggttctccgttgttttacttaggatgaaata,102.23
taatgactgcgtgatgctggcgctggcggagaaatggcaaaataattcgc,102.23
tcaaacagcggaggagacataaacccctcaaagcaacgtataatcagtac,102.23
gcttaaatacagagcagactgaaggaaagcaaaatgctaatctcatagac,102.23
cgcagccattgcgccctcctcttctctccctccccgactatcatttaatc,102.23
aaaactcacatcaatgttgccaatacataacatttagttaaccattcatt,102.23
ctctgtcccatgtcagtgattttctgagttctgacggtaaactcaggaat,102.23
cgtatatctacaaatccagacatgagatgttgcctgttaatcttactcag,102.18
cactggcatgatgttggtgcagcactgcgagaagtgaataggatattgaa,102.17
gatgaaaaatattctcgctatccagtctcacgttgtttatggtcatgcgg,102.17
attcatcgaggattgatcccatacctgcgatacaggctacgataaatacc,102.17
tcaaattaaaactctggtctgacttcaaataattatcatattatttattt,102.17
ctcagaaggcgctattaaattatgagcccgttggcggcgatatatatagt,102.17
aacgcgatctggaggattctccggtacgcatcacggcctatattgaagat,102.17
atcacggcggccgtattgcgatgctgggtattccgccgtctgatatgtct,101.98
cgcaaacgaatgtagtggtcgacatcgcgggcgcgggcaataatctgcaa,101.76
ccaacaggctatggcagcggcaatgcaggcacaccgctatgatctgcaat,101.69
cggtatgctctctcactggatggttattaaagacggtatcatcagcaact,101.69
cgcaaagtgtagggagtgaaattagtgttgtgaaacggtaatatttgatg,101.68
atagtggctgatatcttacgaatttccttaagcctctataagctgtagtg,101.63
actgccgtaatggtttcctgttggacggcttcccgcgtaccattccgcag,101.55
cttcctgccgcagttttcgagaatggtcactgcgtcggtataatccacct,101.55
tgcaatatttccccagtcatgagccattgactacttttatattcaccaac,101.55
atcggtcagtttgccccattgctctttcactttacctttaaactgtttcc,101.55
acaacaataatgtctggggggcgacgtataacacccgtaataatgtcacc,101.5
tgattaatggtcgtctggcgattgcccgcttgttggtcgataacaatagc,101.39
ggaactggcgttaaaagatgacttgccattgctggatcgtattatttccc,101.26
cgcctggcccgtggttttaccggtcgcgacaaaattattaaatttgaagg,101.24
agaatctacccacgggcgcgcctgctgccagaactgtttacaatatgggc,101.24
tgccaacgctgccattgaacaacgggtgttgaatctgttaaagcagggct,101.24
gccggtaaaagcgaccaccgagccagacggcagccgttatattgaagtcc,101.24
ggtaaaccattaactcgcgcgacggacaacgcatcggttactgtaaaaga,101.24
tttatcacgggcagaaaggccattatggcgtggcgctgctgaccaaagag,101.24
gtgcgtgcggtgcgcgaacgcgtcggcaacgacttcattattatctaccg,101.24
ggtttagtgtagctacgcatcaactgcgttctgtcgataaactcatgggt,101.24
ccagcactgatttgtattggcatcggcctggcgtgtgtgaatattgctga,101.24
tgatggggttatgaccaacgccagactgcctgatgcgctacgcttatcag,101.14
gttgttatcaaagcgttgctatccagcccatttgcataaaccattcggtt,101.06
tccccagactacctaacgcaaaaattgtcaggccgattaataataccggt,101.06
tgctggctgccggttacgaaattagcgccatttttacccatactgataat,101.06
atgttgtgcggataaacacctgctattttaatatttgttacagttgctaa,101.06
cgcgcgaacagtcgctgatcgaccagggcaagcgtgtcatcgttggtgtc,101.06
tcgacgttggcaagctgatggatgcctttatggaagccgataccttcttc,101.06
gcgtctttatgggcgtgcaactggagctggatggcaccaaactggtggtc,101.06
agtcgttgccgcagttgacgcgcttggcctgctggaagaaattaaaccgc,101.06
gcattggtgagagcgttcgccagcagctcgccactgataacattgatatt,100.98
gcacgttgaaatcaaagcgcggctgaattccggtatggaaaaattgctgc,100.8
atgcgcgccgcgtcgatttttccctcgcacggttgcgccattataccggt,100.8
ccttttaggggcaatttaaaagttggcacagatttcgctttatctttttt,100.8
agatgttagcgcaacgtgcgcgtggcgaagaggaagcgcatcatcacagt,100.8
gtcaccgagatatttttgctttcgccgcgcaggtcgttaactttcagaat,100.65
accagtttgggcagtactttgcggtagataacgttctgtatcatgaaaag,100.65
tatgtggattttgatatcacttatgcaaaaaattcattaataatgtagga,100.65
tgtccttctcgttttactgaaagatttcataatcgttttaatataacacc,100.65
gtgaagtggtggttgccaaacgcagtggcgcagcaggttattatgtggct,100.65
tccgcatatgcacaaaatggcaccctgatgagtctgatagactgcattgc,100.65
tctcttgcatttctttgattgatcccactgcatatcctattctattatct,100.65
tgtttccatcattatcccgctcattgcctgaatgatggtatcgtaggcag,100.65
tgcatctttatcactcctgggtgtgaattaacgttttaaaatcttttgct,100.65
cacgttgtcccagagatatcttttccatgtttttctgatatttatagcct,100.65
tgttgtgctgagcgcggaccagagttgatgcaggcagttatgctgcggtg,100.65
tagaaatgaacaatatggtcatgcgtggtgtgcgcagccagaatgatgtt,100.65
ccctgtcctggctgcattatgttgagatcgtagtcaggtacaatggaaaa,100.65
ttacatcaatcagttgagtcttgttcataagttatccttacaatgtgttt,100.65
tcagagacggatgacaaacgcaaagcagcctgatgcgctatgcttatcag,100.46
gatagtgaaataatgcggacacagtggccctctccggcaaaacttaatct,100.35
attgagcctgtacattaccttcagggcattttcactgatatctttgcggg,100.31
cgaaactcttcaacactaccctgcggatgatgcgggcaataatagatacc,100.31
cgttcgcgacgcgtgttcacttcccactcgcccggtagcaaaatcggctt,100.31
actgatggctatcttcaacaaagaagataaagaagtttatattgccgatt,100.31
cggtttgcgcgcggtgacatgaatataacgccccagggtaatatacggtt,100.31
taccttctctgccgtttccaaatcgccgctttggacataccatccgtaat,100.31
aactggcgttgctgacggcaacgttgataaaccgtgttataaattcgccc,100.31
acaaaactgagagtatcagcggactgcatcagcacgactattatgaattt,100.31
tgaagttcacagtcacacctttcaccggaaagccattattatcaacgact,100.31
gcattcaacttcttggttacgccaggaaaatcctgcgttttaatgatgag,100.31
ccgacaaaggtcatggcgatattgagtttctgatcgcttaaactaaccac,100.31
ggcagagatcctgatgaggcaaaataacaatctttggcatattaaacctc,100.31
gcggcgcaggcagcgtgctgcgagtcttttcgaatgataagattcaggct,100.31
cccggagatgtcggtttacatttaacaactgccattgtattactcctccg,100.31
atgcggttgccagcactgatgtttgccaacgttggtggaaatatatgacc,100.31
ggttactatgattggtggaaatttggcccattctggtccaggatttggca,100.31
gcatcaaagacaccatcgacagcgttggtcacttgcgtacgatgatcaac,100.31
attatgcggccacggttgctcggcgagtaaagattcgcgatcctgtggcg,100.22
gtcgtcttcggtggcttgacgctgttcttccacaatgatgagtttattaa,100.22
gtcaccaaaatcatcataccgactcctgattcaaatgtatgatggtattc,100.22
ataaaaaaagaattatatcataaatattaatagaatgtatactgtatatt,100.22
ccctgtgagagcgaatattccgatatctggttattaatttatgattcttg,100.22
gagtcataagaattcgacatcaacgtttctcgctcatttatacttgggtt,100.22
tgccacaaattcctaaaatatgaatgcgcatacgtcactatcctttttta,100.22
ttgattatttttgcttgaaatccctctcgaatgaacttacttatcacttt,100.22
caaacgtttcatcgtatcgccccggccaagattgagcttaatatcgttat,100.21
tcgtgaccgatggcgtggtgaaaatccgcaatgcgaagtataagagcgat,100.21
tagccagaaaatgacggcgaatttacagcctggcgaatacgatatgacct,100.21
ctgattcgcgggtcgaatggaccagccggagaggggtattatgttgcgcc,100.21
taaggctcgctgtgagcattgttcaggtacgggattttataatgtattgc,100.21
aatgggccgcgatatttgcccgttttggcgcgaaactggaaaatgtcagc,100.21
ttatacacgcattcagtgaccagaagtcccggatgtaacagactgatatc,100.21
aatgtcagtgccaaaggctgacaataaccaaagcagctatagtacggtgc,100.21
atcctgacagcgacgatctgagccagcttcgttatggcaaaatctgtatc,100.21
ctgtgcccagtactgctgcaacgtggtctgtctgtcgttatctttaacgt,100.21
gtattagccgataatgtgttaattgcccctggttctgttaaacctgatgc,100.21
atcgtctcaggattaataaagcgatcgtcattgggattgataatgaagcg,100.21
cccttcaggatcttgctcgataaatttctgaaacgagtcaagctggatag,100.21
tgatccttaacccggagacgccagttgaggccatgaaatactatatccat,100.21
tataatcacattgagcagattgcgccaaatatacatgttatgttcaagtc,100.09
ttaaccggcggtggttgaataccgcccggtcttaaaggagagtttatcat,99.94
taactctatcgcttccagccatattctggctctgaactacgatcactggc,99.92
ccgcctgaaaggtctggttaaacgtcgcttgttcccgcaaattactctgc,99.9
taatgcccttttgtttggcctgggcaatgtaatcacttaatgtgctatat,99.73
tcttcatttagccatgcctcaactaccgcttcgggagctttaatatatgt,99.73
gactcccctgtttcgcttgcatccccggtgagttttgccacccttataag,99.62
tcaaaaccgagcgtttgcaactgttcatcggcaatgatttgattgacgat,99.53
cgcagttaaaaatcaagtttccttgcgcgttggcgcgtaaaatagcgcgc,99.26
tgccgttggcggattatggtggctggtggcagtcatcggtaaaatgccgc,99.26
gtgcgctctgacctcgcatcatctggcgtgatgttctccattgataccga,99.26
gcgagcgggaccgtatttttgcccattgttatgggctgtatgatgcacac,99.26
tttcgattatctgcttaatcagcgcggcatgttcagttataccggtttaa,99.26
ataaatgctggccagttgcgcacagatatcaatcaggcattaaatcgttt,99.13
ttaggagtggtgtacaactaaacctgcagccaaggatgtatagtgagcga,99.07
ttttgtcgatagcgcctgggtcgctggggtgtctgttgtactctggggac,99.03
aaagtcctgctgcgtgaagcggcacgaccggaaattacttatcctgacaa,99.03
cgtgcggaagccgtttgcagccaggatgcaatggatgacatcatcctcgc,99.03
accgcaatctggtttgtatgctggagttgcaaatcaatgcatactgggcc,99.03
gatattcgctctctggcgggtgcatttaagcagtaattaaaaaaaccgct,99.02
gcgcacgcttcgcaattgatttctgcgcttaaattgccaatcttaagcag,98.97
tgagaaaccgcgcacgcttcgcaattgatttctgcgcttaaattgccaat,98.97
cggtaaagccctggcagataaccttggtgtttttatcgattaaaatggac,98.97
aactgataattttcatttattgatctcacatatttatccaagattagagt,98.97
gaataacggaagagtacgccgtctggcctttcgcggagataatactgtct,98.97
gcaacacgcccgcagagcatctgaacaacttctactgtaactttgaagat,98.97
ttattcagcatcactattcaggaggctcaatagcggggtactataccata,98.97
tttccaaaactagatttagtccacaaattgaacagggttatcatgtaaaa,98.83
aagaaaaaagcctgtttgttttctttataactttcgttatatttttttgc,98.83
atcacaaaaaacatgctgaatatatcacctgtgccgactatcatttagca,98.83
ttaaactgtttccagttaccgccggcttcatctttattcataatcaagac,98.76
gtcgtccgctggttgatgactatgttgttgatatcccgcaagatacctgg,98.74
gtcagcatggctgttgttatgttcgccatatctatgtgaaaacagaaggt,98.74
catgttgaaagcagtggcgctggcgtttaagaaaatgcatagcattaatc,98.74
aattcaaaggtgttggcttcctcgaagcgccgcgcggtatgctctctcac,98.74
cggaggcgctggtaataaactgcgccatgatttggccgatgacgtaagtt,98.74
cgctggtgccgccagtcatcaccatgaccctttactttattatcttcggt,98.65
ttgttcatgctgccaccagcctcatcacttcccgacgttacactaaccgt,98.65
gagacgctgcgcaccttgagcaacatggagtggccgggtaacgtacgcga,98.65
gtgatttcatgctgtctcggcagtcgtgggatgcgacgtacaatgatgct,98.65
gggggttcgacctggtttataaatagtgtggcttttgtgaaaatcacaca,98.65
ccggcaagtactgtatggacaccgttacgatggcgggtatgctgggcgag,98.65
caatctgcaaggtttcgcaggccaccaggtaacggtcgataatattgagc,98.65
cgcccggcaccaagaccaaacggaatgagtggtgcgataaaatcagagac,98.57
tatggccagctgctgttcgcgagagcgtcccttctctgctgtaataattt,98.57
gccagctgctgttcgcgagagcgtcccttctctgctgtaataatttatcg,98.57
gcatcagcaggcggtcttgctggatctccgccagcaggataccgtcggtc,98.45
tttttggtacgtatgtactgcgtgacaaaagcaccagatataatcaggaa,98.45
aatgccagaattacataaactcatgccgccacttggtgtattattggacc,98.45
catatttgcggcatcgttttgcttgctggtcgtctgatgcattattacgg,98.45
tccggttatttccgggataaatgtactaccgcagttactatcatagcccc,98.45
agaaccaacatcacgtcgataaacggcgtcacgttgatatcatgcatttc,98.45
gcccccagttaagggtattttcgatgatcccattaacgtagcatggctgc,98.45
ggtgacagcttttcgctgtcgatacccgccagcacagcataatgtttaat,98.41
tggtgaaggcgtaaaaaatgaaataaaggcaatatatggtagtctggatc,98.41
acgttaaagtgtttggcgagatggagttctggtttgccattatcaaagtt,98.4
cggtgaaggtcttgagtgccggactatcgaaacgagcataaagtagatct,98.4
gtaaagactcactgattcggtagggcgcagaatggcgataagatcgacgt,98.4
cggttgtcgatattcagagcgacaaagccgcaaatgtggcacaagaaatt,98.4
acaaagccgcaaatgtggcacaagaaattaacgccgaatatggtgaaagt,98.4
caacgcatcgaaattgaacatttccgtaatgaggcaaacaatcaggaacc,98.4
acggaaaccgtggcgtgtttgaacgctttgttccagttaatattaaggtt,98.4
tggagaaggcaaaatgccgctgcgggaactgatgcgcgatattattgagc,98.4
gcgggatttcagcagcaactcagtgatgattttcagcgtacagtggagcg,98.4
tggttggtagcgcgttacaaggacgcgtaatgctggtagatgatgtgatc,98.4
ggacgcgcgatccgtttacactgacggagcatgacggcaagctttacggc,98.4
gtgccatttgatgacggtcgctggacgcgcgatccgtttacactgacgga,98.4
gataccgccgcgcggttgtttgacagcggcaaatcgttttatatgtgcgc,98.4
caacttctaaattaatccagatcaataaagggtgaattatcatatgtaat,97.85
aatcttagccgtaagcaattgctggaggcgttacgttaccattatgcgtt,97.68
ataacccgaaaaagaggtgacatatgccacgtcagggttagtgtgttcgt,97.68
cgcgtttaatcctgaagccgtggtgaaagtaaccgatgtattattggcaa,97.58
gttacgcatcgcctctttcggcgtgccgctcagattgttagggttgtatg,97.29
agtagcggtagccagttgatcaacatgtagaccaccagcagagtgaagaa,97.29
aatacgaaacctttgtgcaatcgaaagaaacgtcgtgctatctctatacc,97.29
gaggcagaagacgcgctggcactggcgcattttcagggcaaaaataattt,97.29
cattttctctattttccttcagtaacagcagtagcgtataaaataaaaaa,97.29
gcctgaacgatatcctggcaaaagccttcactttgcaagatgatggcgcg,97.29
gcagtctccccccgaaagcagtcatgctttagatgtgcaaaaattacgta,97.29
ctattatgctaacattttttattggcgatttattgcctattatcgtaatc,97.29
atgtaacccccggagtacgcgaaagagttgctgaacgatactattgagac,97.29
aagtaatcacatcattttcagtcagttaactttcctggagaatctctcat,97.29
ttgtgccacaggtaatgtttcttcaaccggaatagtaataaattgattag,97.29
tttcaacgcagcactacacacagattggaacacgtaatattaatatgact,97.29
cggttaaatttatatttttcaaaacatggaattgtccataccatttattg,97.29
caatcatcacatcatcttctactattgcgccatcaagtaaaattgagccc,97.29
gtcccaatattctccatgactatctgcaccatgagtatgataagctgata,97.29
ccacgtttcagggaaaacgagacatcattaactcgtttaatatgacgatt,97.29
attagcatcaacagctttgtaatagcgtctgccccgattacgctgaactt,97.29
cagacccactcggcgcgggctatcacattattcagtctaaaattgctatt,97.27
tcctcgattttcctacgctacgcgggggcaggtggatgagaataagcatc,97.27
catccacaaaacggctggatgcgtactgacctttctgccacgctgttttt,97.27
aagctggtgacggtgtgggccggctggtcaacgcgctggtatggtgagtt,97.27
ttaagtgattacattgcccaggccaaacaaaagggcattaaactttttgc,97.27
agagtaggcacctttcgcttttgccgctttggtgatggcatcattgactt,97.27
caaccacacaggcatcgtgaattttaggatgctgcaataaaatatcttcc,97.27
gacatagcgcaaatattcccttgcacaaaacaaagtggtaagtatgcaaa,97.27
tggtagcgatggtttgcgccgatgtccccgcatgaggaataatctccacc,97.27
actgcgttttttaatggccataacaattatccctgtcgaatattactgtt,97.27
catcattgctcgccgttgcttcaggtaggcagcctggttataaacgcccc,97.27
gtcgcctggcgggttatcgttacggtcgtcagattgccgatgattacctt,97.27
cgcagagcaggcgatgtaccgtgaattgtttgaagaagtaggattaagcc,97.27
taaagcccgccattttgaagatacgcggcgcgtagtacatgatgatgttc,97.27
ttgcgtagccttgcatgatccaggttgggattttggtgtaaccttcccat,97.27
atcgggtaaaggcattagcccgacgaatacgtcgggctacaaatattatt,97.27
cttacagcctggtgtgcattctggcggttatcctgtttaacatcgtggtt,97.27
gcgccggtctggcaactgatgggcggcctggttcgcgacaaaattaaagc,97.27
aaaacaaaaacagcgtttcaaaaaatatacaacttgttagacaataaatt,97.26
agtgtgtccggtatttgccgcacgcaccactagtgcgttacagatcaatg,97.26
ttcagggcagcgttatttcgaactttggccgcgtgtgattaacttgcgcc,97.21
ccaaaggcgaagctatgccgatagcaccaggcgatggttatactgtgtgg,97.07
gtgttgtacaggaggatcgtcgcaccattgccgcgatcgtacacttcacg,97.07
atttgtggaatgtgcggcaacatcttcggtgcctgagcgatgatagtgac,97.07
gtttttcttgatgagaagctgatgcaaaattccgtctttataatgaaaat,97.06
tttacgtcattaaattcacgacgctttaaataagcgtaacttatggaaat,96.97
acatgacggaagtctgccccgatgccaccatgctcaactatgttaaccca,96.8
ctctctaatttgccgtttgaaaatgtcaccagatggacatatttactctt,96.6
taacaatcagtattttttatgaattttatccgtggttaatactggttttc,96.6
ttgtaaagcctttatcgtttttttatgctctggattaatataatcactac,96.6
gggcagttcgagctactggagcgcgccaaccataagcttaaactcatggt,96.6
aatggaacaactgtgtatcctgctggtgctgtctatcggtatcatgggct,96.6
ggtaaaggtattccgggcgtaccaatggaacaactgtgtatcctgctggt,96.6
aataaatgtcattctcttttccttaattaatgacaaggtaaaatcaggcg,96.6
acctttaccgcctgttgcgcgctcgaccagaatatgctcacttaactgat,96.6
gaaccaccatttcgttttacaagtatttccacatcgccgatcctaaggcg,96.6
cgccatcctgaacgctgacttctacaccaacaatctggtttaattcgctc,96.6
ataaagatccatatggtttgcgccttcaacaatgtgatagcgtttatcct,96.6
atgatctccggtcagagatggaaaccctgcggccattacagtaaggtgtg,96.6
tattaatccatatcaatagaagggtatgagtaataaggtgggattatgtt,96.6
gctatgccgtcaggcccttcgcccagaatataggctttataatgcgcgtt,96.6
acaatcaatccgaagtcccacggcgcggctgcgggaggtacaatccaacc,96.6
tccatgccgcgtgcgcttgaactggaagagattccaggtatcgtcaatga,96.6
catgacaatccacacctgactctgacagccctgaatgctattttgtggac,96.6
cggccgcttttcgcctgtagccaggctctgaaattgatatcgttattgcc,96.6
gacccggtgaccgctttcccgcccattcgcgtttttggtacggtggggtt,96.6
attatcaaacgtccattgctctgcgtgcccggtaagcctatgctgctggg,96.6
aatcttcatctgtttgtatggatatcgcttctcgggtattgttctcaccc,96.6
cgaaaccgtcgccgaagacatttggtgccgcatccttgatactgtgacgc,96.6
ctgccggcgttggttttaatcttaactcattaggttcattatcttttgat,96.6
ggttccatatgacaacacaactggtaaaacgctttgttatgctctttctc,96.6
tcactcctgctcccttcgaggtatgccgcgtgtcgtataaaactttcttt,96.6
cccttggcgtcaaagaccaccgctgcatgcgtcggtttatattgcatgat,96.6
aaaatatcgtgactctgtactctcccatcaactgcgaatatcatcatact,96.6
catatgatgctccttatggtgacatcttgattaataaacatactgaatat,96.6
gaaagctgcacctacctaagtagtagcaaacgcacactttttagaaaaat,96.45
ttccagggcgatcggcacccaacgcagtgatcaccagataatgttgcgat,96.28
tcaaattagcggatgaaaaatatctgccatgacacgctattatttgatct,96.21
taacgccatcgtgctggaagaggtcgcttatatggggatattctgccgtc,96.21
ctgtgccgtgaacagtcgacaatcccggtgatcacaggtggtataggcgt,96.21
agacggaagtgactgccctggtcgtcttcgagtgtgatattgctgtacgt,96.21
tcggccatctcaactttcttggcacccagcgcttttgctacttttttaag,96.21
agcatattctttcctgttcaaactggagagaattgtactacagtttgaac,96.21
cctgatcatttccggtttgcgttgcacgcagacactgctgataatccagt,96.21
gcttctccaaaacgtgttttttgttgttaattcggtgtagacttgtaaac,96.21
ggagagggaactgccagtgcgttttacaggtgtagcgttattatttcggt,96.21
gtgacgtcaaccgtgctgacatctgttccgcaatcctgcaaattaatgat,96.21
ccgtagccctgaagtgttgctggcgatggtggatgttttactctgttacc,96.21
cctggggtgataaatttgagtttatagttttctataacataattaataat,96.21
caacctgtatcagcgttgcggtttagggatcacatgctaaaaattagaac,96.21
ctgacatcaacgaactgataaggaatatcagccagtgttagcatcagctc,96.21
ttatcaaaggagcctcttatggtctttccatctattgctataatttcacc,96.21
caggtacaaaaatgaccagcggtgcaaccagctgcattacacttacacct,96.21
tcattttcttctcctgaacgcgaggtgttccatagcgtaggcttactgat,96.21
aagactatgaactggttgtgaaaggagtccgtaattttgagaataaagtt,96.21
aaaaaatgcgatcgctaaaacaaaagtgcaatttgcggcaatatagttat,96.21
catattgttaatttcttcactttccgctgattcggtgccagactgaaatc,96.21
atagatataaaacccttatatattaatacgattgtgcttatgttgtttat,96.21
ctgatttacggcatcttgtcgctgttaaaaaatcaggcacaatttcttgt,96.21
cccgggaagcaacgctggcaattaccctcgacgtaccggaagatactgac,96.21
tgtgcagttattcagtcgttttcttatcgctcaccattattcttttagac,96.21
cgcatatctcagtgcaaccctcgcagcatgaaatcccttatccttatgtc,96.21
tgcaaatccgatactttcggtgcagcctgaccatagataacattcatggc,96.21
agttttgagcgtggctttattgattacatcaagcatggtaatgaacagcg,96.21
gcggataaattgcaacgatggaaattagcccaagagcgcataatagagag,96.21
tttaatcaaggaactggtgactctcaccaggggctatataggatatgcct,96.21
tcagtaaaatggcactggaagtttgggtgtgacgttttaacatgtaaccc,96.21
atcatatatcccgaattgacaggcttaaaggaatcattgagtctacactc,96.21
caattattaacctggtcgctgattctctatctgtttgctagtctggcttc,96.21
ccgcagccgtaagttttaaaacgcgcgtcttcaatgataccttcatcgtt,96.21
cgcatgttgtaactcagcgttgcgcccagttcacgatatatactgcgggt,96.21
cttttgtgctctgacttccgccatcaatccctatgatgtattttttcgac,96.21
caacgtttctggattttttgcgcacgcattaaagccggtaaactacgagg,96.21
ttgcccgccgcgtcactgacaaaacccatgaccggagtgacaataccgcc,96.21
cgtggctaaaaacctgttatgacgcgcaaaacgatgccatgctggatgac,96.21
atatcgattaagtaaaacttaaaaaatacattgcaattatactttcaatt,96.21
aacaatcggtttgcccgcgcagccgttcgccagtggtttatcttcaatac,96.21
acgaattgtaaactgagcactttgttgagttagcagtaaacttaatgcct,96.21
aaacatttatcaagcggggtacgccgttgcgacgaattgtaaactgagca,96.21
ataccgcaaaagccctggcagctggcgctgatgtcgtgcattttgacgtc,96.21
cgatttgttacacattgaaatatcacttttgctgtgcgtaatatggctat,96.21
ggcatttatctcggtttccacgaggccattaaaggcattattctcaatct,96.21
tggaacagtggctgagcaaaggtggtgaaattcgcggtaaactgaacggt,96.21
ccagcaatggctatatggatgctgatcttgccgttgtttatattagggat,96.21
aagcgagccgatacattgacctgatgttgcatcatgataatttctccaac,96.21
acttcattcagacgtttacatttcatagtgatgctccttactcttgagac,96.21
tttcattgcgatttacacagaacggacgtcctgtcgcagtatattaagtc,96.21
ggtatttttaatattggctctattcattgttgcattgtagaattgaacat,96.21
ttttctttcttgttaattataaggatattttatgcgctataatggtttaa,96.21
caaattccccgaacatcgccgtgctctttggcaaattgtattgttgatgt,96.21
atgtgacattcatcgcaacaatggttgaccaatttacataacatatcgcc,96.21
tgacccggtacaaattgggtgaacgagttcacaaccgcgataatcggctt,96.18
ccgagcgtttgcaactgttcatcggcaatgatttgattgacgatagtggt,96.17
cggctcagggaagacactgtactggaggctgtcgaggtataatcgtcaat,96.17
ttccggcagatttcgccaaatataccttaacctgtacttataatgatctg,95.91
tgacgaagttgcgtgttgaaggcactataacacgatgctagtatttggca,95.91
cacacctgccagaagataataatgctcgtcgcttgttgtatgctttcggc,95.91
gccattagccatagtattaaaacactggaacaacgtcttaaaattcgctt,95.91
aaaccatgatgatggcgcagcgtttgtatgaagcaggctatatcacttac,95.91
cctcgcgggggatattgatatcaccgaatccttcccgaaaaatatgtatc,95.91
tttccgttctcattatgctggtgctgtggaatgcaggttacattatccgc,95.91
ctcacgatcgctgtgcgatgaaagtgggaacggatggtattttattgggc,95.91
aacgtaagcgtctgctcctccttctcaccttgctctttataattattgcc,95.91
tttatcagcaggccgccaccagcagcgccgacgtgatttatcttggtgaa,95.91
tgaaaactcaataaattgcagaaaccccataagcctgataaacattgtgc,95.91
gacgctgacctacgcggaaacccgccgtctgtatggtaaagaggtttacc,95.91
tggagagtaataaaaagctttatccctggtcgcagtttattgtcgatagc,95.91
ccagacatgagatgttgcctgttaatcttactcaggaaacacttttcagc,95.89
ttttccagaagagcgcgacgccatggcgaggtggaggctaaaataagttt,95.84
tgcaggcagagacctcccgacttaacactgtgctggattacattgacgcg,95.84
ctttcaacttccacatcccgcgcccgctcattcacttcatactgatagtt,95.79
cccgtttcctcggtcgtaacgacaccgagcgtcgaattatgattaactcc,95.79
ggggattgcgctgcattcattgatggacggaaagctacgctacagtattg,95.79
ccacgttccggcaacacaaacaccggcaccgggaagtcataatctttagt,95.79
cgggataacaaaactgaaacgtgttccttttcctactgtactctcaatat,95.74
ctttttccatcttttcttcctgaggtaatttttcagcataatctggaaaa,95.74
gcttcactaaaaatctgcgtcatcacgtagaaaatgccgatctattgatc,95.74
tgatgttgccggttagcgaaattttaccgaaagcggcctattatttgatt,95.74
ggtatagcggaaagtaacgcctgcgcgggcaaccaggtcaaaatagtttt,95.74
gaacatgtcgtcgtcattgatggacaacttgatctgtgcgttgatgggga,95.74
tcctcaagtcaaatgctcgataaacgcgggatggtgatatggtcgaatct,95.74
atcttcgtcgtcgtagccacgacccaggtttttacctttagactgcaggt,95.74
cgttcgccccgtttgttgcgggaatgggccacatgtcgtaccgtcatttc,95.74
gtgccttccagggcttctactgcgtcagcaacagcggtaatctgcggaac,95.74
taatttcgattcggtgtccatccacacgatgtagctgtagcgtgtaccat,95.74
gattcggtgtccatccacacgatgtagctgtagcgtgtaccatctcgggc,95.74
tctcgttaggcgaaatagagcgtgcgttggcggcgggttacaatccgcaa,95.74
ttccagcgttggtttggtgtgaacctgatcgtttcccgtaagatggtcgt,95.74
ttctcgctctgggcttcttctccagcgcgatctataccaccatcatcacc,95.74
ttgttgtcagccccttgatctccagcgttccctgctgccagcttatcgtt,95.74
actcagcgaaaaaggtttttatggactggctttcttcttaagcttgtttg,95.74
catgcagcggcagattgcgttccgccataccatcgataaagctgtttacc,95.74
tcaacatccagcacccatttcaccttacgggaatccggtattgtattgat,95.74
cggaagttttcggcatcctcgcgcggcataatatttcggtagacttaatc,95.74
attgaagataacttcgttaatggtcgcccggattgggataaagtgggcgc,95.74
cgcggatgggtgtgatcgaatttctgttagcgttggcgcaggatatgatc,95.74
aaatcggtcgatttgctcacggttgaaacttttgctggtacggtatgtga,95.61
cgcgtagcaatgttgccttttttttcgccatttactgatactatcagtga,95.61
agggaacggtatatgtccctgccgctccgggtggaattactctgtacggt,95.49
gtgtatcgccagcttttgcaaacgcccgcgccgatgcaaaaattaaaagc,95.49
gcgtgataagccatgaacagcagatgcgctttagtcagtaagattatccc,95.49
tttcataaattacacacgggcagataagcgaaaaatgccataatatccgc,95.36
aggtacaaaaaactctcatatagccacacttgtagaccgaaaatcacgtt,95.3
tggatattacctgtgactctgacggtgctatcgaccactatattgatggt,95.3
catcaatcatctgttctccaatgactagtctaaaaactagtattaagact,95.3
ggaagctgtaccgttaccgatcgctaccagttcaacgttatgtttttcac,95.27
gcagccatggtgtacatacgattacgggagattttgccgaggatatcttt,95.05
atcaggtgccaaaatatgccctgactgtcggtgttggtacactgctggat,94.81
gacctacaaagttatgaaaattcgatgaatagtatgttatttgtaggcct,94.76
acggcggaagtttgcgagttgaagaaaatgacttcgcttataataccact,94.74
gtggacataggcatctccatttttgccggggttaggctaaattgtcggat,94.74
cgtagccaacgacagtacctgaatatgcaaaatggtgctaattttggccc,94.74
ataaatgcggcaacaacaattcatcaaatcctctgacataaactgtttcc,94.74
gatagtactcctgtccggcattgttatcacaagtagactacgcttatcac,94.74
ctcatgttgaccttggttgtaaagagagagcaggcgttattattttcagc,94.74
tttgcagcaacaggttgacttcattggcttttacaggtttcttcaccgtc,94.7
ttcaaaaactgctcagtgagaaatgtaaaaaccatgttaaacatgccagt,94.7
agtctctcacaaacgcgcctattgtcgcattttggtatacgatagcgacg,94.42
taaatcaaactcgtgcagcgtatcgcaggctgcggcgatatcatcggcat,94.41
tctccgacttctaacgtttgtaataaaccggattgatgaataatggagat,94.36
ctgatgatttggccaatgctggcgctggcatggatgtttaacattgtgga,94.36
tattgccattccggcgctcattttgtccgcatggatgatattcttcgccc,94.36
cgcattactaagctggcgcgtgaagctgtagaaggcgctaagctgtaaaa,94.36
tcgctgagatgcgtctttattactacccaccagacagtaatactgtggaa,94.36
acccgctgaacggcacttccgccttcagtcaactctgctaagatttcaat,94.36
gcgggcctgcaaggtgccggtaaaacaaccagcgttggtaaactcggtaa,94.36
cgcataccctgcaactggacgctatcatcattacctgctggattatcctc,94.32
acgctcttacgatctcaacctgcggatcaaaaatatgctacccgatctct,94.32
cagaggaatatctggaagcaatcatggaggctcgtgttaccgttgctggc,94.32
gccaccagataccacttctctggcggatccaccggcgttagtatttcacc,94.32
cgcgggaatcgcgcaggcagcactaccccagagcgtggtagcctgggagt,94.32
ctgttcaacatcgcttgccagcagcacgttgtggctgtaatcgagcagat,94.32
acgtgtcgaagaaggcaccctgaaaggtgatgttgctgatatccttcctt,94.32
gaattaacgaaatcatcatgtacatcatgatgttctttatgctgatagct,94.32
acgggtgttgagtaacgcttcccagcctaattcgttgataaaatcgttca,94.32
cgtcccatcagtttgccgtcatgggaatattcgaagtatttttctttcgt,94.32
ccacaaacaaaaatgcgtaaggaaacctttctatgtctaactttatcaat,94.32
accagtatcgacaaattgatccgcgcgctggttggcgtgatcctgtttca,94.32
tgtcggggcgatcgcagaaagctggcgcttgccggcgaaacaattcgctt,94.32
aaaagtacgggtcaatcaccagaccggtattgctgcggatataatcttct,94.32
ctttcatgtcgaccttgtagtatttaacgaacagatcgataaccagtttt,94.32
tagcggacgacgtgagtaaacaaaacccagacatcatggataatggctgg,94.32
ctctcctaccgaaaaataacctgggcgaatcagtcctccgataatgtaac,94.32
gtcatttcaacaatggcggcaggtttgttgatagtgctaaaaagagtatt,94.32
gtattctgttcctgattgtggtgtacagcatcatcttctacggtttcaaa,94.32
gacaattcctgtcattttacgggacaaaaaaattccttaatactgataac,94.21
tttcatcctgttctgactccaccttttgttttctgctctacactatctac,94.21
actgtcaaaatagctattccaatatcataaaaatcgggtatgttttagca,94.21
ggataagacacgggtaacgctgttgggcgattatgcccatactcatggtt,94.13
acaaattacgccgcattggtaaccaggcggtgcacgaatatcataacgat,94.13
atcccaccaaaagcagcggctacttgatcgtcgatatttataatgaaatc,94.12
aaaagcagcggctacttgatcgtcgatatttataatgaaatcctgcgcat,94.12
tttttcgaaaattgttttctgccggagcagaagccaattaacgtttggag,94.12
gttcaagaacctgttgcaggttagattcgttaatgttgacaatattttct,93.94
gcttcaaaaagcgggttttttatcagacagatgtaagtaattattacagg,93.94
atgtatttaatgtcgcgtaagatcaaggcgatgggcattaaaatggtgct,93.94
tgcctgtttagcgccatcagtaccagggtatttactgataacctgctggt,93.94
acctgacgcagggaatatacgtcgaccttgtagatgagtaatttgaccgt,93.94
tgcgtgggagaggttattgatatcttccgaagtacaggcaaagtggatga,93.94
tatatggtttatttcgccggatttcattaagagccattaatatgttaccc,93.94
ggttgaacgaagcgctcggctaacataccaatcatggaaataatattgga,93.94
accatcacgaacaagatgcaaaaactattaaattgctgtagtcgtaaata,93.94
tgtgggattagcccgcgcgttagcgattaatccggatatattattaatgg,93.94
gagaacagagcggtctgatgaccttccgggatctgcgccataatggtttc,93.94
gcgtttttcgttcccttcatatctacgagagtatcataagctttttcaat,93.94
agcagggctacggctttgttcgtgagcatggcgacgataaagtgctggtc,93.94
gtcacgcaccttgaagcgatcaaccaccacttcaatggtatgtttctttt,93.94
ggcccgactgttatcgccagggaatatggcgctgatgtaggattggtact,93.94
tgattcgtaaaggccaaacaataaattcattatgatgataatattcatgt,93.94
tgacttaaaataactttgcctggagcgacaaggatgttaaaaaaaacgtt,93.5
tgcaccggcattggctggcgaagcgttagagaaactggtatctgagtaca,93.34
tgcttagtctcgcattgtttcagaccgacactgatgatgaaattgttgtc,93.24
ttttagccgtggttcattgcaattgttagcgattgaagaataatccccac,93.24
cagtaacagaatgcgtgtgcgtaaaccttgctggcatttaaaatgaatgc,93.21
gcgtccggattgtatttgcttaccggaattgagtgaccaatataggtctc,93.21
ctgcacctgcggtggccgataaagccgacaatgcgtttatgatgatttgt,93.08
ttaacaaaagcacatgtcaacgatgtgaattttacgccgtttaaatatca,93.08
aaactctcgtttctttgataacgatgttaatcaggtgccaaaatatgccc,93.08
catcaggctgttttccgtttgtcatcagtcttcttcgctatcctgttacg,93.08
ccactggcaatgccagcggtggcggcgggctgggtgttaagctttaccct,93.08
gcaataccattgccatgtgtctggcgctgacggttgcctattatttaaat,93.08
tagcgcgatgattgttgatctgaataccaacaaagtgatctattcgaacc,93.08
tgcagtggaaaattggcaacagcttccgtttgtttggcgagtattactac,93.08
gacgcaccaaagccacagggcgcgctggataattattttaaaattaccgc,93.08
accagctcctgaatattgctgttccactgcgcacgcggcaggctattgat,93.08
ataacggccagttcggcggttttttgaaagaagttcgcgaaaatggcggc,93.08
cctgacgatgcccaggagcgcggcatacaagatggcgatactgttcggtt,93.08
aggctgaaagaacgcgttatagcgcatctgaaaagcattaatatcctgca,93.08
ggtcacctcttccatcgaagaagaagtggaaaagctggtatggtccacgc,93.08
tacgcgtgcggcatatttttcgctttcgccaaatgcgccagtatggtcaa,93.08
attgagtggtcaacctttatggcttctatgctggtcggtaccattggtat,93.08
ccctggattcgtctgccatttcctgatttttatatttatatactctaaat,92.98
tggatggataattaccgcgcagggctttctcatcaacaacaattacgtat,92.88
caccgcctcgccgaattgaccatgaataaactgtacgacaagatcccttc,92.88
ataattgggaacgttatgaaccgaacccatccataaggtaaaatagttaa,92.88
cgcagaccaaactcttcgacaatcgcaaatatgtgatcgaatatatcagc,92.88
gtggggattgcatgctgccagtcattgcaccacgcgctatagttttcggc,92.88
cctgcactaattgtttggcaactagatataatggccataaggtatgttct,92.88
taggttggcaggcctgcactaattgtttggcaactagatataatggccat,92.88
caggcggagcgcgccattgaacattttttccgcaaaggtaatctgatcgc,92.88
ttgataccgattacgtcgcctcaatcaacaagagcggctaccgttatcac,92.88
tggcagcaatttatctttgattgaagaaatcagttgattatgatcgccac,92.88
gcgaggtaacgctacttcaaaaccttcacccagtaagttaaaacacagta,92.88
ttttggtattaaaagaaagacacaagaagatatgtctgttaccgtcttac,92.88
gaaccgattaaattgtcgcatcgtgagcgtagatctgcgaggatacgcgc,92.88
aactggttgatgcttgcgatctgattgaaaacgacgcacaactgtcgatc,92.88
attttttgatcatctgcccaacgcgccacgcgattttgttgataatcacg,92.88
agttccagtaatggcgaaatgtctcctgccaaatccaccataattacggc,92.88
cgcgaatatcataggctttaaagcaggttaattttttcatatcgttaccc,92.88
ttcccgccggtggtaatgacctcttcgccgagatcaataaaatagataac,92.88
tcgcggcgttattcatcccgataccgatccgattctgctaacgttgatag,92.88
ttacggtcgaacctagtcccggttctgcacctatgcgataaacttttccg,92.88
taggcgtaaccggcacactgcgcgcctcttttgcgccatataatacaaag,92.88
ctcataacactctccttacgttttttgtttttagtgtagagtcggttttt,92.88
atcgcttttaacgcgtcatagagcatcgcattgcgggttatgctattgac,92.88
gtactggtgtcatgggagtcgtctcagatgagatgtcctactatgtgaat,92.88
tgggcgttctctattatgacgagaatttcagtgactattactatggcatt,92.88
ttaaatgcgagggatattccggagtacgtgaattagggtaaaatgcaagc,92.88
ttttcgcggcttatcctgaccaacaacaaataaaagcgtattgtgacgta,92.88
ggtgtttcaggcgcttgtacttaccgcacaggcactcgtaatcttttacc,92.88
tggagcgccgttccccgttcagaaacgcgagaacgtgacatactgccagg,92.88
gagcaaatccgtagttggtaaatccgcacatcagcatctaccatttgaat,92.88
aaagttgtggcacttggcgttaagaaaggtcatcgcctacgctttaccgc,92.84
atactctcaatgccttgcgcagggatggcgttaccgcgcaaattattatc,92.84
ttcactgccggagattgcatccggcagcgttatcccgccacaatgacctg,92.82
aaaaacatttcgacctggcgggcgttcgcgcgccagtgcagacttatcag,92.42
gcgatggcggggattgggcatccgccgcgcttttttgccacgctgaagat,92.42
tgcagaaattcagcgttacggaaagtggagagggtgataacgttgttcag,92.42
ccatgcgcacggctcttaacgagtgcaaaaaaaccggtgatgatgtggct,92.42
agtaagcaatgtcgtgtgaagaactggaaattgtctggaacaatattaaa,92.42
gatttaaatatatttatgtgggttatgattggcgtgaaataataaaaagc,92.42
ttttgacgtggttgcgcgctatctgcgtttcctcggctataaactgaagt,92.26
acgtcgccgggataatgcgcctgcaccagttcatgcagtaaattaatccc,92.26
atcgcggacatgcatcacgttcgcaaatcgccaatcccgttaatttcgtt,92.26
gtccagctttgtgatttactcgatatcccagagagatatagtatgccgcc,92.26
gtatcattgagatgaatcgcgattttatccgccaggttatcgtaggtttt,92.26
tgtcggcaaatggtattgagcttactgcggctatttgctacgagatcatt,92.22
gtggggaatgcaattaaattcaccgagaatggcaacattgatattctggt,92.22
ccatgcataaagcgggtgcattcgctgccgcataccattattcttgatct,92.21
tgcaaattcaatatattgcagagttcacgtaggcctgataagcgtagcgc,92.21
atatttttttgcggttgatcggtacgaaaatctttaccatctttaatatc,92.21
ccgggtttgccatggctcattcctcttaatgtcctgccgatactcttatt,92.21
aagttcagtcaacgccagaaggccaacaaaaagtcggtacaatcagtgct,92.11
ttaaaactggtttaagggcataatcgaccgccagcagatgggccacggta,92.02
tttatctacaacagtatcggtattccggtcgccgccggtattttgtggcc,91.96
agccgctgatgtctccggcgtggtcaccagacggttctaaactggcttat,91.96
tcgacggcaaggacatactcaataatggctggtcatgctttaatgttgca,91.77
caccgcgtaccggttttgattgcagcggcctggtttattacgcttataaa,91.77
ttttctcataaatatttttaaaatctatagctaacaaatattatgcaaag,91.77
aaatgaaagccggctggagattttaccgtgtgaaggtacatactttttgc,91.75
tccagcaggctccaggcccacggaactcgctggggcgctataaattcaat,91.75
gcaaagctaacatgctggcgcacatggaaacccagaacaaaatttacaac,91.75
cgtaacgacggctatagaaccctttcaccaactgggttaatgtcatatac,91.75
attgatcggcggggcattacgcagaaactgatttttcagatcctgagtat,91.7
tttttcaaatcccactacgaaggccgaagtcttcacagtatatttgaaaa,91.7
attgacaaagtgcgctttgtttatgccggatgcggcgtaaacgccttatc,91.65
aggaaccctggttggttatcctgtatcaggatgaccatattatggtggtc,91.37
cgtcatttccattgagcccgccaatcctgatgtggtctatattcccaact,91.37
agcaatttccggtttcacttcatcgagcgttttaccgctacgataaatca,91.37
ccataataaaaaggataacacgaatctttttcttcagataaaataaaatc,91.37
aatttgtgactgaatcatggtggaactcctgatggtttaaaaataaggtt,91.37
atagagcatctggcgacattcgttttcatcgctcggggtcataatgacca,91.37
atggaagcctcgacctgggtcgcctttgcttttggcggtattgtggcgat,91.37
ttcaaaacgtgtttctggatgatcccagatttgatcggcaatatcggtat,91.37
acgtccaggtctgggtaaggtgtccggtttcttctggcataatccggggc,91.37
tcggtggtgctatgtgcggcactgttatttattctcagtatgatgaaaaa,91.37
gcaattcctggaaccttccgagcgccaggcgttactggataaaatttatc,91.37
gtcagaaaatatgatcaatggcagaccgatttgtctgtttaaattgcatg,91.37
ttcagtggcgtttgtggatggaccagtggcagttatgataacttactaaa,91.37
agtgctcaacgccctggtcaaccggcagaatagaaagatatcctgtgcca,91.37
ggtaatgagcgtctgctgcgctatttacaagatccgggcatgatgtcgat,91.37
tgtacggggtttgttttttggaggccacgttttgcgtattctttttgtct,91.37
tcacttatatgaaggcgcgtagcgaagttcacgcccactacactttagac,91.37
gaactctgccgcaccgtcgatccactggccggatcctattacattgagtc,91.37
caatcttacgctgccgggcaatattggctggctggattatgatccggttt,91.37
attgctaacgaaggcgacatcagcagccgttacattggtaacatcaagct,91.37
cacgcatgatcaaatggtgaatatgctgacggtcaggagagaatgggctc,91.37
ttcattcagtaactttgttagcgagtttagttgctgacgatactgataat,91.37
aactacgttaaacagcgcgactggcgtagtgcaaaagatatgatgaaatt,91.37
cgttaaacagcgcgactggcgtagtgcaaaagatatgatgaaattcaccg,91.37
tgcgggccttgacccgaaaggcgggaaagcgcctgccgataagttgtgat,91.33
ggtcttggggagggcgcataatgagcagacgtgttgctactatcaccctt,91.08
ggctcgtagggaatagggcaatagaaatcggcttcgggtaaaatacccgt,91.02
tgttatcgataaggctatatatgaccttaatttgcatctaatatcaaagg,91.02
tatccatacaaacagatgaagattgcagccgtaacgtctataatcagcgc,91.02
ccaggttccgctcacaccgcgcgcaattgcgccaacattaaaattcgaca,90.95
ttttgctcacggagtttgcgagtcaactcaaaaccatccatattcggcat,90.86
attgattcgttccgtatcgccgggggtatcctggtggtgacaatagcgat,90.71
gttacgtcaccaatgtatggggatgggcatttgaatggtatatggtggtg,90.58
ctcgccgggcgttccggcagatttcgccaaatataccttaacctgtactt,90.58
ctatgatgagctgtcattgaagatgatttgccaatcagtaagatatttta,90.58
gacctgcaaatagagaatgcgggcgatgttgaaatacatatagtgaaaat,90.58
ggccgggcaaaaagcctggttgtagcggttcgagcgggcgatagtaggga,90.58
ccgatgccgtgcggctgtagagctaccggcaggaagttaagatcagaagc,90.58
aatagctgctgatgctcgccatatagaaatatttcgagaaaatgaggatt,90.58
agccagacattattatcgcggcgacccatatggggcattacgataatggt,90.58
tacggggcgggtggtggagcaactgaacccggcagggttaagctaccgct,90.58
tgattaatttatggactgacgataaagacaatttgtggaccaatatcgtc,90.58
acccaggcggaagaagtctttgaagacatcatcacgcaatacaatggcaa,90.58
ttcaacggaccaataaacgccaggttcatcaattgcgttaaaatcagcgt,90.58
gcctggcgaaccccggtgctgaatacgccgcaacgcgacataatgctggt,90.58
ttacagttaacgaaaagttgtcatttttaacaactgatatagactgccga,90.58
tcccaacagaaatcacgaaaacgacaactttctcgtctataacctggtat,90.58
gccaacttccgcttcttgctcttagcggacattagcataggctatttacc,90.58
gcgggtaaatgctgattatttaatctttgcaggcatgataaaacatcatc,90.58
tccccattcgcaaagggattttgaagcgcattgtggatcataatgtggtg,90.58
cgattatcagaggttaaggtgatgatttctcggcggtgtatcatattcca,90.58
ttagctttttgccgctcttcgttgaagtcaaaaaaatatatcatcatttt,90.58
tttagtcaaaatgataacggtttgagataaagttattttatattcagatg,90.58
aaataaccctgattaatgaattattacgtttatcatgttaattcatcatt,90.58
atgaatgctggcagagattctggcttaacgcggaagaagttaacatcgac,90.58
gtcccgcatcgcactggcaatccaggtcatcacggcgcgtaaaatggaaa,90.58
ccgcgttcagtagtgcttcactcattgctctctccggttatgatcacatc,90.58
cccatcaagacgccttcgccaactccttcaccagaggtagcattatccgc,90.58
ccagtcaaatgaactgttgaggatcgcttcggcggtgtcaccattgggat,90.58
tgataattgcgttacttcctgatggattaagttggggataatttatccca,90.58
agtggatcgagagctggaaagtttgctggtcgcgcaatatcaattaatgc,90.58
gaacaactagaagataaagactgggagcgcgaatggatggataatttcca,90.58
ccgtaggccggataagatgcgccagcatcgcatccggctataatgcgcac,90.58
catctgaatgccgccttcaacagctgccggaccaaagataaactgtccgt,90.58
ttctggctgagaagctggcgcaacggatcttaaaaggtgaatatgaaccc,90.58
gcctttaaaacagtgattttaaaaatcgcttaggggatgttatgctcacg,90.58
ccgcatcattgctttgcgctgaaacagtcaaagcggttatgttcatatgc,90.58
tccggcgcgatacgcagatacatatctaaatccagagcattatgatgggt,90.58
atataatggtgggttaccaccaaacgaatcagaaaaccgatactggaaaa,90.58
cgaatctggtccgacgccctctttgccttcatcactggtaaagtcctgac,90.58
ggcgtttagcaatgcttgaaagcgaatcgcctttgcgcacacgatacgta,90.42
aaacgcccttctgccgcagttcatccgccagtgaggcgatatatttaaat,90.42
tccacgacaccagtgttgatgagtactttaaaatcggctcgactatcaaa,90.42
cgtcccattgtaggttggcacgcgtgcgcctggcggagcatatttactta,90.42
aatcgacagttgaatggctcagcgccagcgtgtcgagattagaattactt,90.42
tttaaccgaaattgtgcaaggcattgccgccattgataaattacacacct,90.42
aaagaaagccccagctgttcgcaacgctgcatttcatctataaaggcatc,90.42
gcattgaaatcgtctcgtatcaggggcaggacaacatttattctgacctg,90.42
atgcaaaaagcattgaaagagttaggggaaatcacccgttcaatgaaggt,90.42
tttaccggtaatttgcccctcccgacgtaggcgcagcatatgcttagtat,90.42
cagtacggaatttagcttgacggtgctatccagcattaaatactggcaat,90.42
ttattgccacgctggggatgagcggctggctgaagtggcaaactgatggc,90.42
cgctacgggttaaggttgtgactttgcgttcgatatcgagaatagcagag,90.42
atcgcgctacaggccgcgcagccgctggtacacggtgtatcgttaaccct,90.42
aggcaccgcaaaacgttgatgacacttatgtcgtgtttatcatcggtgaa,90.42
acgaagtactcaatagtgttgccgccacctttctgttccataatcgcctg,90.42
accggtcgggtaggcgtcgttagtggactgacatttgttaacatggtcgt,90.42
cataacagataaatcataataaagatgccattggcataaataataagagc,90.42
gaaaaagttcgcgacgcgctaaaaccgccatctatgtataaagtgatatt,90.4
cgtcagttttcaagtggtggcttttttgaaattgctttattttttctacc,90.4
gcagccatacattgctcaggatctcggtcaacaaaccgatatcgatatct,90.4
tttccagacgtacgttgacacttttttgatcgcttttatatattacgcga,90.2
acttaaaaagttaagtgcgttacctgacgatacattggtatgttgtgctc,90.2
gttaacattatgtttcacaacttcatagtgtctggaagtattatttttat,90.2
aatggagttggagacttgtttaatgtgtttgtatgattcagtatgttctt,90.2
aataccgcctgaatattgacgataatcccctgcagggtaaaagctaaacg,90.2
tgcgtcatgaaaatcactttagtcgtacggaaagcgcgcaataatacggg,90.2
gcagtggcgaatgccgtcgtgttaattgtctgggcgctgtacaataagct,90.2
cttcactggatgcgggttgcgatatgatcctggtctgcaataatcgtaaa,90.2
ggccgtggtattttgctgtatcaccgtcaggaaggtcgtaacattggtct,90.2
cgaagcggcattgacgcaaattgccgaggaaggccgtggtattttgctgt,90.2
tgccaggtaaaatagacctgattgccagacgctgcgatatattgtttgat,90.2
gtaaaatagacctgattgccagacgctgcgatatattgtttgatgaactc,90.2
ggctgattttggcgtcggcattgtcgaaattcagggtgtattctggagtg,90.2
aaacaacccccgctggtgttaattgaagtgggcggcgtaggctatgaagt,90.2
gaatggccacctgtaagctccagatgaccatttttgttattctccacaac,90.2
taaggtaattcaatgaagaaaatcatttgtctggtcattacactactaat,90.2
ctaccttgccatagttgacagctaaactatccccttcgtaatctatccac,90.2
attcatttttgtgatggttttctgaatgggattacgcgataaggtaatag,90.2
caatcttttaagcgcggatcgaggccggaaatatcaatatcattcagagt,90.2
gtatatctgttctccatcacgtataggcgtggcgataatataatcagcga,90.2
atgagctaattttgatagtggttatcttgtgattattttctaatgagccc,90.2
tcacgctatgaacgcttcagcttatcaatagcggaagttataatttcatt,90.2
gggttgctgcaaagggtgccgggcatcgcgtcattgaatattattgatgc,90.2
acaggattttttatgaggttacttttttattgaatgtatataaataatga,90.2
cacgcctgaagggaaagctgcacgttatcagcaagcgttacactcagcgc,90.2
cgttatcagcaagcgttacactcagcgcattgagcgacataatctgaatc,90.2
ttagcgcagtttttacgtccaccgtcctgccagcactggcgctggtgacc,90.16
acccgaaaggcgggaaagcgcctgccgataagttgtgataagacaataat,90.09
tgcgcgttattcacagcaactctccaggccgccgatgtcactatcactgt,90.07
gcgcgataatttttctgcggcttacgatctaaaccgggtatttttaatcg,90.07
ctttcaccggcttcgttactttaccgttttcaatcagatatgcttctgaa,90.07
gaaacccaatttgtttctgtgtgcccaccgaactgtccgatattttaagc,90.07
taaattggtcaactatttacttgactgatttagtcgggtatttaaccttc,89.98
cgcaagcgctatttgtagcccattcagttgagcattgataagttcagcct,89.9
atggttgcgccgccgctgatctttttcctggtggcggttattttgtgggg,89.9
gcctggtgtgtgccgtgttcatcgttctgacttgtaatatcgttaccggt,89.9
tgttcatcgttctgacttgtaatatcgttaccggtattatgctgggcttt,89.9
agaggacggacgcgttacgcaatggcaagttgcatctaatagtattcctt,89.9
tggcaatttacttcgttccggtctttttcgttgtagtggaacatctcttt,89.9
tcatcattatgcccagccaaaactgtacagtttttctactatctgtaggt,89.78
cgtttccttcgtcaggtgcaacatgagcttaaactggagaatattgaacc,89.74
aacgcgtgcgtttccttcgtcaggtgcaacatgagcttaaactggagaat,89.74
ttcgcgcactcgacgttgaaatgatgcccggattattcatacattaattt,89.69
acaggtcatcatggtggcagatatcgttgattacggtgaatataaactgc,89.69
aactgcacgtacgctgtgaaagtatcgcttactccgtgcagactatggtg,89.69
acgatataccgtgctgactcagcggctgccagcatggtaccgtgtaaaat,89.53
ctgccggccaacgtcgcatctggttctcatcatcgcgtaatattgatgaa,89.18
caaagctgacctgctcgttgtgatctttcagattgtagagtttcatttag,89.16
gggtaatttccagaattgatccattgcgggtcagatgtaatgattcactc,89.16
tggggtaaattgttcagatttctctcttttctgaatcaatattattgact,89.16
gaaccgtaatcttttttctcaaatttcaacggttggttaatactgaccgt,89.16
cgccaaccatactcgctgcgaacgagtggtaaaaccgctaagctgtcccc,89.16
gcaactggcttgttgcggcaaagccgtaacaacgtagtacgatgaacatt,89.16
taacgcattgaaaaccacaatgtaatattttaacgcccgataatattctt,89.16
gttaatttatattaagtagcgctaatagatttaataatccataatcattt,89.16
aacgtagcgcccgctttgataacaaaggcgatcgcttttacgatctgatt,89.16
tgccaccggcagcttattgcctgtatatgtaaatcgtgcatattttactg,89.16
cccctgtcagtccagccaccaggcataacaaatccgttaaactcgcagtt,89.16
tcacaccgacgcaggttgcagaggcgcgcaagattgccgaaattgtctgt,89.16
atatcatcggccaggttccagacaccgggttgatgtgtaaccataatgac,89.16
cgagaataaacagcgccaggcccgccagacagagttgtaaaataaagcgc,89.16
gtggttaaaagttgttgctaatgaccccacagcggtgagaaaactcgaac,89.16
ccaatacaatgatgttgattcgccggattttgtggcgtgagataaccgtc,89.16
ttttgcagcccggatgcggcattaagcaccaaccactatcataagctccc,89.16
agcgttttgatacccttgcgccaggcgtaaatctgcgctttgttgatatc,89.16
gcgccgaatttggatttgttttcggtgccgtccaggtcgatcatgatctt,89.16
tgacgcgtgatattgactcaatactgttgctggcgggttactatgatcct,89.16
tccgtttgcaggccaacaattttttccagcggctggttaatatatcccgc,89.16
gtgaatatgtcgatgcatattatatggcgcgggtgaagtaagatagtgcc,89.16
tgtcggtataaccaatcacgttaaccgccgttttcggatactctttcagt,89.16
caagaaggggcagggttgacgcgtaaagagatcctcaccaaatatgtgtt,89.16
tgcagcgccgtcacaatgccggaaatgataattgcgccgataatgctggt,89.16
tttccggtgcctgttgcgctttttcgtcaaggcctgccacactgttaacc,89.16
gttgtgaatggtttcaccttctgcacatgccgcttctgccacaattcgca,89.16
aacatcacctttcgcgacagcgtttttgatcgcggtattaaaataacttt,89.16
ccgcgtaagctttattgtatttctgggcgtgaatattatctaatgtagct,89.16
gcgtgatgcccttagcgcaaacccggatttagacggtgtattttgcacca,89.16
gtcgggtaaagtgaatgccagcgcgacatttgtacttcattatgactaat,89.09
aaaagtggccctgttacagaaagtctggcgtcagcgtttaagctatcgcc,89.09
ggctggacgatcctttcgaaccagagatgattctggtgcaaagtaccggt,89.09
gcagacaaatgctcgttgcgttcaatgaataaagggggtatccagtttgg,89.09
tgataatccttttataaaggaatccggtgcgcgcgccgagatctggtctt,89
caaccagtacgcgcatttttatttctccctgtcttaattattaaaatagt,89
taccggtatttctgcgcagcctgcgggtggtgatggtgcaaactgtaggt,89
taacagtgcggatcctccataaaatgcccctcgtgacctacaatctgtca,89
tgagatgaagactgaccagtcatagcattccccaggaataagttatgata,88.9
tgaagactgaccagtcatagcattccccaggaataagttatgataattga,88.9
agtcgatgagaacttgcttgaatgcaccaccaccaccgataatcagcagc,88.9
gaatatcagcgtaagctgcgcgaggaatggtaatgggaaaaaatgatgtc,88.63
gcgctgatgcgtatttttgcttccgaccgagtatccggcatgatgcgtaa,88.42
ggtttcagaaagcagtggggcatcgaccgattgaccggtaaactccagac,88.42
ggactggatcctgatttacaaacttaccgataaacttttacgatttgaga,88.42
tttaacctcggtagcgccgtcggcgcatattgcggaggtatgatgctgac,88.42
attttcagcaaaacgtcgcgtcgcggtattccgtgggttacggtgctggt,88.42
aacaattcccagttactgccatcttccgggttattggtatggtcgtgatc,88.42
catggcgggaaactgaacctgataatgaagatgcgccttattatgaatac,88.42
gtttcggacattccagggctggacagcgctctctgatatgctgcctggtc,88.42
gaaattaaccagtcgcttgcgaaacataataatttctcaaaagatatcgg,88.42
tgcagtacattgaaatgcataagactacactaacggatatcattattaat,88.42
gccaatgcaactggttaacggcgatgaagtattaacgctaaagtttgatt,88.42
ggtcgttgagaaaattgacgaaatcttaccgcagagccagtgtggtcagt,88.42
tgttcaaacagctgctgatgatgtccggttttgaccgttactatcagatc,88.42
gtttaagctatcgcctggtgcgtagcgcagaagagtgcaaaattgctctt,88.42
tctgccagtggagactccggtgtatcgaggatcaggctatcattgatatc,88.42
atgcgtaattatgccgttacgcttgccaaacgttcctgcacaatggcgat,88.42
agccgtaagaaaaagctgctgcagaagcagaaagaaggtaagaaacgcat,88.42
gagcagattcgtcgcgcaacaatcaacgatattggcggtattctggagtt,88.42
gccgagagccactcttcaagtagcggtgattcctggggcacgatatttaa,88.42
gcgatcgcgaatatcaggcgatcatgccactgaaaggtaagatccttaac,88.42
atcttcactggcagctggctaatttcgcagttcgactggatcctgtatat,88.42
tgccaaactcccctcatgtgaaagaggtggcgctgggtgagaatggcatt,88.42
tggctgctggcgatgttgcaaggctcattcatttcccacatcaatacgtt,88.42
tgaaccttcatgttcaaccttactctcatttacacgttacgcttttttaa,88.42
tggcgtgaagggcagttcagcaagcacttcaactggcagaaaattgaagc,88.42
ttggtcatttttcggttgacgcccttcggcttttccttcatctttacatc,88.42
aagtgcacccaggctgcgctggcactggctgaactgtgctacaacaccct,88.42
attcccggagcaaggatgctgactttaatcgggtcgagcatactccagtt,88.42
acgtttgcgtcctttgatgccagctgagaatttcgactacgcttccgcgt,88.42
ttgagtttcgggtcagggatagttttcgacggctctttataataagccgc,88.42
gttatcgtgaaatatccatgatgttgcaactttgtgcaaccatgttaaat,88.4
agagatggaacaggcgggactgcgcccgtctctgatggtagattgcagcc,88.32
gagctgattcagataatccccaatgacctttcatcctctattcttaaaat,88.24
tgatgggattcctgctggtatgtatgggtgtgcagtttattattaacggc,88.24
ctttctttgagttgataatttaagctgaactgggtgttatatttaatatc,88.24
aatttgggccaattaactggccctttttactgctttttgtaacgctaaag,88.2
caccgtagatggcgtaagcctcggtggtcgtctcttctataatgacttcc,87.93
gataagcgtcatctgttccgcatggcagatgagcatctacattataaagc,87.92
ccaggtttcgctcacccctttcgccctcgcggtacgcatataatcttcgc,87.92
ggcgatgactttgtcctgacgccgaaagccagcaatggcaatctgaagca,87.92
gagaatgtcttttcagcgcattcgcaggcagaaatgggaataatggcgat,87.92
cggtctaataacatccctcaagggaaaaagatccatggcatactattagc,87.92
aattgtcgtcgctcatggcgtcgtatgggttctcatgttagttaatcaaa,87.79
gccactttctgcaatcgcctgacctactgcggcttcgttatcatagattt,87.76
gcgcatacggagattaacgttaaccagaccaaccatgtaggctggacgcc,87.76
cccagcgcacgcataatgatatacgccgcgataccaccgataatataggc,87.76
gctgtggcgcgacagcatatgcacttcgtcgatcagataaactttgaaac,87.76
ttgctcccgtgcaaaacctggcctggggtggcgtatttaaactgaaagat,87.76
tatggagtctttgaatcaatttgttaattcgcttgccccaaaattatcgc,87.76
tggcaagggtaatgaggtgctttatgactctgccgccgttataagatggt,87.76
ctacgccatgccgaaaacagtgttgctcacgggagaggcataatggattt,87.76
cattggcgagatatcgataatctctacaccattaccgttaagatggttac,87.76
ctgcggattatggaagtgtgtggcggtcatacccacgctatctttaaatt,87.76
cctggtttggcgtatttacgggacaggatcatcgcggcgatgatataagg,87.76
gccgcggcgaagtgttctacgcgcgtccggaattttgtactgataacggc,87.76
gacgccttcaagacggcgactggcctgaaaattacgattacgctgaagct,87.76
agcggaccataggttggcagcgccttcagcgtatcggtaatcttgttgtt,87.76
gcgcagcaaattcgccagaagatgccgcacgcgcggagtatctttatttt,87.76
cggtacgccgccgcattgaactgtggtttcgacgcaataaaatcagtaac,87.76
ccaccagaaacgcgccaagatagaaccacgcaaaggcgttatgctgtggc,87.76
aggtgattaagcaacttgatgatctcgaggtgcagcgtaatcttcctcgt,87.76
tacctcgttccggggtatgcaacggctccggcgctgatgtacgttggcct,87.76
cgtactcaacgacccaatatgcatggccaggctgactatatacttgatac,87.76
ctgctgataaacatattgcaggtaactggtgccaatgttgatattcgttt,87.76
ctcgatgtggctctacgtcttttctcacagcagggggtatcatccacctc,87.57
cgataatcgccgccataatcagaaatcctatcaggatgtaaaatgcttct,87.44
ggattaaaaaaataactcagactttttctctgcggcagttaacatttttg,87.39
aatggctgttacgactatatattgtcctacccgggtaccacaatcacacc,87.32
cgctgctggtggagctcgcgccagtgttcgactcgctcgataataaaatt,87.31
gttatcgtgtctggttaacatcgcataacgatttaggcattatccgttac,87.31
tttccggcttcgctctctttaatttcttgattcaggcgtaccatcgtacc,87.31
agcgcgagaaaatacgacaaaagttgccagtaatcgttattctttaaggc,87.31
gaagttgtccataaccaagatcatccatggtcagtacgataatatttggc,87.31
ttcatcgtgtaatggctgcatgaaataaacaataaaatataaataacatt,87.31
acaatgtcctgttcttcaggcaccagcttaaagcaggttattattttcat,87.31
gaggatgtagaaactcgcgggaaaatttgcattgtggaaacatagttacc,87.31
gcgtaaatattccacacaaactggaaatcatcgctgttatagttgttggt,87.31
cacacaacgaagcgatgaaaccagaagagattcgtgcggtcgaagacctg,87.28
agcgagatacccgcccccattagcatcgtgttactgataccgtaattatt,87.23
aacaaccttaataccaccttttcaccaccccgacatggtaaggtcgcaat,87.23
tgggtaattaccgcagcgaacgcgaaaccgcaatgcgatattattcatga,87.23
tttgctggctgtgcgtacatcccgcaagaaatagtgcgaaaatcgataaa,87.23
gcggtatctcctgtaattctgtcaccatcattaatagtaatattggtgcc,87.23
attcagcccataccgtggttttggtaaagcaataaaccataatattcaat,87.23
atatgtttgtcgctaccgcgctccaccacataatcggtaaagtgaatgat,87.23
aacccagctttgtctgggcaaatgactcctggattttctactatgttcgc,87.23
tagccagccaataagggagaaaaatggaggaattatgaaacactgtctgg,87.23
gggcggaatttatcgccgcagggttaaccgcgccgcgctatcatgccttg,87.23
tagcgtctgattcatggtaaaaaaacctcactaaaattatggttaccaga,87.23
tcttcttcattcctgatgaaagtgccatctaaaaagatgatcttaataaa,87.23
gtggcatcgtttgaggcaactacagcatcaattttgttattattggcggt,87.23
gtgcttccaccgcctgcgacaaccactgagaatttggtcattatactgcc,87.23
agtcatattcctcttgaggtgatggcaacctgtgatcgtattatctcttt,87.23
tcgatagctaactgcctcctgcaaatgctgacgtgtgataatgtcagact,87.23
tttttccaagcgtcggtggtcgccagttcgaagctgataatatcgatcag,87.23
caatattgccttgctggtcggcgcgatgcttttcaattaagatcgctggc,87.23
atctatctattgcccgttgcgctggtgggggcttacggcatcattaacca,87.23
tttaaaagaagatctcgcccaaacgcgcaaacggggttattcatttgacg,87.23
ggcttgccggttttcatgtgctcttcgcccagttgatccagaatgaccgt,87.23
tggatctgcctgctgtttatggcggcggtactggtgattatgctgatgac,86.95
tccttttacttcgttttctcgcaatccagaactgtatttacaatcatctg,86.95
aggaataacgctctgaagagcggaatatcgttctccgttagcatattaag,86.95
tgagaaccagtgccgaggctccggcaatcacatcttccggaatgctttca,86.69
cgaggaaatattcacgttgcgcgggtactgggttcatatatggttaacta,86.69
tgcacatcctgccgtttcaaatctaacactcgtaatttaccctttacttc,86.43
ttgttgtggatgtctacaacacggaacagcagtgtctttattctatgagc,86.43
gttgtccttaccgtcatccagggaaagtccctgccaggtatactgcagtt,86.43
atccagttcccgacttcacagcaggcaagtgaatataacaaactgattgc,86.43
tggcgggtgcgtttatcggcacctcgtctgttactgcctatattgaaagt,86.43
catggcaaatgtctgaaaaatgagcgaataatcgcgttatactccctctt,86.19
ttgtgcagggtgaaatagttatcggagagaattttgtctttaatgagggt,86.19
gatagccattaattctgtccatcagcgtcggtgataccgacaatatatat,86.14
ataggggaacaaatccgcatcaccgataacatatgagaaataatagatag,86.14
cgaattttactcattttgctttttcttattttatatgcatgataaatcat,86.11
ttttactcattttgctttttcttattttatatgcatgataaatcatattc,86.11
taaatgatgttcttgactggctaatgcacgcggtgagcataattatactc,86.11
accacaatcacaccattacctaaccaggaagcgttagatattatcgtttc,85.99
ggcatgtactggttaatggcggcactgttgatcccctgtattatcgcgac,85.79
ccagcgtacatgacgatattttgcgtctaccgcaaggttacgatacagag,85.79
ctggtcggcagtatctggcctggattcatattgatgatatggtcaacggt,85.79
acattgttaacgtgctggatgatttccgtcaggcaggttacaccgtagtg,85.79
cgcaaactttttaaattgcaggagatgttgccttttcttaatttgcatat,85.79
gacagcttcttctgataccttctacccaggtcaggaacgttacgatactt,85.79
ttatccttgccagtggcagaacgttggctgcgtcaggcacaattgacgcc,85.79
cagtgccgcttcgctttttctcagcggcgcggggtgtgcataatacgcct,85.73
ttgcgctgttcggtgtcatgttctgggcaatttggtccgatttgatcacc,85.57
cacctgccaggttgtttggcaggtgtgccagcttttcatacagtggatgc,85.57
taccgagcaagaagcagagcaactgacaaaacagggttacactctgaaag,85.57
tgcctctgacagagatatctcttttgccgcctgggtatagaatgattccg,85.57
gccttttttattactggggatcgacaacccccataaggtacaatccccgc,85.57
tatcgatgaagtgctggcaccgtttgtcactgccagctacaacaaacatc,85.57
acgataccaacctgatcgccttcgccatgaacctgttcgatattatcggt,85.55
attttagtatgaccattcacgacaacgtgagatttcagtacggtaccctc,85.55
tgaatcagcggtaacagacgtttatcttcacggccttttaaaataaagac,85.55
atcttgcggaagttttcacgaatacggtccgataccacgatactgtcgtt,85.48
ttgagtaatagtgattgcatcgaaacttgtaattcgcgttgaattgtcag,85.48
actgttttttctgtcgattgcaacaatatgccgcctgcgaaaataccaat,85.48
ccagccagaacgtctggatgctgctggtgatgggcgttatcttcttcgct,85.48
aacatgagcaaccgcacatattttgatgatttttgttacaaggcttaagt,85.48
caccaggcatcacggcaatatactggcgcttgttggtacgcttgataatt,85.48
agtgtctatttctttgaagatgacaaggtgaaaccgggtttacttatttt,85.48
tatggcgaatgcttctattctattttttagccgggtgatatttttcattt,85.48
acgaccagagtcatgggtggaagatattgccaccgccaaaagcaatccga,85.48
ttctccttagccacttgtgaaatttatcgattcatccaaatgatataagt,85.48
tgcttttgcctccattgaaatggtgggtacagctgccggagaatgtaaag,85.48
tttttttactcccgtcagcgcgttaccccaattgtagataaaattgataa,85.48
tcagccgttagattttgccgaactggaaagcgcctgtttaaactcactga,85.48
ggcggtcgtcatctgcgttaatgcagctttatccagcatataatcaacac,85.48
aactgaatctgtttaaagaatcgtggcaggatctgccgcagaataaactg,85.48
ctctctataatggcctggcaagtgagttgaaatggcgcgatgatacaaca,85.48
agataaatagtgaaactgttcctgtttatcagttgcgctataacggcaat,85.48
tgtgacggcaacaacagagtatcagggcgagatggtcgattattcgcgtc,85.48
ctgatcgacgccacgttgtatgtcacgcttgaaccatgtgtaatgtgtgc,85.48
tcagtcgcacgtcaattttcgcctgctgcgccgtgtggtaaatatccatc,85.48
ctggctgcggcactgctgaaaatggcacagggtgaacgtactctgatcgt,85.48
ggacggtggatattgccaccctgaccatgatctacattatcctcggtctc,85.48
gaagaccaatattaaagacagtagcggtaagccgctgtactaataaaact,85.48
cgctacaaaaaatggaaaaactgtcgtcgcgtcttgataacgtcattctg,85.48
ttcaggcttatcccgaaggcaaacccagcgcaattgctaaaatccaggtt,85.48
aaggcattcagcgcccactggaaacagcaaactggtgataacgtggtgat,85.48
catttttcggggttatcgcgggaaatgttaatcctcgctacgctgttgct,85.48
ggatattgaggccattaacggcttcatccagcagcaccgtagtatgttta,85.45
tgccgggagtggatgcactgtgtagccagatctgcgctacattctttacc,85.45
ttgtgctttatggcgttgggatttatctcactacctggtttaatgaattc,85.45
ccaacgtgctcaaaccttcatacagaaagatttgaagtaatattttaacc,85.45
tgcgatttccagatctacagcatcctgcagtggcgcaatatactcactga,85.45
cgtcctacgaattacttataaattaccgcagtaccgcttaatttattgtt,85.45
ctctctctgcaattgtgtacaaatgtacacaaccttgctaatgttgtctt,85.45
ggagtatcaatccattgatatccttgcagttgatagcgatgcttaacttt,85.45
tgtttcctcttctttacgctgaacagtgaggatttcgataatatcgtgtt,85.45
tgatgagcctgaatatggcctcgctggagacactttggcagactaatgcc,85.45
aaacgtaaagattttctacttccttcctgcagcaagcgtaaagtaagcag,85.45
tggtgccggaagagatgactattttgcaggttattgaaaataataaagcc,85.45
ccccgttcagcctaatcgccctgatagggatcatgctattaatcggcatc,85.45
tttattggtccattcaaaatgtaaatttaattttatggtatcgttataaa,85.45
agcggtgagaaaactcgaacactactggagccaggatatatttagcgatc,85.45
cagataattttgttgcggcatgtgatcttccttaatgctataggtaatta,85.45
atgtaagcgttgtaattgcgcttgcggatgcgcttcgcgaaactgatcaa,85.45
gttggggaaatcgctgccgatggcttggcaaataatgatgtaatagcgaa,85.45
atggctgtaataagttgccatctggcgcaggtttacgcaaaatgccgctc,85.45
tggctgaagccgctgcttgcgaagaaaaattcagcagtcagaatgtaggc,85.45
aatcgaagcgcatattgccgcgatcgaaatctttacttaacttcgatgct,85.45
atttcgatgttctcttgcagagattcttcagacaggtcgatcatgtgaga,85.45
aaacaagatttgtcaccccagcgtaaagcaagtttgttatcatcctgaat,85.45
catcaccacctgcgcttgtttgtacagttcaacgcgtttattgtggtcgt,85.45
cggcgagattgatgtttaccgcaccggctccgtcgatgtaacttcaccgc,85.45
tgccatagcgggcaattagcgttgagggataggtggtatagaatgcagca,85.45
gcggcgcgtcagaggcaccaaaatcaacggtattagcgataatctgtttt,85.45
cttcttctgtttgtggaacccgaaggtgatacatagcgatactctctctt,85.45
atcgctttcggaatcaaacgtctggcacctggtttgggtatctttgaccc,85.45
ctgccgggcactatcgacaacgacatcaaaggcactgactacactatcgg,85.45
ttcccaggtttttggcgggttcggcagcagatctttgttataaatcagcg,85.45
ccggtatcgccacagtaactgccggaactgcctgctcgtataatgactgc,85.45
atggagtccacggttgcggtaatatcacgggtcgcgtagaaacgtttatc,85.45
atagccatctgcctgatcctgggctaacgcggtggtatagaatacctctt,85.45
cgaagtagaaaccattgcgctggaacaactggtcggtagagtatcggcaa,85.25
cagcacgtcgctgtggcgaaaatgttcacgcaatgtttgatactgaatat,85.25
attttatcgcgggtctggttctgctggcggtgctggtgtttgatggacgc,85.25
atctatacgttgacacttgcgccctctctcgatagcgcaacaattacccc,85.25
tctgtggttttagtttcggaaaccatacaaaaatgctatccatcttaaaa,85.25
ccgcatcatcgacccggatgatatcgccgagatgtttatgatgactaccc,85.25
tacaggttccaccgccgcacactttattgacgcgctcggtacaatgaaag,85.25
tgccgcgcgtaacgctggaaattgaacaacgttataaccacattccagat,85.25
tattgatagataaacagaaaaaagtgcctttgtcagcataaaataacggc,85.25
gaatccacctcgccggtggggtcaaccgagaagatggcagaatggttagc,85.25
ctacatcctctgcagatgaaggggccagcgtggcctataagattaaggat,85.25
tgttaacgcccggcttgccgggcttttagctggaatgtgattatgttggc,85.25
tgtagctaaaggcaatttgatgtaaatcaaacgataagataactttatct,85.19
cctgaactggcgcagcgaagccgcccgtcagcctttgctaacatggttaa,85.1
gtggctggatgagtctctggcgcgtggcgaattaatggaatactgggcgc,85.1
gcggaacacatgggtggaaactttcagcttatccagcaacgatttgtagt,85.1
ttctgccacaactgaccagtcagaatgtcacgtttgataatgtgcagaat,85.1
cagcgatattcatcaacgacaaaatccggacgtccgggcagactggcgtc,85.1
ttcaaacctgctactaacgcttcacggctactatcaaagataatgcaagg,85.1
gaacttggctgattaacgcacttctggtggcctgcggtaatctggcaggt,85.1
ctgcggtaatctggcaggtattgcctgtttcagtttgttaatctggtttt,85.1
gatgcgcgaggtcacggcagctttgatgccacaactgataacgtgcggtc,85.1
taccccgcaatacgttgtgcatgacgcgcatccgggctatgtctccagcc,85.1
ctggcgatactaaagtggtgcagcgcggcgcggtagataaactgtttatc,85.1
ttttgtctcctgacgacgccacagacgttggatgttgtcatgatgacgca,85.1
gcgggaaagacaaaggtgacaggacctggccagcgggaaaaaatggtttc,85.1
gctctgaagagcggaatatcgttctccgttagcatattaagattgatgct,85.1
ttgccgttgagatgatgcagaaagaagggaaaacgccgatagaggcaatc,85.1
aaaaagcaaagcggttaacgcctttctcttttaaatgcaaaaatgcgctt,85.1
ccataggatttacatataattagaggaagaaaaaatgacaatattgaatc,85.1
ttaccgactttcgcgttgcgggttttgccttcgctatcgatgatagtgac,85.1
cgattccggagcagcttctggagagcgaactgttcggttatgttaaaggt,85.07
ttccagtgcgcttgtttggtaatcaaagaaagatcaataaactggataac,84.98
tatctgcatcgcataacccgttctacgataatggcattaaattcttctct,84.95
tcagtcgccggatttgttgccccaaacttataggtcgtatcattaacaac,84.88
acgttgtcggctggaacccgggaccggcgctttcaattagcatgggcgat,84.88
gtggtgaagaagcgattgcgctggcgctgaaaacgccgcgtaatagtgat,84.88
gaaaaacgtctggaagcgtttgtccgtatcgctcacggtatcattatctt,84.88
gtgctggcgttttcctggctggaggaaattgctcgtgctttgatacccgg,84.88
tttttactgtcgatgttgacctgaatgtctttcagcgccagatcattaat,84.88
ccagcaacgtcttttccgaggtgaaaggtcgttttgatatgatcatctcc,84.88
gatcagcaagcgattgctgaaacgacttcaaaccttcagaattattcatc,84.83
cccttccgttacgcttaccctccaccaatacgcgtgttaacctcccaatg,84.71
tcgggcctacggagtatcattgccctggaataatagtctattgattattg,84.71
gagtcaattacatattgctccactgtttatattttgtttagtattgaatg,84.21
ttacctccagagggtagccgtttagtggggcagtcgtttactgtaactgt,84.21
tccgcatacttgtcaggcttgctgagagcctttagatgataataaaacgt,84.21
cattttgtagatgattgagtattcgcggtagttatgattagattgttttc,84.19
tcagtactacgtttgccttcacccagtaactcatcacgtacaatgcggta,84.19
gaggtaaagataatcttcttgatagtgatgtgggatgttatacgtatggc,84.19
tcctccaggcgcgcgatctcttcgccaaattctttgatatcttcgaaact,84.19
aaccaggaatatcaaaatggttaataggttcaatcagtaataaaatatct,84.19
tgtaatcaacgaaagtagacatatttttgttgaagtaataggttgcacct,84.19
agcaccgacgacatggagtaaaaatgtccagaccaactatcatcattaac,84.19
ttacgctggccgctgtgtgcaatcgccatagaagcgcgatatctttcatt,84.19
gcgggcgctactaatgcatggtactgaaggtgaagtgtatgctaatccgc,84.19
tgatttttatgatgaattgccataaaccatagccatgttaaggttttggg,84.19
caatgaaaatggtcaggtggtttggaaagcctcatatgttaccataatga,84.19
taaggctgcattgggaagacttaaagaagatgagctgaaacaatataatt,84.19
tgcattgggaagacttaaagaagatgagctgaaacaatataatttgtggc,84.19
tagtgatatggactggcatattgctgccaataatctgggataattttcat,84.19
tcaataatgatccgctgatcacacgggcgattgccgttaatatcttgctc,84.19
cgattgtattgctggtataaaatagcaatattttgttgcataatttcagc,84.19
tattttctcaaatgtggagcatttcttgccgttacgactacaattttctc,84.19
tcacgattttcatctttgctttaacgcctacaggtgatcaaaatttaacc,84.19
ttaatagagataaaattgtacaacttgtagataccgatactattgaaaac,84.19
gcatacaaaatcacttgaccgatatgttagtcatggctaatcttgtttgc,84.19
caaaatgctatccactctgcacccggtgatttatcagttattatgtaatt,84.19
gtcgacaaacgctggtatacctcaggcatcatgctgttgataatgtcatc,84.19
ccggtcatcgaacaaatctcccctgtcctctcccgtcgtaaactggatga,84.19
ttcaaaaaatgattgagtcttgactggctcatccaatgtggaaaaatgtg,84.19
aatggtgaaatgttgacttgcatggtcgtggctaccggtgcataaataac,84.19
tgattatcactgctcttactgagttcaaaccaaccagccataatgactcc,84.19
aaaacatccaaaagatggaaaaactcgcccgtaacgaccaggattatgat,84.19
aattgcgccagttcatcgtcactcaatgcttttgagtgaacaatcaacgc,84.19
ggctcaatatcctgaatttcaaggccgccaatgataggtaaaatgtcgtc,84.19
aagagagtgtggttcttgatttaaagaatgatcacgataaaagtatattt,84.19
caccacttcatttatcgcggtgctgatgcgtttctggcaatcttgctgac,84.19
ccggttttgttcagaatgatgacgatgataacaatggcgataatggcaat,84.19
atataagcttgtgaatttctttcttgttaatcaggaagaagatggtgggt,84.19
agaaggtgacactctcgatcctgaagtagaacgacgttaccgtaatgcgc,84.19
aactccagtttttagtggttcagtgcttaacttagtggcacattctgtgg,84.19
tgctggatcgcgcggtagcggagtttggtcatattgatatcctggtgaat,84.19
gtttctccgtcaacgttaactttcgtgtgttttctgttaatgttagcaat,84.19
tttgagttaaatttaatgagcaagttctcaaattttattataaataaacc,84.19
accataaaccggtgattggcattgcgggtagcctgaccgatgatgttggc,84.19
catgacggaatgccggtgatgatggattgaccgtgatatgctcctcaatc,84.19
aacatcttcagcaacaggtatcggaaaaagtattagccgataatgtgtta,84.19
gcacctcaaacaaactgatcgcatttcgcatgatgcgttacgctattgcc,84.19
attaacaagcataatattgccattgataaaatagcatgccataaaaggac,84.19
tcagcgttcaaaaggccatgataaataaaaatttatcctaagattaattc,84.19
aactcccccgtcatacgcagacgcaagtaatctttcggtaataatacttt,84.19
aaaagccatttcgaaaaatcctggtcataaagatgcgatatcatggggat,84.19
tgacgacgctgctgggctggatgctgggtgatgtgcactacaatggcatc,84.19
tgaaatgctgaaagagttggttgaacgcacgccaggttatcatggatggc,84.19
ggatggttattttattgtcaatttatgagcgatatggcattgattgactt,84.19
cgagaactgcatcatttactccaatcacgcgggtacagaaactgactttt,84.19
ccgccgtccggactacattaaagagttctggaacgtggtgaactgggacg,84.19
ttgtttttcattgttgacacacctctggtcatgatagtatcaatattcat,84.19
ccaacgcgtaaacgccttgcttttcactttctatcagacaatctgtgtga,84.19
agatccggcaacgcttgactacgtggtgccgttcaaagtattcgaaggta,84.19
tcaaacaggcgagcagcgtttttaccgcgtagcgcatatagtctggattg,84.19
ccatgccactcaatcgcgacttctttaaaggttcgtgctttactctgttc,84.19
cacggacaacgctgagatttgcgcactttcaccggcaaaactgaaaccgc,84.19
caccagaaatcacttcgcaacgggagtgtttgtggcttaataatgaagcc,84
atgaggcagtgcgtctgggcgcggatgcggtcattgtgcatcatggctac,84
catatggacgacatcatctccggcgaattctcttccggtatgatggcgga,84
attcacggcggctattgctttctttcatcttacgtccttacgttttaata,83.87
aaaaccttatccacttaatgacactccattttatttattatactacaagc,83.87
catccgtaagagttgcgccacacctgcgcgtgtcggtacaaaataggaag,83.87
gcgcatttttcgttaacctctacattgttgggctaggtagtatatacaaa,83.87
acaagctggcccgcgcgctgacctcttcgggttttgatgccattatggtg,83.87
ttacccgccgtagttttggtcgaacgggtagaaatcaccataatggcatc,83.87
tttggcagaaaaatcgccacaagcaataccgacagtgttatttttaagat,83.87
gaacaacggataacagcaagtgcattggaccagaggcgtacaataaccat,83.87
aaaaagaataaaaaacgcaatgttatgcagaagtaaaatataattctgga,83.87
cctcccctccggtaatagtgaagtgagagagcttgttgtatccttcgata,83.87
gccctgcccggtcgtggacgtaaccaccagaacatacttatcctgatagg,83.87
ctgaaaccgatgcccaggtttgtttgcgtttactggcagataatgaagcc,83.87
ttggttataaaggcgacaaaactaaagtgtcgctgggtaaactgaacact,83.87
gctgtgggtattgtcgatggcaaacgatgtcaccacgttaatatgcacat,83.87
tggaccttgcgccgttccatcttatccatgtcgataatatcgttaaagat,83.87
tttaaaccaagcgcataagtgcttttagtcggatcggtataatcatcatc,83.87
ccagtttaaaccaagcgcataagtgcttttagtcggatcggtataatcat,83.87
taatgcaacagagataataaagacagtcaggcaggtcatataataaatgg,83.87
tgatggatatctcacttcaggctttcttataaatctgtagggtttcgcct,83.87
tgagccaatccataaacaaggattatctttgctatgggttaaaataagac,83.87
ttgaggttttttattaacacatcaggatcgcaagttgatatcatgaaaag,83.87
cttgctcttcaccagattggcccactcgctacgcgcggtattatcgagat,83.87
cattactccccagcgcgtactggaagaactcaacgcgctattgttacaag,83.86
gacgtctgctgattttgctgtttactgcgccagttgtagagttgtgattc,83.77
ttactgagcaagttattggcaaattaccgcctttaccgaaagattgtatt,83.77
gctgggctgttcgctaagtttctacaacgccattcagtataagtttagtc,83.77
cctttctttgccgccttgcgtgaacgcgcaggtccggtaacctgggtgat,83.77
tcttggtgataacgctgtaagaaccctgacgggtttgatagagaaacagc,83.77
cccgcgttgcaggtattgcattatctcaaggtaatacttacaacgaaacc,83.71
aagccttcctcgaatttgccgccgaagatttaggtgccgattatatcgct,83.64
ccgacgcgcgctggggagaaaaagcaacttacagcattaataatgacggc,83.64
ttttgggtataaaattccacatcccgctgctggcgttaaataatgacgat,83.59
tagcactggtgatggttggcagtgcgctggtgatcgccttagggttaggt,83.59
ccttatattcacccatagcattggcatcaactgttgagtatggtgagaca,83.59
gatgacacgggattattgcggtttactttgaggaatataaaatgcgagtt,83.59
tgtcaggacacggggcttgtagtgaaagcgcattacggtaacgtcgttct,83.59
gtgggcaaattgccccatcagaatatcaaaaccgttggtatctttgaccc,83.59
cacatcgttaaatggcggtttctcaaggttgaagttgtaatattcgctgt,83.59
ccggttacagcaactttgtcagcgttcagaacgatgatgtaatcaccggt,83.59
aaggaaaacgctggtttgacaatcttgccgctaacggaaaaatcgaaatg,83.59
cttccatcaaaaaagtgacaaaggaagcatcaaatgttttaagtatcaat,83.48
ctattctgcattgccgctaagacttttcccatcacttcggggacaatatt,83.33
actcctttagtatcaatttttttgggggggattttattaataataattac,83.31
ttccctgcgctcagcaaaaattagcggcaatgtcgtgcgattatatgctg,83.29
ccagcgatgaccacatggccgttacggcgtacgcttactatagttgtcac,83.19
agtgtgattacggttgcaaaaacggcaaattgcttgttttatggcacatt,83.13
cgacgcaagcgccgtggaatgaacattacaaaatgtatgactatatccgc,82.88
ccgtaaggtgcgccattggcaacgatcacgattttttgcattatttactc,82.88
gccataatatccgcactgttgctcaatcagaaaggctttatatttaagga,82.77
gaacctaaatctggtgcgtctaccaatttcgccactcccgcaaaaaaaga,82.72
ttggtcatacaccgttgcgacatcgcgtggatattggcaacctgcattat,82.59
cgttaaagagctattttaaaccgctgaattttagcattatctgggaagtc,82.59
tacaacaccctcataaacaaagggcaatcacctgatctaagctcttacct,82.58
atctctcctgaagcgctgacttcgccaaaccagccgttatcatctaccgt,82.53
catattgcggaggtatgatgctgacgctggggctggcatataattacgtg,82.53
tgatcgtagttcagagccagaatatggctggaagcgatagagttattagt,82.53
tgtcgcggtccgacacttccggcatatcggcatcgcttaaaatcgagaac,82.53
ttaatggtaaaaagctgtcacaattcataaaaaaccttaatatacgccac,82.53
ttggtgacaaagaaggtgttctgacgaccgagaatgttaacgttgttaat,82.53
gggttattacccaatttactgatgatgtctttcagtccattgtgaccacc,82.53
gtgataaaggcttgcgcctgacgcgacgggcagaaagtaaaatttatcgc,82.53
tcagttttactccgtgactgctctgccgccctttttaaagtgaattttgt,82.53
tcgcgtgctttttgctgtgcaggcagctttttgtcttcgatgattggata,82.53
aggcggatgccaaattccgtatgctgccagaagatgtcgataaactttat,82.53
agcgcgtccctactgctttgatccaacgaaggaaatgttaaagttttggc,82.53
ggatacagcgcctcaaaacccagctcttcgagttcggttttaatgtggtg,82.53
tacaggcgaaccatatcgacgaaaccttcacctgggcgcatcgtatcagc,82.53
ccgcagcgatggtacttcaatcgccaccacattcaggcgatagtagagat,82.53
gtggctttgatgattcattcctggcaccgcattcgcgctatgctgacttt,82.53
atccaccagctgattctggctggcttccatgcccacggtatcgatatgcc,82.53
agcgtggtagggaaactggtggtactggttgatagcagtaagattggcga,82.53
tgatggagctgcacttcgtcggcctgcagacggctgttaccctgcatgat,82.44
gctgaaatcacggggtttgataatcagcgtgttggaggtagaaaattcat,82.44
attgtatagcgtatctgcctgggaccattgtttcaggtagattgcccgtt,82.44
gcacctttgctgtcgctgtttattatcccggcggcgtataagctgatgtg,82.44
gctctatcagcaactacaaaaaagccacaggatgagcgtacacttcacca,82.44
ccagaccactttaatttcaatgggaacgccagcattgagataatattttg,82.44
tggttcctccttatcgttcccttaagaatactgcgtgagataatagtgag,82.44
gttaaaggccatcaggggcgcgcattggggcgtgacggtatgattgaagt,82.44
tgacgatcgttcaggtattaaaaggcgtctataacgttaaaaatgtgatt,82.44
ggtgttataagcctttaataagcttagcaagagatgttaattttttcagt,82.44
aaaattgcccgcaccagttaaagaaattagggcgggagtatactgcaaat,82.44
gtgccattgctgccgcaaaaagtctgctttcagacacattaaaatgggtg,82.44
tggcggcttttcagatcgtcatcggtttctgccgagtgcagaatacgccc,82.44
gcactaacgaaaagtcgccgcccaactcgccatgcgccacaatatcaacc,82.44
tcagcatcagatcttccttgaaccggaaggactgacctctaatgaaattt,82.44
gttcggtcgggaacggacctgcacctacacgagtggagtaagctttgagg,82.44
tggtttctcaataaattgctgaatgtcacgatagctggtttcatgatgct,82.44
tgaaatatccatgatgttgcaactttgtgcaaccatgttaaatgtgacat,82.38
gccgttgactattgatgaaggtaacatttttttaaaataaaatgagtttt,82.36
cgttcctggtaattgtatgaagattgcaacaatgctgtagacttacccgc,82.19
gttttaagctctatctcaacagttttaaccagacgcgttttaataactgg,82.19
gccgttcgtcacggttttccgaaacatcaataacaatgatacgttgatgg,82.19
aggttatcgtaggttttatgcaactgataatggcggcttaaaatgtcctg,82.19
tcttattcctcagtgttcttaagattaagatcattgatgtatgatatgaa,82.19
gtggtcctcctcctgccccttcggttaagctgattggctaccatcaaaat,82.18
aatgtgagctggagtggtcctcctcctgccccttcggttaagctgattgg,82.18
ccccggctacctgaatgggttgcgaatcgcgtttagcttatattgtggtc,82.18
atatagtatcgaacatagaaaaaactgaagattcatcttattttgtatat,82.15
ttccagtaaactgtgtagatgttcgtagatttccgagccataatcgaaaa,81.78
acgtaatgaatggttttgataccctgctttttgaggttaccttcaagagt,81.73
gaagatcgccggggttgagcttatcaagtaaatcggtgaaagtaccgtgc,81.73
cctgctgatttagatattaattgggtgaactcttctgccataatttgttc,81.73
atttcaactatagggccgttacataccgcaggctgcggtacacttaccgt,81.73
gccaaagtctgattcgttacacagcaccgattccatgcaattattcgtgc,81.73
ggcatcaggccatatagagatcccagaacgattcctgagataatgcagcc,81.73
ttctgctcagcaacgtgagttgttcagaaacttagttatattcgatgttc,81.73
attaaatagtgaccttattgcaacaaaggcaggggatgttaccgtttata,81.73
atattgctgtttggttttacggctaaagcgaaccatggtcttattacctt,81.73
ctatttgtgatggcatagtgtacgcgcgctttttcaataatatgttcgtt,81.73
tgtttcagcatccgttttcagcgcaaccagataaccgtaaaatgtttcac,81.73
gaaatcagcaagcaaaaaatttatggtgtgtttctgtttatactggagtt,81.73
gcatcttcgcagtgctgacatgactggcgaaaaaagtgatactgcgtttc,81.73
gtgctgtttaacgaggtcattaaaacgtccagttgggtaaattgttcttt,81.73
gcttgtaccatttggtagccagtggtaccacaacctggtacgattatgct,81.73
ttctttcaagaatctgtgcgacaagcgcggcgacagcgtaagcttcgatg,81.73
gattaagctgattgatggcggaaaacaaaaacgctgctttactgatattc,81.73
tcaatcatacacgggaagcgaggcgcttcccatcacgttattatttttca,81.73
aacggcaaagtcgcttccgctgcgcccggtaaacgtttaataatcgcgcc,81.73
gaaccacgcagaatttccatcataagtctctcgtcttctaagctttcggt,81.73
tacaggatacataaactatacgaataggttccagttttataatttgctgc,81.73
tcgcgtgttccaaaggtcgcataaggcgcgcaaggaatagaattaccgcc,81.73
ccacgcgagcgcctcgcgcgcgatatctgctttatgcgcataatggcttt,81.73
tacaggttgccgttacccacaccagcgctaacgatgccatcatagcccgc,81.73
taaagtcgaaatgagttgttaataaaaaacggcgtttcataatgtgaagc,81.73
ccgttttcttaacatgcgggatctcatcgcccgtatgcataatatcgttt,81.73
aaccggtgatattgcgccgggcgaaagcaacagcgtatatccttgaacat,81.73
ccgggttcttttcattggcaaaggtcagcgcctgttgcaggatttcaatg,81.73
tcttatcaggccgcctctcatctgtataaatttcgaactacacttaactg,81.73
ggaaatcgcaggaaataacattctgcttgctggcaggtatcctgatgttc,81.73
acggctcttaacctgtgctaaaaaacgaaaggacggcataccatgaatat,81.7
tgaagcgtcatggcgtggggaatgcgggcggcttttggtagcatgttatt,81.63
aggtaatggtgtgattgtggtacccgggtaggacaatatatagtcgtaac,81.63
caggaaaggttaaaaatccgctggcgctttaaacgtcatactattgccat,81.5
gcctatgatctggtggttccttcaacctattacgttgataaaatgcgtaa,81.5
ggaaccttatgtcgtgccgggcggacgctttcgcgaggtatattactggg,81.5
aaatagaaactggccctcgtctttttttctcctcgctccatactgccggc,81.5
gcaaaagactattgtctgaaagtgaagtccttgtgaagtatgatggcggg,81.5
acaaattcaaagaagaggcgcacggtgttagttttcggtaacgtaatttc,81.5
gtacgccaacatacaacaggggtaatcctgatgatgctacgatggtaaat,81.5
tcggaagtgtcgtagtcggtggagacggtttccgggttacagttaaccat,81.35
gaactgaaccgcgaagcagctctggcccggctggtggctatgattaaaga,81.35
tttcgctttaaacggctgggaaatcaccaccagcactgcgacaatcaggt,81.35
aagccgtctggtgggtgtcaacgctgcctgctcacgtcaatatcaatacc,81.35
tgtattctctgtcatttctaattgctggatatgcaatgtatattaatagc,81.35
gtgaccaatataggtctcaatagcaggcaaattcaatgcatactcttcac,81.18
atgatatcgcacagcttaagtttctctgtgaaaccctgtatcatgactgc,81.12
aagcactttaaaaccggcaaagccaaggtcttttaccgtatctttgtcat,81.12
gaatcccttcagccctttacatagaggtgcaaggatgctaattgcaacaa,81.12
gctttcttgttgcttatcggtaaagataacctggcggttatagtgggtat,81.11
gtctgtggggaagttggctgacgaccctcggctcctatatgtttgttacc,81.11
aagcataaaaaaaccacacagtaaaaccgaaatatgaaacaataacagat,81.08
acaaaagcataaaaaaaccacacagtaaaaccgaaatatgaaacaataac,81.08
tgggcaaattatcgatgtcacaccctcgctttataccgttcaattagcag,81.05
gatctgagtccgtcagggtacggcagcgatcttattgttaccatcgaaga,81.05
atcccaacactgactggaatgcgatcttttcgttatgccaggctatgagt,81.05
ggctgataaatcgtctggatgcgggttctgtcgttctgtatcgtggtcag,81.05
atctcccgtcctgtttcgctgatatcaagactggcaatatcatcatccac,81.05
ttagcgataatctgttttacgccaccggaagaaccgataccctggtagtt,81.05
gaagccaattatcgagccgctgagcaaagcctatgatgcatactccttcc,81.05
ggtgagcatcatggtgaccttgctgagtggctgtggcagcattattagtc,80.81
ttttataacgatggcacaggaacaattgttaactatggtacaatctgcac,80.56
atatcgaaaaacgtctggaagcgtttgtccgtatcgctcacggtatcatt,80.56
ggggtaaattctactttatgcagcaatgcgatcagttcatcgtaacaacc,80.52
atgccaatcttaatgcatcttgtagagcattttctgctactacttttgac,80.52
tctttccccgccgctttcatctgctctttcacctgtggcatcgtactctg,80.52
tgtctgtcaattctcttgcggtttgtacagaaaaaatttcttctatatca,80.52
tgtgcttatcgcgatgattttcgctgcgctatcagggtaaatttatagtc,80.52
cccgccggattatatccattgctggcattaagtggcggtattctgatttt,80.52
cgctatgctgcaacttacttctactgactctggatgagtataattatact,80.52
ctgcaacttacttctactgactctggatgagtataattatactatctggt,80.52
tttttttgagtaaagcgcctataacacataatacagaggataatactatg,80.52
gaagccggaaggtttcccacatcaggaaattcgtcagtactctttgactc,80.52
atcgtattgtgctggcattttcatcagcccctttttgccatacttcatgc,80.52
ttcctgacgttcacgcagcggtggcagagttatcgggataacattaagtc,80.52
catatgcagcggcgctttacccggttgcagcagcgacataccctgttcgg,80.52
tactttacgcagcgcggagttcggttttttaggagtggtagtatatacac,80.52
gcgacggcttgtgcatggaagacgaacagttttccgtcaaacattacgaa,80.52
atgaaatcggattgagaactgctggccggacgaatcagataaagttggta,80.52
acatgttttctgctactgacaggtggggatagagcgcgtaagactgaaac,80.52
aatcttcatcaccagatgattaatccaatctccgctgcaacaatttcgcc,80.52
cggggttatggctgttgctgccaaaacgaaaaacgccggaaaatggcata,80.52
gacgtacacaaatacaaccccaaaaccaatagttgggttaaattgatgtc,80.52
ggtatgtgtttcatgtttgtttccttaagtgactttagtacagtacccgt,80.44
gtaaccctgcgtatttgactgaaattcagatctcgatcaaagctgacgcc,80.22
ctgcgcgtgaaaagattgctgcgggtgcctcactggtgcaaatttattct,80.18
ttttgcggttgatcggtacgaaaatctttaccatctttaatatcgtctaa,80.18
acagaaacattcatatttaaaatgttaaattgaattgatattttaaatat,80.18
tttaaaatgttaaattgaattgatattttaaatatgaataatttattcgt,80.18
ggaaataacaatcccggaaaaaaatagcagtaagagatatattaaaggtt,80.18
acgatcagctttcatgcctcttgggtatggctcttgcttataatgtagcc,80.18
cgccgtgtgccgtttattcagagctgtgcatcgtggccgttaatgatcat,80.17
caacgcatatcaacgttgttttttatggtaatacctgcttcatttaagat,79.92
cgataggtcactcagtggatattgcagcggtgatcggcactatcttcggt,79.92
tcacatatatttagctcctttagcctcggcaactgctttatcgtgctgga,79.92
tgagccatgaacatctggatcaccggggagggctggattcaatattgcat,79.92
actgtggctggccggatgcagctccggcgaaattaataaaaactattacc,79.92
ctggggattattgactagcgcatttattgcccgactcatacgctttccgc,79.92
gttatttggctccaccttacttattattattgccgtgttaggctatatct,79.92
gcctggactatattagtggaggtgtatacggctttggtcataataataat,79.92
atatcgttactgacttcccgccaatccgtatctggggcaccatcggcttt,79.92
atcacttcagaggtatttatggcaacgaatttacgtggcgtaatggctgc,79.92
tgtaccggacaaccgagaatttcctgcgctttggcaataaaatcacccgc,79.92
tccctgccatagtcttccatccgtggaacgcaatttgttataagaaaggc,79.88
aaggtttagttatttcgcttcgcttagtgctttcttgatattgttaaact,79.88
gtgacgagccattgttggacatcgaacaatccttttgtgataaatgaacg,79.88
atcgctatcccgtctttaatccacaccgtttgccccgttaaccttacctt,79.88
tttcgaaaaaacccgcttcggcgggtttttttatagctaaaatctgaatc,79.88
gttatgcaaggttgtttgcgccggggctgcatgtgctgtcgtataacgaa,79.78
gctggcgttgcaggctggtgagagcgagtattttaaattttactatcatg,79.78
gtgttgaaactgctcgccaggtaacggaagcatcggacatcatttttatt,79.78
ttccccgcgacggtgtgccgccgaggaagttgccggagtagaattgcaga,79.78
gcaataatgccgttcagattatcgcgcagcgtctggttaaaatgacgatc,79.78
ttggttggttatccgataaaattggtcgccggatcccgtatattattatg,79.78
gcgggtgcgctggtggtcgtttctggcggcaaattgttactctatctggc,79.78
ttgatgccgatttcagttttagccgcttgagtttgttagatcgtggcttt,79.78
aacagaaacaattggcgcgcgcagatccggttcgtctttatcctgatgca,79.78
caaagccagtcatcgccacgcatatcgccaataaactgtaagttatcact,79.78
tacagcccgcgtgaggcgtaacaggtgaatcccagcagtaaaatcaggcc,79.78
tggtggcaataaaagtaaacttgccgcgcggtgactggtaagctttcgcc,79.78
catctttcaggatgtaacaaagtgtttgcaaggtcgagtataaggaaagt,79.78
cgctattttctggccgcgggggctattggcgcgctgtataaaatgaacgc,79.78
cgctcgtatccgctcaccagactacgtgcgcgatgccgataagctatttc,79.78
tccatttctggcggcatcattctgtttctgatcgccattaaaatgatttt,79.78
gaaaaaatcgacgttttcatacaccgacaaggtgtggtagaggtttttgc,79.78
tgtctctgggcgatctggataccctgatgccacaggatatgatcaacgcc,79.78
gaccactatcgagctggcaatctatcaggcgctgagttacgactacgatc,79.58
ggatccagttcgcggttgtacgctttgcaggaaccttcgatcattttgat,79.58
atatcgtaaatctgattgtgaaaggaaaaattcatctggaagatcagtct,79.58
ggcgcgcggtaaaatagaggccgccgtttcagccgtaccataatagatgg,79.58
ccacgggcagcccgtttaatccagtggtatggaaagataaaatctaccct,79.58
tcattagcgaattgatcgctgccacgctaaaagaaaccataattgggcat,79.58
gtcgctacaattcatacaactcatgcgttgcagcacgatatcatcggagt,79.58
gcccgtgggggattaccacaaacgccagcgataatgttttaatcaacggt,79.58
tttaatgccgcaagctgatgtaagcattctccggcattatagtggctggc,79.58
ctggcgcagatcttgcgtttctgactaaaggacacaatatgatttatcct,79.58
aactttattattagttaccactcagcgcaggtttgttatcaatattggtc,79.58
tggatgatggcgagctggagtttcttgaaggccgctggttaagtattcat,79.58
tgggtaaacatgcaggatgactaccattgcatttactgtatcgttgacca,79.58
tttcacatcccagcgttccagcgcttctggcatcagggtatggttggtgt,79.58
ttccacagaatacgcttaccggcgagacgcacggcggtacgataaaattc,79.58
aataatatcgaccacaatagtggtgacgccgagcacgatatactgcatca,79.58
aggtatatacgcgctggataccggctgctgctggggtggtacattaacct,79.35
cggggaagtcggcatgtacgtgtgtggaatcaccgtttacgatctctgtc,79.35
gacggtcgagcggctggcgaggcgcgggttcaggccccggatgccaaagt,79.35
agtgactgcgccagacacgggccttcgttatacgcaggtataatggcgtc,78.84
acaatttgccagtgttcgcctggattcacctgccagctaaggttattaag,78.84
tgtaagtcgctgaacttacaattggtgatgttggcaccgataatctggtt,78.84
gacgaccgccggttgcagcagatcgtttagcacttcgctacctttaaagt,78.84
tcggcggtgaagccattgagcatgagaatttctccagtatcgttaatgat,78.84
tcatcgcttaagctgtcgtactcatgttcgaaaaacggcatgattgaaat,78.84
tctgatatggatcagagttgaaaaacatgtctgatataaaattaaacatt,78.84
aggccaaaggcgtcaatgcgcacattgttgccaacgtggacaatcaggtt,78.84
ggcgtgttagccattaacgccgtattgcactgaaagaataaaatattgtg,78.84
tggtgatatcgcgctggaactggcggcggtgtgggtggaaaatactgaac,78.73
tgattgtgaccggtgcgctggtcggttcttcgggggctatcctttcttac,78.64
caggactgagtaatgttttgcatgttctgtgttcctgtaaattcggtgtt,78.54
agcgaccaccaccctgtgggacaaagtaatggaaggcgttaaactggaaa,78.45
cattcatcgcctgttcaacatggtcatagaccgcgttgtaccatgggttg,78.45
ccgctcaaacgcggctgcgattatcaagatgtgctgaatatgctgctgtt,78.45
gcggctgcgattatcaagatgtgctgaatatgctgctgttctacgccagt,78.45
caggcgggcgcggttgccattcgcattgaaggtgtggcaaatctgcaagc,78.45
ttacctccaatggtgcgcgcgttcacgatctggatggtaatctgattttt,78.33
gtttaattcgctatcgagcagtagcgtaccgccgccggtataatcaccgt,78.31
atttttagtgcctgtagcatagcggatgaggatgtcagaaaatgtatatc,78.28
tcgcagtagaaagctttgctcaccgcataatccgtcgcaataatcgcaat,78.17
tctccggcatgcggttgcagtgtaatcactttatccgcatgattaatttc,78.17
tccttcctgaaaatcgcgcaaattctatatattgcagagatcatgtaggc,78.17
atcaacaggacgggttcggagataatcgatggttatgcgataatcatccg,78.17
taacgattgttttgtttgctgtaactgccaccaaacattagattgtgctg,78.17
ttcgggagccatgcctaaatccggcagaccatcattgttattatcaaagg,78.17
atttgggtaatacgttgttggaccgacccggtctggttatcatatcgcgc,78.17
cagaaattcgtaaagttccggcgttaggaaactgtgacactatgagtttt,78.17
atctttatctgtatctttattagttgcctttgtgttgacatcatgttcaa,78.17
tttttgcgaaggttataaaatccttttttcaaccatggtaccttatatga,78.17
gggcggtgcgcgtaatgaggcgttatggtaaatagcctatgctaatgtcc,78.17
cgggtccgtgtcggttgtgcttcagtctgcatgttatccatcattaaacc,78.17
gcctcctggattcaggtgctaaagtaaaaaaagaagcggaaaatagcagc,78.17
agcaacattgcggttgcaggaatcgtgtttatcgccagtattctggtacc,78.17
ttgcggttgcaggaatcgtgtttatcgccagtattctggtaccgtttact,78.17
ccgggctcattgttatggaggacacgcaggccattgatactatccttgat,78.17
tcaactgccagagtgtactgcgttaaatcattggtgccgatactaaagaa,78.17
cacgatagagagcacagccttgtcgatattttccatgctaaataagttgt,78.17
gccaggccatgcttttttgctcagtgcgcggcgggtaactaataattgtc,78.17
accgacaaactgtgctggagtacgtaacgtggtttctttaccatttttca,78.17
acctcatgactcatttgcccgttgaatagacgatgacgaaatctataaag,78.17
cttggtgaacaaagcacaatttattgaaaattatccctattataggaaag,78.17
atttggttggcgcactggaataatctgagttttatcactacagcttatag,78.17
gttgcggcaacaagcgttgctaaagtatcgagatgaaacatagttactcc,78.17
atttataacgccaactttaatgtgttttgcatcgctgctactctggtcgc,78.17
ttcaggatgatgccagcatagaaggtgttgaatttgagtatgatgaagag,78.17
ttgtttaattgtgcgcgcagagtagcggagagtttcggataattatcgat,78.17
gtaaagattgccccttagccattctctcttttccttatatgcttatttgt,78.17
aatatggcgctgatgtaggattggtactgatatacggtatcattgtcggc,78.17
aataatagcggatgttgatgaatatgggatgaaagatagattgttgaaat,78.16
gtactaacgtgccctatataaaaattagcgcaattgattacagtctaaat,78.11
ctcagcattaaattcgaggttggcaggttgtatggagtagtgtttcacgt,78.11
cagtaccgcttttcgttctacttgatgctatctatgaaaaaatccctttc,78.11
ggttccagttcagtaccgcttttcgttctacttgatgctatctatgaaaa,78.11
ctgaatcaatattattgactataagccgcgtgaatatatgactacacttt,78.02
ggctgactcgcaggcgcaacgcctgcggtataagcaatatatttattgat,78.02
tatttgaaaaactggaatatgaattcccggacaggcatataacactgtgg,78.02
ttaaggtagaaggtaatgtcagcgaagtgctggtgaagtttaatcacgat,78.02
acatctgatacgaactggttccatcgtgagagttgagtagaataatttcc,78.02
caaatcgctgggtaacttctttaccgtgcgcgatgtgctgaaatactacg,78.02
caattccgccgggaattgcatcgactgcatgatgtgttcgatcatgctgc,78.02
ggattttctcgctcagtattaccaccaactggctgggctacattttactg,78.02
tgttttgcgcggtcgatcatctgcgcagaaagatcgcataaaatgacctg,78.02
gagcgcgctcatgagtttacttttcagcaattacgccgtattacaggaac,78.02
cctgtttttgctcaacctggaccagagtatctgcctgataaattggtgtg,78.02
gaacaataaaacagcatgtcattcatatttttttagcatattgtgcaatt,78.02
cataagtaagatgagaggttaccatgcttgaagatactacaattcataat,78.02
atggcaaccggcgacgccgcgccaacgctaatgcgtgatacgctctattc,78.02
tgagcgctttttcctggttgccgttggatttctggcctatcacttctttc,78.02
ctgtggctatggaaggtgataagaacgcgcagctggttaacaatggcacc,78.02
gtcgatagttttacgcaatgccagcatgtcgtattcggtattattaccta,78.02
ccgccagcggctggctggcggacaaagtcggcgtgcgcaatattttcttt,78.02
caaacgctgccgggagactgttggtaatcaccgtgatatttttggcggtc,78.02
catcgctaagcaccattgatgcggcaaaagcggcattttatcctgacatc,78.02
aaaaaaaacaacagaggactaaaccgtggcttttgcaatacaattcttac,78.02
tccttgaagtggagttgacatagcaatacctattagttaattaaatatgt,78.02
aaatggaattacgcgaggctgtagctgaacgagatgctattatcgacgac,78.02
tagatcagcggtggtgaaaagagcggtaatggcatggtataaggcgcaat,78.02
agcatactcggtatcgcgaacgccactttcgcccacgccgggcagatcca,78.02
tcttccacgatctctactgcgtgtggggcggtacggataaaattgtccct,78.02
aagcagagcgtttcctgccgtcttttatcgacaacatcgataatttaatg,78.02
caggaccaaatcgctgatagcacaaagtaaggcaatcataatgtggtact,78.02
ataccggtaaaatagttgcgccctggattccacgcgaccatagttcagct,78.02
tacggctccgtaatccccgccggcggtaacagatttgcgatactctaaaa,78.02
cagtaccatagtgggttttatgatcgtcatggcgagtatacagtgtggcg,78.02
gccgacaacggggagatcccacgcttgaccggtaatggtaaactccggct,78.02
cgcatgattttcgctgtctgccagtcggtaatgtctttatcatcaaacac,78.02
aacttgaagcactattagcatgttcacaaatgttaggtataaatcaagtt,78.02
aattatcagcgtacccgctggctgacactcatcggtactatcattaccca,78.02
gcgcttatctgcgccgtgccgtggggtaatacgtccgtaaaatcatcgct,78.02
gaccgctatctgctgttgccaaataacccgaatatggtcattgtcgacac,78.02
gctggcaaccacatgatcgttatacaggttagcgttgtcataatcgttat,78.02
tcccgatgttcactacgtcagtgattgctttgccggtataacctttccac,78.02
cgcaaacagcgccgcttcccaccagtcgcctttggtgtaaccattgatta,78.02
acatcggtgatatttttgcttcacgggcaatagcgaataaaataggtacc,78.02
gcctctactattcatatgaacggctcttaacctgtgctaaaaaacgaaag,78.01
agccgttgggatgaactgctgcgtaaggataccagcggtaaactgatcca,77.81
tgctgtttcgcttgatagtgatgacgtcgaaacccgtatgatgagcaact,77.81
cgttccaataccgttaaataacagtacagtcgccgggttaatatgaaata,77.81
aaaagtgctacatacgtgaagttatgacgcataaagaatacgatttcttt,77.81
aggacaaagctgccttgcaaaaagtggtcgcggaacgtaagcagtcgatt,77.81
agaaagccgcaaccgcggcttgagactgatgacaaaggtaaaattgcctg,77.7
ctggctgtaacaatactttttcaaaatgcattacggataacatctattac,77.65
tcaacaccgtgtaatttgcaacaagccgcacaattcacgaaattagcgcc,77.65
atgcgacgctggtttcgattaactaaatgaaatatgtgaaaattgtaggc,77.65
aggcgttttataacgatggcacaggaacaattgttaactatggtacaatc,77.62
gaatacaaccggtcagtacggcgagcgaaaaccagataaaatggctgatt,77.62
ttcagggtaatttgcagctctgttttactgagtgctttaacatcaacaat,77.62
atcacgatccggaccatatcgaaaccttgcgtaaatttggtatgaaagtg,77.57
gctgcgccgcattatgctgtgcatctctgatacctccgcgaagctagcga,77.46
ccgttaagcgtgagtcagcgcagccagctgcgccgcattatgctgtgcat,77.46
acttcctccctgatcaacgaggatcactgtttctcggtaatatctttggc,77.4
aagtcggcaaagtgttcgattttttcgaggcgttagcggaagatcgcggc,77.26
cgcttacgtttacgcatctgggttggcgtcagggtgttacgcttattcgc,77.26
agatgtccagatgtattgacgtccattaacacaatgtttactctggtgcc,77.26
gcgcaaacgcaacactattcacaagacaatttattctccacgctattggg,77.26
ccagtttggtgcggctatcacctatttctcatttttgtcgatgataccaa,77.22
aagagcagcccgcacctggaactgctgcgtaagaaaggcatcgaagttct,77.21
aaggggcattttcccaggcatttgtaccgattctggcggaatataaaagt,77.21
aggatgtcgatgattttgaattgcgggcgctggtggcggaaaatatggat,77.21
ggaggtgttcataatatcgataagcaacgcggcggtgatataacagtcat,77.21
gctatcgccatgactattgccggttttgtcaatctggcgatgatggctac,77.21
gatctgatgacgctggcaggctttaaaccggctggtgtactgtgtgagct,77.21
cagcgtacgggttcatttaaaattcgtggcgcatttaataaattaagttc,77.21
ggaacactggcaactgttcaacaataacgaagtcctgttcaatgaagccc,77.21
tgcatcgggatcagcgctgccagcacaaacacggtgccgataaagaaaat,77.16
ctattacggaagagtgagatttatttgttagtctggcataatgatcaatt,77.16
acacaaacttttggatgttcggtttattctttttcttttacttttttatc,77.16
tcggatggcttcagctcaggtttacgcttacgacgatttggtactctgta,77.16
accgatttcacacccgcactatgtaacaagttcagtgctttaattatttc,77.16
aagcattgggtaacaatattaatggcacgccggtcaactataaggtttat,77.16
aaccgttttgtgccatgtaactggcgtacattcccatgtagtctgaacgt,77.16
attgtgtgaatggtgtgaccgctggcctgttcaaacggcataatattgac,77.16
cgacgatcttctcgaagccaaaagtgctgtacatatcatagactaaacgg,77.16
acagctggcgttttcatttataaacagaaaggaaaaccgataataatgga,77.16
tcaggattatcctcactataaaaataaccctgatgatgttaattactgtg,77.16
ggacgtgaacaacttgaccgcgctgaagggataatgagatgagttattct,77.16
atggattacctgggttctcttatgccgatgctgacggtaagttttcaggt,77.16
aataactcatgcgcttccacacgtccgcgcgctcgcgcaagaatatgcaa,77.16
cagatcaccgcatcgacatcgcctttaacaatgcgttgtaaactctcgtg,77.16
aaagcacaacgggtaaaggttgatcctctgcgttcgttgaatatggaagc,77.16
atagccgtactatcacgcttatcaagctgttgcatggcataatcgtcatt,77.16
tcaacggcaatcttcttgcgtaccagaccgtagaaggcaaaactaaatgc,77.16
tcgcctcgacgcccttaatccgcgctttcccttcgttgtaatatttcagg,77.16
cgttgtggcagggattgctttactcctgcttttaaccataaaaattaagc,77.16
ccatctctgcaatatattgaatttgcgtgcttttgtaggcaggataaggc,77.15
acgctaacaggcgcttgagagtcggccacagttggctaaaactacgcatc,77.12
tgcgccaccggcagtttgaggatcgccagcccccctgccaacatgatgat,77.12
aaacagatgaatttttccgtaagaacggattttttcttcatactggcggc,77.12
gtcactggcgttcgtctgcgcgatacgcaaaacagcgataacatcgagtc,77.12
gctgcctggtggcgtattcatatttttagttgtcatcgtattttataaac,77.12
ggtggcgtattcatatttttagttgtcatcgtattttataaactcaaatt,77.12
aaacctatattacttgcgcagaagccaacgaaatggcaaaaactgacagc,77.12
attaccgtaaacaaagacgcgctgtgccagtactttgtatagtgcacgac,77.12
atacaacacgggcacaactccttgttcgggaaagttgtaaagtacgttat,77.12
ggcaatgcttaatgccgctgctttttccagattggtgatatcctgctcca,77.12
atatcgctgcgtgatatttacccatggctgcttctggcatcatcatcact,77.12
tcaggcaatgccacagcatcggcaccaatcttactgataatttcattaac,77.12
acgaaattcgtgacgaaattgtgccgatcaacaaaaagtacaatatcgaa,77.12
ggcagttcaccgacaatggtgatttcggcgttatcacgtacgcttgtact,77.12
caaagccgtagcgtttgctcatttcacccgtagaggcggaaactaaatca,77.12
cttttgcagccgcgcggataattctggcacacttattgttagtcccaggt,77.12
atcgaccctaacgtcgaaatctggatgctgtttaccaatattattctgat,77.12
ctgccatggcgaaggctatgcgaccgtcgcagatgctgtatattcaggtg,76.78
ggctggggctggcgatttgcctgaacattgttgaagcacataatggtcgc,76.68
cacgcagcaccgccatcgaggcgttacgcatgatttgatattctttgtcg,76.63
gcacccgccggatgcggcaaaatacccatcgggatgccataaatcatttc,76.63
caggaaaggtcgcaggcgcttaccacctaataatgcgccatactgcatgg,76.63
ccagctccgccagtgtagtcggcagatgaaaacgctgatacgctccagtt,76.63
ggctggcgaccatcgctaacaaattacaaagagataccgattttgattat,76.63
ttgcgcaatcgccgctttttcttccaccggaaaatgcgcagtatcgaaag,76.63
agttatcagaatgcctttatcgatctgaaaaatggtcgtattgatggggt,76.63
cgtgagaacgataaagcaccagcccgttaagccacatttacaataaccat,76.63
gcagtttatccagcgtttccagaccgttcatgccgggcatattgagatct,76.63
catggcgggatgaaatgatcatgagcgcaatccgccatatgatattgccc,76.63
tgtcactgctggatgtggtgcgcaatgtaaaaccagatattctgattggc,76.63
atttgcgactggtctggaggtaactgatggatattgtgtaacgtaaccca,76.63
actcgcagcttggagatacccactataaccgccaggttatctttaccgat,76.63
aaagcacgcagaagatgcggcgaggttttccgttacgctattgtcaccgg,76.63
tggcgatgtttacccatgttgccgccgctgcaccgggtaaaattactgct,76.63
acgttactggcggttgcccggatctggcgcgagcgattacctttgctcat,76.63
taggcggggatatgcaggccgagctgattgacttttgccaggctaaaggg,76.63
tgcgaaacggtcctgaattttggcatcaaccggtttggtaacatactgtt,76.63
gtggatatttcctggttttttaacggttcattaatggtaagttcacaagt,76.63
ccggatgtttggcagacatagtaactccatgacttagctatcattattat,76.63
cgtttcatttaccggcacccattcacgcgctttgtgatatgaaaaccctc,76.63
gcagagatgtaagccggatctggcgcgttatccggctaaacttacacgcc,76.63
ccttatgaagttgccgagatacgtccccaggtgggcggtattatcattaa,76.63
atgaagttgccgagatacgtccccaggtgggcggtattatcattaaacgc,76.63
tactgggttcagcacaacccgaagggtgattatgtgcaaggatcagcgcc,76.63
gggcactaaaacagcaatacaaaaatataaccctctgtaaattacagggc,76.63
gaaaccatggtcgattccggcatcattgaagagtctgcatattatgaatc,76.63
gggcaaacgcgacgaactgcgcggcctgaaagagaacgttatcgtgggtc,76.63
gttctatgttgccgcctttgccatgtcctggggtccggtatgctgggtac,76.63
gcaaacgcgccgacctggtgctggcgcatcgcaaggacaatcatattcat,76.63
attgagattgccacgctggtgaccgatgccaacctgaatattctggcaga,76.63
tgtttataccatgctgttgccatatttgtttcctgtgttattctaatata,76.63
gtgagaacgttcacgtgaaaacgcgcaaagctgaacaaataaaaaattat,76.63
ccccatcaaacaatgatgaaaatgattgaacgcgattataggataaaacg,76.35
aaatacgcggtgtgttttcgtcgattggtaactcggtcatacttctctct,76.17
gccagggaatgacctgttctgccagtgctggttgtgagataagcattgtc,76.17
gtggtttcttcatcctcagtaaggctgtcgttatttgttagtgtaatgtt,76.17
tcttcatcctcagtaaggctgtcgttatttgttagtgtaatgttatggct,76.17
atcatgagcataaacccggcgcgcgcctgtctggctggtatgattttaat,76.16
cgcatgttgtaactcagcgttgcacccagttcacgatatatactgcgggt,76.16
gcggcgaggaatcgttcataccacgccatcaacgtagtatcgtaatcagc,76.16
cggccagaactccagcgtttcagaccattgcttatgatagaatcgataag,76.16
cattaattttacgccgctgactcacaatgaccatgagataaaattgaagg,76.16
gtgccggagaatatgttgacctgggcggcgtagccggtactgtgctgagt,76.16
ttaccgataacagttacccgtaacatttttaattcttgtattgtgggggc,76.16
gtgtcaaaaacggctgtcatcctaaccattttaacagcaacataacaggc,76.16
ttctaatggctgtattgtcggcgctgacacgctgccgatacagtccgaac,76.14
ttcagcacggatcccatcccctgagaagagctgtagattaccatagtgcc,76.04
cagatcttgcgtttctgactaaaggacacaatatgatttatcctgatgaa,76.04
ccagctcccgctgcagctgacaggcgttcgcgatggcgcgattattaaac,76.04
acgtaatcgctgctatggatatcgaacacaccagatactacgttaccgtt,75.79
ttgattcattagcctctcacgatattacctttgttggtattgtacagacc,75.79
aataaagaaacgcttcagcatcactaactccaccgttatgcttcacaaat,75.79
ccgctgcatatcatgaacgctaacaacacatttcttatcataataaattc,75.76
taacggaaagttttttacttcatcatgcagcgaaagatatcgtccctgac,75.65
acatcgataaaccgttcaccttgcagatacggtgccaccacaatgctatc,75.65
ggtagagcggggcgagtctcacaaatcagcttcctgttattaataaggtt,75.6
taagcactggtggggtggatatttttggcgagacttctactgtttcaaag,75.54
cccctgacctttggtctgccaccagatgttattcatccgctattgttctc,75.54
tttatctcttcatcgcaattattgacgacaagctggattatttttgaaat,75.48
aaaacctgaaatactgtataaacagccaatattgtggcatttttcggttt,75.48
acatcattaaactccaccaggcccagcggcgcaccagttacaatcaaacc,75.48
tctgtaagtgccacttggaataacctgctttcgccgctacattgtcgagc,75.48
agaccttcgccgcttttgcctgccaggcttaatttatcaataatcgattt,75.17
ttgtcgataaaatacagaccttcgccgcttttgcctgccaggcttaattt,75.17
ccgggatattcacactcagtctggtattgattgcatttatgcttccgtct,75.16
taaaacggtgtatgacaagtcagaaaaaatgctcggttatgatgtgacct,75.16
gtggtcggcaaggcgttggataaccgcatcggctgcgcaatgatggctga,75.16
gctgtgtgcgattgctggcgcgcttatcatcactttaatactcttacgtt,75.06
ttcagcgtcgggaatttccggcgcatccatcacatgataaagatattcat,75.06
tgggtaaagaaggcgattacggcaaggatctgaagctggataataaatgg,75.06
atcgttcgactccatttagacatccgtgacaattttgcgaaaattaagga,74.93
tcagccaggtgagtttgtcatgggccgaaatgccggtataaatcaggatt,74.92
tgcggtatcgttccgaccactaacccgacttcaactgctatcttcaaatc,74.86
taaacagcctgtactctctgttcatccagcagttgtgggataatatcggc,74.61
gctggtgacgcagatcttccacaaaactgaaatcatgccatttttactcg,74.6
tggctttgcctgccatttcggctacggtatggatgaactaacgttttata,74.6
gcttcggtccgttcaaagagtggtacttcgcgaacaactacatttacgac,74.6
ccaggtccaacagtttctcgatcgtcaacacggtctttatattgatggtc,74.6
aatatgccttccggtttcaaattacgatccaccaccgcaaaataggtatc,74.6
gccgttttacgtagctgctctgcagaaccgaaacggcgcatactgtgaat,74.6
ccatcatccagttcataattttttgacacaccatcttttatactaaattg,74.6
ataccgtattaccgttcactaatgtcagctgtaaatggtaatttttgttc,74.6
tcatcagctacagaatggataagatcactttcggggtataaatttatatc,74.6
ctggcaaaccgctcgcgaacctttagccagcctgttttacaatcgtaagc,74.57
ttcgtacgctgcgcgtcgcggcaggtttcgacgttgccgataacgaaatt,74.46
agataagctcacgcaggaagatttctttattggaatagagagaatggatc,74.46
ccgtgggaacgcatcgaataatttgttgaaaaaggattgataatgaagat,74.46
cgccgcgcagagtgattaacataccgtgattatcgggtaaaaaggccagt,74.46
cattgctgcggtacgcggcctggggtcgatgattgcggtagagtttaacg,74.46
actgccggtgcaaacctgattggtggttatgttgcgggtatgatggctgt,74.46
ctttcaaggagcatctcgccgccttccagcaacgtcactatcctttccat,74.46
gcgcaggcgtaggtgtcgttgaacacccatataaagattacgataccgat,74.46
ggacggcgaattattttgctttgcgtggctggcaggcgaaagatgttttc,74.46
ttaatgatgatggttatgcctgtgagctatgcggcatgttatagtgagtt,74.46
tcatcgggtactggttgatattactaatgcagtgctgtcacatcttgatc,74.46
gtggcgcgaaggaactggatctgattattccgcgtctggaagataaatct,74.46
cccaacgagaaggggagacgtaacctcttgcatcacggtacagtgcaatt,74.46
tgttgatgccgttacggtagttgagcatcacggtacgataatctttggca,74.46
tcggtgaaaaccgggcagtttgacatcattcgctcgtctattctttcgat,74.46
tcatcagcatttttcaccgcacgggtatacgtctgcgttagagtaaaacc,74.46
ttctggtgaacaccttttactggtgtacaaatcagggcatcgtgcaacgc,74.46
ctatccgcatgactctggaacaagctctggagttcatcgatgatgacgaa,74.46
tgcggctgttctttgctaccgccaattagcgtcgggctaagctggatctc,74.46
tttttgttctcagggcagatgtcattaggtttatagattaatctgatcta,74.37
gcaacagacagtattggactgaccgttattactactgtagaaatgggtac,74.3
ctgtacgggatcggtagcggtcaacaggacagtgaattatataaagcgat,74.3
aacgccacgacaattatgattggcgagaaaatagcggatatgattcgtgg,74.3
aatcagggtttgcgctttgatttccgccagacgtgggccaaaatccggga,74.3
gcggcattattctgacggaatttaatcgtcacttcatgcaaaataacggg,74.3
tccctcatcctcactctgtgtgagttttccggtcaggtcataatgataac,74.3
ggtttattatttaatgttgatcctggttctcaccgttttatcattatgat,74.3
gctgtacgccagaaattgacgctttgcgtttttcagtgacaaactgcacc,74.3
cgcgaccacatcggcgtatcttcatcatcaccgtcattaaattcgtagcc,74.3
tggggtcttcagattgttccagtacgctttgtcatgattaaactggatct,74.3
atttcctgccagcgttgactaatatcaacgctatttgctgtattgggttc,74.3
atgcactttctgaccttttttggcatagaaggtatatgtatcgtaatcgt,74.3
ccaaagactttaaagttgacccaaatattttgcggcagccagaatgcgat,74.3
tgggcagtagtctgcctgattaattttcttttaaatgatagatatagagt,74.3
aacaatcactggcgctttgccaccaagttccatatgagtacgcttaatgg,74.3
gcgtctgttgggtgttaggcggtgacaatgggttacattatgatgaaatc,74.3
aagagctgatagcgcgtgacaaaaaccacccaagcgtggtgatgtggagt,74.3
cgaatcagagatttttgctgacttaatgaacgtgcagtatcaatagtgat,74.3
tggtgaactttattgcggatacgctcactgcgcaggttaatcttaacgtt,74.3
ggaaggctgtaatcgttttgcaaactggtcagccacgatttactgttgag,74.3
cccatgtgatcaatggcccctggatgaaagttctcgactaagatatcagc,74.3
tctttcaggaactgcactaagtcagtgtcaggattgattaaaatcggcgt,74.3
ccgttccagcttgttgatcaattcgttaattgcggtgtacatatcttcat,74.3
tacaggtagaacgcttgtctctacaaatccttgcagtaccatatttacct,74.3
aagagttaagggtacaaggggtactcgatggcggtctatatttcatgact,74.3
cttcaccagttccagtgttttggcgtcggtcacacgtatattcttgtgat,74.3
tctgggcgatcaactgggtgacgtttttcacctgtgccacaatatcttcc,74.3
gcctgcgctttcgctaactgatgcagaaccgtttgtagtacgttgttggc,74.3
gaaagactcttttttaagcaaagaatagaaatatgaataaaaataatggg,74.3
cgacaaagccaaaagccactgttttacgcatcttagatatccttataaaa,74.3
atacagttatccaccgaaccgcccggcatcgggttcatatactcaaagtc,74.3
atcatcgacagggctttttcccgacgctgttctttgcttaagctggtgtt,74.3
cttcaggtaacaaagcaccagtaatttcgctgccttcgtataatgcgggc,74.3
gctgtcaagagcaccccaaggaatagtccaaatctgaaactatgtcacgt,74.3
gcggaatatcaaagtggaccacgaagcgaacgtttggtttattgatgccc,74.3
tacggagtcttcatactggcacttttttatgctgctgactactcttcgtc,74.3
tttcatacggctcttgtttacgaccgtcgatttcacggaagataactttc,74.3
catttgcgatgaacctcgtcgaaaacgcggcgatgttgcaggataaaccg,74.3
ctgcgcagattacacttgggatcgtcaccagtacgccatagatataaacc,74.3
tagccttaatggttggcctttcttgcgcctgtttctgtaaactcaataac,74.3
ctgctgcgcccgtggcggtcagcgctcacatattgtgcaaagctggttgc,74.27
ggaaccgtcactggtggatgccgagctggactggcaggaaaatagcgggc,74.27
acgctcgattttatctcccagttccgccttgatttcggcattctggggat,74.27
ctacctgaaagctcagtttgaaaaattatctcaacgtgatatgaagaagt,74.27
gaagcgctggacagcttccgcttcgatatcgccgcaggcattctgtatga,74.27
agtcgagaacggttattgcgcgctgtcgcgtattttttcacaattcccgg,74.17
aggaaagcgatacttacacgactacgcaacagcgttgtaaaacggtgtat,74.17
gttgtcgccgttatggcgacaacgtgaattatttatgagataaatctccc,74.17
gtaaggagacttatcggcaacgacgccggtatgtttctaatatgttacat,74.16
gtaagagtaacgatttgacgagaataggaaggatcagtgaggatttcttg,73.81
agccccggaatatcccacatttcttccagcgactgtggtggaatgtaggc,73.81
acaactacgacagaatacccagcggccagtgatgaccgataaaatacagg,73.81
ttatcaccacggcaatttgtcttacaccggaaaggtgcaatatttaccgc,73.81
ccctgcgcggtaaagaacatgtcgaatacgataatccgtatgatgttgga,73.81
atttagtatgcttgatttaaatggcggacaattattgttattattaagtc,73.81
gcgttgcccgtagccgagttgggtgacgacatccgtgccataatgttttt,73.81
caattgccagatgtgccactgacgtgttttatttggcctacaatgccagt,73.81
gttgatggcatcaattgccagatgtgccactgacgtgttttatttggcct,73.81
ccacgaatatcactttgagtgagttttttctcggtggtagtttgagttgt,73.81
gcgaaaacggcgctggaaaaatgtcagcatttgccctttattcttgaagt,73.81
acgcgctggtaactattgaacagaatggttttgtggtttatcagaaagag,73.81
aatgagggcgacgccatcgtaatcttcctgccgtgaactataaaagagtg,73.81
tgcctgctgagcccactgtttgatctgctgccaggaggtattgttcaggt,73.81
cttatactcacgcgccaaccttgaccagcaccgactggtatgatgtcggt,73.81
gaatacctttgatttgatccaagggtaaatccggaacgttaatattaaga,73.81
gccgcacgggggggatcctcgccgcaccagtgcgcgatactatgaaacgt,73.81
tttctatatcaatatgagaattacggcggtgagtttatcaaactgaagag,73.81
tcggtggcccaatgggtgactgcggtctgactggtcgtaaaattatcgtt,73.81
ttcagtaatgaagtgatgcgctggcgtgctttttccggtccactgatgat,73.81
gttgacccacggtttttcgtcttcttcttccggtccgttaaactggcggg,73.81
cccgtcgcgattttcttctccgtttgcttcattgtgtttatggttgaagc,73.81
gttctcacaggcttctttggcgcgcgttaatacaggtataaagtgacgat,73.81
cctgcggctgcatttgcatttcattgagcgtttgtagcagaaaagaacct,73.81
atttttccgcgatgtggaagccggactagacccggatgtaccgtataact,73.81
tccttcccgaacgctccaaatccataactgagttttgtagtcattgaaat,73.81
aaatcaactacaacattgatgaaccgagcagttccggtaaaacattatct,73.81
attcaccaggttgcaggaactacctgggcctgatgcgctacgcttaatta,73.81
acggaaaccggacctttgtcatcggcaggcagcacggtgatactttccag,73.81
aaaaattatttattggcgcgctgaaagataaagatgtcattgtgatgagc,73.71
tatctgtaccgtgccaattatggctcgctggaaaaagctggtattgtggc,73.71
gtacgcaagctgcaactctctatggacccgatgctcgatatgatggggat,73.69
acgccgtcaactttggttgctttcagcaccacatcggcttcaatttcgat,73.69
ttcctttgtggagaacacttaccaggttttaccgatgttaaactggaact,73.69
aacagaaaaacctgattacccatcagtttgcgggtggcaccattggtaac,73.69
gaataaattgcccgttgtactgcgccgcgaggctttccagaattggggtt,73.69
tccctgccggagccagcaccgccatcgggctgttcatggcaaaatacacg,73.69
ggcaccacgcagtaggtgcaatatttattgcagccttccatgatggagac,73.69
ccatcaacccagaaattaacatgggtgtactggcgggtatcattaccggt,73.69
gcgtaatctcagcgttgaacagctcacgcaactgatcgcaaaatacagcc,73.69
gccacgcgtgggatttgccaggccgccgcttgcggggtgatattattgtc,73.69
cagcgctggatctcggtgcacgaccgctgaaaacgttctttactgtgatc,73.69
aatcttcgtatacatgtacgctcagtcacttttcggttatataccgtcac,73.69
cttgcctgtctatttttgccgcatgcaaaggtttcattacactattaact,73.69
tgaaccagtataaagtggtgatggaagtggatccgcgctatacccaggac,73.69
tggtgtgctgtttgccaagcaatatttattacgtctgggtatcattcttt,73.69
cctgattcgagcaatggacggaacggcatggccccacgacaatcgctgtt,73.69
ataaggttgcttcgtcgtcatcgattactgggaagccgtatattgtgaag,73.69
ctcaagactcggggctggataaatgaatacgtggatgcaaagattcgcaa,73.69
ggcaatttagcgaccaatatgttgctggaaaatggcggtaatttattggt,73.69
agcgcgctgaatcacgctatttaccgcgccgagagtgtattttttgctgc,73.69
tcattgcccccaacattgaaaacataatgcttatccagatatttgaagtt,73.69
atcgcgctgccgcgtttcctggcagaaccggcctggggtacttttaacgc,73.69
ctttcaccacggtatgcggatcttccacaaacttgttcgacaatgaagag,73.69
ccttttcggcggtggtcatctgcgggccatctttcggtaaagtggatttc,73.69
ttattgatcgcccggtttttgcctgggtacttgccattattatgatgctt,73.69
agcgtattcgcagcctggcggtcgtcgtactggcgggtattatggtttgg,73.69
aagacattgtcgatccggcaaccccttatccgggtgataaggtgattatt,73.69
gcgcctggttgacgatggagtaaggcagacctttcggtacaatcatccac,73.69
ttaacgtcaccaccctcgataaccggagtcatcatgataccttcatgggt,73.69
tccggcattacgtctttgccatcaaccaaaatcggggtattgctacggtt,73.69
gtgaccgatgccaacctgaatattctggcagaagggccgaccattgcagt,73.69
tcccgttcctgaaaaaaaccgattctctggttgccggtatcatcggtact,73.69
ttaactataaaaagatgtatgacccggatcacgagtgctatcatccgccc,73.59
tcgcggatatgttcatgcacgccaaaaatttcctgcactacaatgaccac,73.59
gagcttctcagggctgcggagataccgcgcagtacgttttattatcatct,73.58
cacaaagtagattcctttacgaccgaatatattgcgttagattaataaat,73.36
tacacaagaatttagccgttttttatgcgcgattaagtgattataaaaca,73.13
tgtgcactgccatgcccgaacttcacataaccggcgttgtccttaccgtc,73.13
gaaaaagcagcaattgattaatcaggccaacgattatatgaacagtaaac,73.13
atacataccgggatacgcagcatggaggcgagagtgataaagtctgcgcc,73.13
tggctatgcggaagcgactgtccgtcgtgatttccagtatattgtcaacc,73.13
atcttgtcctatccacagcggcgagtcattttacacggtaccatgctggc,73.02
atttcatatcattgagggcctgtggctgatggcacagctatatttctact,72.94
ttacctgtatgagacgagagttaaccggacaagtgtgccataatctcgcg,72.94
aacgtcaagatacatttccggcacctgttgctggcacttaaaatcactca,72.92
ttctgattcaattgttgccagttgggcatcaatggcgcgtaaattgttca,72.92
ggcaaactcgcgccgattgatccgcagcatttgatttttatgatttgggc,72.92
ttgcgacgatgtataacgcctaaacacagggatattgtactttacaggtc,72.92
agctgatagccagctccagcgtgacgagcgcaccctgtaaaataacacct,72.92
gaattccagattacttcgcacacgcaagaatgggtcgtaagctccatgat,72.92
ggcgaacgctatcagggcgtagttggtctggaaggtgataccctggcggc,72.92
tctctactctgctacaggccattatttacatcagtggttatagtggcact,72.92
tttgccactttcatctttaaagcggtaaagcaccgccagataatggtcga,72.92
agtgcgcaagcaagcgcatgtatccggatatcctgaactacgatcaggta,72.92
ttcgtatagctggatctgcaagcgtgtaagatcgtcgtgatcgccacaga,72.5
tgacagcgaaattctcccgcctggtcggagaaactggcaaagtggtcctt,72.5
agccattattcttttacctcttacgccagacgcgggttaactttatctgc,72.45
tgtgtgaagtgattcacatccgccgtgtcgatggaggcgcattataggga,72.45
tgtccagtgttcactggaagaggcactaaaagcacggcaagatcagcaac,72.45
aaaagagatctcatcctttagctcaggaaagaatgaaataagctggtaat,72.45
acgacactgttttccctcgcccggcatcttaaccataagataatgatcgc,72.45
ttgcgagtgttttataaaaatcagaactgttttttattataatttcgcac,72.45
tttgtccgccacaaatgttaccggctgcgaatcactggtattgttattac,72.45
aaactccttatgggacgaatatcgtcattccctttgattacaatagccct,72.45
gatcaataccgtacctggcttcgcgccttcaataatgccattctcaccca,72.45
tctgtttttccgatgtggatttttctgcccaccatgatttaatcatttcc,72.45
atcagtaaactggataactttcttggccagcttgatggtatccttcgccg,72.45
acgggcattgggtccgcttccagcacggtttttgcatgataatcatacaa,72.21
ggatccgtccgcagttcgcctcgaaatcggtttacgattatcgtactgac,72.21
tgccggggatccgtccgcagttcgcctcgaaatcggtttacgattatcgt,72.21
atgcgcttagcgatcaggcggcgctggttaaccgcactacgcttattgat,72.21
cactcaaaatctttcctcgcttaaaaaacaagacgccttatcatagcagc,72.21
aggccggaattgtgatatctgcatcgcataacccgttctacgataatggc,72.21
caggaagttgagcgtgattacaactgcaaagtgatctctatcatcaccct,72.21
caacccggcgatcggcggtattgggaagggacatctggtaaaagaagtgg,72.21
ctctccggcggctggttgccattgagcctcggtactgtgatgtttatcgt,72.21
gcggctggttgccattgagcctcggtactgtgatgtttatcgtgatgacc,72.21
gcggtcgggtacgaggtgtatcgtggcccggaatagttatatttctggat,72.21
ttattggcgtggctatggtgattatttttctgtttatctattctaaaatt,72.21
ggcgtggctatggtgattatttttctgtttatctattctaaaattacacc,72.21
tgctttcatgcgtcgcgtttatccttatttttgcactacgatattttctt,72.16
ctatccgacaaacgttgctcaagcagtgcaatggtcgcacgataatccac,72.16
ataatcacctcagttaacgaaaatagcattaaaagaggcatattatggct,72.16
tttcctgaagacctttgtcaaaattccgatacaccgggttaaatgggatc,72.16
aaccactcttcttgtttactggtttcgattccctccgctaccattttcag,72.16
tccagacgtgaatttgctggctctcagggctggcgatataaactgtttgc,72.16
taacttcttgtttactagtaagctgttgaaagaaatggtaatttacgata,72.16
ttactagtaagctgttgaaagaaatggtaatttacgataatgttttttac,72.16
ccgggaacgcgcaacttctcgcacttgttgccacgtggcaaaatattctc,72.16
tgtgtaatatttgctttattaccagaacctttctggataatcatcgcagt,72.16
attagccgcattcacaatcacatcaacggccagtttggtaatatcaccct,72.16
cagattcatcaccatttgatcggtaaactggctgatttcatcatgcaaac,72.16
catcaatggtatggctttcccgcagctccgcatccggatagagttggagc,72.16
ctggcacgccccagcagcgattcgtagtgattcagatgtatattgaggcc,72.16
tttgcgccagccggtggaagagtgccgcaaaatggtgttcagttttattc,72.16
aaaactcctgtcaaattgccttttgccctgaaaaatgcatagtcaaatat,72.16
gtacaggataaagctttgctggaaattggcagtggcgctacgctaacaat,72.16
gcaaggtattagttcttaaatccagcatcctggcagggtactctcagtct,72.16
atcgccaagtttcaccagatcatcaccactggatatgtcatagtcttgcc,72.16
tggttgttagtttcctggtggtacttgccctgccctttattctctatgct,72.16
acacaagctgctcatgtacgagctaaatgttactccgttaaaataaatta,72.16
ttgcctacaatccagaacctgaaaccgcgcgattgcgttatggttattct,72.16
tccctgggttggctgagcgaaataagctccagtattgccataatctagat,72.16
agcaggcgcaggcacagctgccagaagcgattactcaggcggtgattggt,72.16
ttggatctgataacgttgcaaccgttctgccaccgcttcaacaatatcgg,72.16
ggcatccgcaaatgtggtccaggccgcgccttatcactaataatcaaact,72.16
aagcgtgccggagtacagcaaccacagcggaataatggcaatctgcatat,72.16
gtaaaaacatgaattgtttgatttcgcgcatattcgctcataattcgaaa,72.16
tgttaagcggaattaatgaatgaggatgatgctaattaattattatttaa,72.16
ttaccgcgaatattgttgtcttcgacaagcggttgtttataaggagggat,72.16
aaatgcatcatacatttactgaatctgtcagcctcggcattatgtgcaat,72.16
attataaaacacagttgcacgcattatttcctggttggtagggtcatatc,72.16
aaaaagcagttcgatcctaatggcattatgaatacgggtactatctatcc,72.16
gccacaaccgggtacttacagtctggcacaaattccgtagagttggcgtt,72.16
tgctatgctcagaacttgaaaaaaaagaataaacatgataaacgatctga,72.16
ggccttttatcagggtcagattcatcgctgactgatgtagcatgactgcg,72.16
ctggtaattcagtcttaacttctaacggggccgtttttacaatatgaacg,72.16
gtgatttatctcggtttcggtatcggtagcatttgtggttcgattatcgc,72.16
agcaaagtgcactcttgcgcacagcgcccgtcgttccacaaaatggcagg,72.16
cctgtcgcaaaaactggagctggttatccagcgcgagggtaaaattcacc,72.16
tgttaacttatcaagttcgtaggtgagattgacattgatataatctttgt,72.16
aactggcgcaaacggcaaaacgttatctcggtaaaccgtatgatttcagc,72.16
tcatgcagatacatttccagctttggaaaggtctggtgcagcatagggat,72.16
acgatgagacttttattcattttcattgttttcacctcaaaatctggagc,72.16
gaaacaacataagtattgaacttgtttttaccttccataatatgactcct,72.16
acccggcaatttcccattccccgaggcgctttccaggctatttttattct,72.16
tcatcgcaattattgacgacaagctggattatttttgaaatattggccta,72.13
ctgtactcttcctgggcgtaaccacaggcgataggtgcgataatagaccc,72.13
agataacgtgtcatttgcgtcatacggatcgagcgtggtgaaattcgatc,72.13
cgcaaaaaccgatcttggcgataacgccgccgttccggttaagctggtgc,72.13
gggcgcggaatttgctgtcacgttcaccacataaataataaaacgcaaat,72.13
aaggtgggtcaaaagttgccgagtaagaattctactattaagaattctag,72.13
agggtttggagaaagtgctaatccgccaggaggatggtaaagctaatatt,72.13
ggcacgctattcatcgcctgagtgatgttggcgttgatacaatgaagggc,72.13
tcaaatgaatttcattgctttcttctgttcctggatatatttatttgtcc,72.13
ctctgatgcactttatgcactggaaagtcctttttgccatcattgcggtt,72.13
ttgtgatggaacgcggtgttaaataccgcgatgccgataagatggccctt,71.93
aaaccatcggcatgggctttggtagtgcggttgccgcgatacaatcggtt,71.93
ggcgtgcctgaaaatgccatccgcagcaatcactacggcatgataataat,71.88
gagcagtaactgccattgatgagtgcgacaaaatcaatgatagtgatagt,71.88
tttataacgcgtcgcgcagcagatgcgcacatggcgaataaactggagtt,71.8
caaagactgtgcgggtatccccaataaaaaagcgcaaataaaattaacca,71.8
tgtcccgcattggctttgccggtgattccgcaggtgccatgctggcgctc,71.8
ccaatgcggttgcggatgacactccagaaagagagcgcgatgattgccag,71.8
acgcttagcacagcgtggcgataatcacgctgtcggcattaaagtaggcc,71.8
gaagacttaaacttgtcgtagttgttgtaaatattggtgaaaataccgcc,71.8
tgcctgcgctacggtggcgtacttatcatcgctcagcgtatgcttgatat,71.8
ccgtccagactggcaaacgcctgtaaaccaaagcgtaataaaatcccggc,71.8
taataccgtcaccatcgactttatgtcggcggatggtattgttccaggcc,71.8
acttcaatgcaaatgttgccgccctgatgttcggcagacagaattaaatt,71.8
atttaatccgtaatgtcagtccggctctcgccaccagctacgcttacgtt,71.8
tcgtcgtagagaattttgtcataaatttcatcggcgaagataatgagatt,71.8
aaaaacagtaaatggcttcactgcaaaatgaccgttagtaaactaaacat,71.8
gtatggtgatctgattcacataaattaacattgtgtgttattttatgtga,71.8
ccgtcgatatttttgttaaggatcttggtctggttgccgatacagccaaa,71.8
ttaaaaggttccattaatagcctccctgtttttttagtattatcgatgat,71.8
gtaaaggtgccgtcacagaaaatcgtttcaccacgggataaggttctgac,71.8
tcggttaagaaatccagcacctgctgcgggttttctgccattttagtggc,71.8
cgtgaatttctcgctgccacaaaaatgcctgccacctgtacgctgaaagg,71.8
ggcaataccattgatttgactgtgattgcccagactggtttgctggggat,71.8
ggcagaacgggccggacttcaggttaccgtgggaggttaaaatggcatac,71.8
gctccacggccattccggcagcggcaaatcaactctgctacgctcgctgt,71.8
attatccatcgcgatatcaacaaagcaggactggttgatatcctgggtgc,71.8
acggtgtttcgagggcgtaaatagcgggcagttgtagtagttttttattc,71.8
atggccacattattatgcgtggcggcaaaaaaccgaattatcatgccgat,71.72
attgttcgaaagccatgaccacaaacctctacttttgtatcataccccat,71.57
taggtttatagattaatctgatctacccatttgtgggtaaaaatacacat,71.04
gtatgacgagcaagcctgttactcatcaggcttatcttcagtatataaac,71.01
aattgaccatggtgtttcatctctgccagcttgaacgctaagcttgtgac,70.77
caggatacccgtcatctgaaagtctgccgatttggcgataacatgcgtga,70.74
attcttggtttgcgctggccggaagataacgggcagaacatccttaacct,70.74
cgcactcctcagatatcagaaactccgctcaaaggatctatgcttcctgc,70.74
acggtttttccggtcattaaaaacctgccgccgttgtttaaatcattccc,70.74
aaggcccaccggaacggcaggcctgagaattacggctgataataacccac,70.74
acccttttccatgcttcgacatccttcgcaaatcttatacaagtaagatg,70.74
tacagcattaccgtctggcgcgtgatgtggaaattgtcgttattgatggt,70.74
ttatcaacaattacgctggacacggaattcgcagggtgtacaactcacta,70.74
cttatgaccgactggtgaccaacaatgttcgcttctggaaagatagtggc,70.74
ccctgactgtcgaaaacagtcaccgaaccttttttgttatagctatccgc,70.74
ggtatagcgagatatatacaaagcgcgcaattcgtccttcaatcatcatt,70.74
gttagatggcgaaggcaatgaccaggtacaggagagcgtaaaatgaaaat,70.74
acgtttgtctttctggctaatcaggggaaagctattcatattgatgaacc,70.74
tgtaaaatgggaaatggatggcatgagtggccactggttatctttaccgt,70.74
ctgacagccaggtacttaaagattctgtacagtggtttaacatcgttggt,70.74
gaccggagccacggagtttggcctctgtcggccagatttcagggacatac,70.74
tttaaaatggccgatggcacctgtctatgataggtggcaaattcagaaaa,70.74
aaacggcgtacagcgcgcttaccatacaaactccctttaaaatggccgat,70.74
gcgaaccgccgagtgattttcaggtggaccgttttgataaactcgccttt,70.74
tactggagatccctgggattgtacgccagcagggaagtacactgacactt,70.74
aaaaaccggcaattgtcggtgagccggaaatgccttctaccattgctgat,70.74
cacttttttaacagttgttgctgccgacaaatgcagtatttaattttcgt,70.74
gtactggtagcgatgatcctcactccggctctgtgtgccacactacttaa,70.74
tgcagaaccactcatcaggcgacgagctgttccatgatacgttgatacat,70.74
ccggtagctccgcctggtttgaacgcggatttgtcacctacagtaacgaa,70.74
caccagcacccgtctggcctcagctaatgggtcgcgggtaacatttttca,70.74
taccagggaccgacaacaggcgcgcatccattcctggtagaatacgccct,70.74
agtttgacggtgactttcgcgacgtgacgagaggtgttagcaataaactc,70.74
tggggccgactatccgcgtctggaagggcgacgatgttaagcttatttac,70.74
acatctctgccacccaggttttatcttgggtgacgttatacacttccatc,70.74
ccggacatgaccactggcagagaaaacatccctgcgccaataatggtgcc,70.74
tatgttgcactacttcccggataaactgttcagcggctacgatattcagc,70.74
cgatttctgtgtttttatcggctatgtgggctggaatgatataaaagatc,70.74
gacaccacgccgcataagattgtctgctcggcggcgcgcataatataggt,70.74
ctgacgcccgccactggctggtgctgtgcggtcatggtaataacggcggc,70.74
tcatgtaacgatacatgacagcgcccgacaagatcctgatactctttggt,70.59
gctcttcgcgtgagcacgcgccctgggcattgaccgactacggttttaaa,70.59
tcatagctcagcatgacgcatttgagaatgttgaatttacaattgccgac,70.59
cgcggcagcggggtcacgacagcttttacgctggcgctatatttaccgac,70.59
aaaggggtgttgcattgacagattgaatctacagcagctttttttaatat,70.59
cgcgttttcagatattgcgtaaactccgggtaacgcagtaggttaaggat,70.59
gagcgggcgagaaaaatcacgcgttttcagatattgcgtaaactccgggt,70.59
acctgcggtcggggctgcaaccgcgcccggtttttcgctataaacggttt,70.59
catccggcagcatacggtatttcgcttctgacatgacataaactttcttc,70.59
ctgaaaaagaacaacagcgatttgcacgatttattagtagattattatgt,70.59
acgggctgaatggctaccatctggcgatgaccggtgattatgatctgata,70.59
aattgcgattgttttccattttgcaggtgactttttcttatatgttgaaa,70.59
ttcaggtgtatcaatggagtgagcaataaaggtctggtagatatcattgc,70.59
caccacgcgccaggttgaggagatacgcgccatccggtaatttttcgagt,70.59
gattgaaggacgaattgcgcgctttgtatatatctcgctataccgaatgc,70.59
gcaccagctttttgacccgcgacgacgccagttttgtcaaaatggtcttt,70.59
gcgttcaagccgactttggctacgtcaaattggcgggcataatgcctggc,70.59
cggtaagggtagggattttacagcaccgtgaaaaatctcataatttttat,70.59
agagcttcccggattgggaggacgacggtatggatgacatactcatgggc,70.59
tttgatgatattagttgatcaatgtcattggttggcagtaaattgttatt,70.59
cgattctcagacggtggtgtatggcccttctgtcatctatatggtttcag,70.59
aaatactgttgtcggtcgacattgtcagacgatcggcataacttgtcgcc,70.59
tagaaaaactcatgttcatcgacttctttcgcctgggtatgatggcggat,70.59
cacaatagtaatcatcaaaaatggcatatggttcgtgatatttttctaat,70.59
atatttcgccaaaagttgattactgatttcttctgtcagataacagattg,70.59
ccgtgcgtgagcgtcttggtagcgtaaaaggcgttagttacgatacggcg,70.59
aaagcgtccagccactggaaaaaatcgcgccttatccacaagctgaaaaa,70.59
cgttgaaattattggtcaaagaacttcgtgagcaggataacattgccatc,70.59
tatttatttaattgatgacattagcataatcattcactaagttaatttat,70.59
tcaaatagatggcgttttcctgatgaatatcatgcagcatacttaacagc,70.59
gcgcggctttgctcggcattacgttgatactgtttgttattttcatcttc,70.59
aatcgggcatcttcttcccatgctcaggaatcttccataacatagaaatt,70.59
tcggcggtattgaggctagtctgcgccgtaccgcgcattatgattactgg,70.59
aacgctatcgggtcattgcgcgtcttggacagcgtaccgatacttctgat,70.59
gatacggcgaactttttgcttttcacgcaactgcacaccatagtcagaca,70.59
acgcaagctgggtgcagataaagttcgtgttaaatggcctaatgacctct,70.59
cttacggcatcgtcatcgaccgctcgatgattgccaatattattgatacc,70.59
accacgtaattctgatgcgggaaccggggagtaacggcaatatgcacgcc,70.59
aggcagtgtgaaggatgaagtgtaaataaaaaaggaactattcttgcagt,70.59
gctatttgaaagagttgctgccgcggcgtcctgacctaaaaatcattatc,70.47
atgtcgttatcagtttgccccggtaaacggccttcgcttaaattctccgg,70.47
gcatatcgagataattaattattgtcggttcgttgccgttgttatgaagc,70.47
tctccgactccttgctgaaactgtctactgacgaagttaaagtgaagatc,70.47
acatccgggaaatggtgacctttcgccagcatttgtgtaccaatcaaaat,70.47
atcccgatcatattcaaacgtatttagcgcacaaatcttatcattaaagc,70.45
agccggacttcaatgcgtggatgactgtcaagcaagcgtaaaatgtcgtc,70.45
gaatcactttttcgttgccgccttctttgaatttatcaacgatattaccc,70.45
accacttttagatcttttgccgccagcgtcacgctgttattgttgccatt,70.45
gataataaagcgttttgccgctgcacatacctgtccggtattctgataac,70.45
taccttttgtcagctgacacttcctcttatcttattgataaaatggattt,70.45
ctgaaggcgagttgattgttgaagctggcggaagagccgaaaataccgtg,70.45
gttttgatcaactctttgaacaatgtgcgctcttgtttattgttaaaacc,70.45
gacaaagtttttcactgcctggtcttccgggtagttgttatcataagtgc,70.45
ttcagttgttccggagtcattaaaacctgttcgtcggtaatatgtacgtt,70.45
tcatcgttgatatcaataccgataatttcactgcgcggcaccatgatgtc,70.45
gtggttacgcccgcattgagatcgatgccgtcggtgcccataaacaattt,70.45
aggtttagtcgcttgtgaaagtgttctgaaaacgggcattatccaaagtt,70.45
cactgcgcgaacatacccaacttcccgcgccattgttgcatagtacggtg,70.45
gccaacaaacaaggcattcaggttgcgactggtgatggcatcctgaacct,70.45
gcacggtccgctgtttgccggtcatcggacgggccattaacttattaatc,70.45
tcgatgcgaaaacggatcgacattgttttttcataggtttcaatgtggat,70.45
ccgaggaaaattccccagttcttccccaggtaatgactgataatatcggt,70.45
aaccggcataattacctatttatccaaacatgtaatcgataaaattaaag,70.45
ttggctatcaaacacaactggcaccaggcgggcatgttattctggatttc,70.45
ccgatgaggggcttacgtggcaggaattaccactctgctacgctgttatc,70.45
gcgcgttcctgctcttccggcgtcgaaaagttgcggttaaagtcgagacc,70.45
ggtgatgttttcctttacttaaacacccttattcattatacgatgagctc,70.45
cccattttttaaactgatcgttataaacaccttctggcaggctatctctt,70.45
cgttgattaacgaagttgctgaagaaatcgcgcgccttgagaatctcatt,70.45
tgagcctgccattggcaggctctggtgtccttttacgctaccatgctaat,70.45
gatgatcccatcgcttgcccaggcgcagcagcttaatgaagatcagattc,70.45
cggattcgttcctcagttaggaaataacgcagacagtgtaatctttatta,70.17
tttgcggcagtggctggcgcaacggcagattgctgccgataacctgacgc,70.17
ccagcggaaagaccacaaagtaggcgaatgccatgccgatataaaacagc,70.17
tccagtgtgagaaatcagcaccaccacgtctccgtcgctacaattcatac,70.03
tttcgccattcattggttggttccgcgactttccagctttaattcagctt,70.03
ctcgtcgatatttttcagcaacaccggttgcagctgctgcgcctgttctg,69.78
tcaggtttacagcggctatggcgaatcgctcatcgactataacttcaacc,69.76
gccgctggcagtatctaccgaaacctttgttacgccagacgctgaacctg,69.6
tttaatcgtatttcttgtgtcattaattgtttgatgttcagattgttttc,69.35
ggatccgcaatggtctggcgtttaatcaatttgaagtattcaatgatgag,69.34
caactgaagctattaagtcgggcagaaaaattatcgtcgcgaaagataac,69.33
ttgccgaaacgggcgtggactttatctccgtcggtgcgctaactaaacac,69.27
tattggtcgcggcttccatgaagaaccgcaggtgctgcactatgactccc,69.27
atcgcctggcaagagattgaccgtcgtgctgaacggatgcacattcctgc,69.27
aaatcaatgatcaggttggcgaatacttcgaggagtgccaggtttaccgt,69.27
atatcgttaaaaagattaagaacgccgggaaatatgcttttattcatgtt,69.27
tgaccgaaatatgttcctgtaaatccagcgcctcctggaaaatacgcagc,69.27
acgatcccgccgggaatatctggctttccagtctgatagcatcgcttccc,69.27
ctccgattaaaacgatatctgtcgcccttgtcaaaagggtagaatcctgg,69.27
ccgaaatatgtctcaattgtcgcgccgtttgtgacctgtacactgaccat,69.27
atttttgtcgggccgttgatcgtgccggaatacccggcgatgttgcagtc,69.27
ctactctcccgcgaggtgaaataatggatttcagcggtaaaaatgtctgg,69.26
tacgtcgcagttcttgctcactgtgatcgcgcaccgccagaatgcgtacc,69.26
cagattgaaaaccgtatcatcgaagcgaaaagccgtggtatttacgaagc,69.26
tcggctgcgcaatgatggctgaactattgcagacggtgaataatcccgaa,69.26
agtcgattacctgacttccgccatttctgaagatcctgcatattaatacc,69.15
cgacagcatgcgttatgaactgggtgtagatgcaggttataccttcacct,69.14
tcatgattgccacgctgggcgatatgtccgtgctgcatcacaataatttc,69.14
gaacatgaggcggaaattgcacagttaattcagcatattcatgataaggg,69.14
aggaggcaggttggttgatggccagcgaaatgatcgctatggatattgat,69.14
tcaagaatagaaatatcgccatctttttgctcaagctgtacggttaccat,69.14
cactaaaacgcctggtgcgtctgatggcagaaaagcataagatgcacgcc,69.14
ccatgggttggtggcttcgcgagactggaaataagtgtcaggattggcgg,69.14
atccagcacgcgctccattaagcgcatatccaacgccgcataatggcctt,69.14
gcgttgctccgcgctgaaggtcatcagcgggaagggggtatagttaagtc,69.14
ctttgattggggtgatgacgtttcgacgcctcgtcggcaaatatatatgt,69.14
cggaacgcatcatgaccgatattgccttcaccgaggctatgatggcggtc,69.14
gcattacgcaacatcagtatgaccagcatatttatcactatgatgctgat,69.14
agcgcccaggtgatgctcgtcaaatttaacatcgatcgtaaactgcccat,69.14
tcagcttacctgcttccagtttcgagaagtcgagaacatcattaataatt,69.14
taccaaacttcaggctgtcggcaatggtcagcgactgtaccatatcgaac,69.14
gtcattacctgatcttcatggcgtttaacgaacggaatcatacttaaggc,69.14
tcgagcggccaggtagcgtgcagccgccgcctgccatgtaaacttcgatt,69.14
acttctttgcgcgtatccgtttcaccgcctgacatcttcataatcagctt,69.14
ccaaacggtataaccaggcgaaatcttcgcaatccgccatcatggtggat,69.14
actcagtggcttcaggggatgcagcagggcagcattgttatgctggcggt,69.14
cgagcgataacccagcgcactatgcggatgccattcgttataatgctcga,69
ctgacatgggacagaggaatggaactggccagacatctagaatttactgt,68.97
gtctggcgctggcgctggcgctttcggatctggtcagccataaaacacgt,68.89
gtgcagggtaatgtgatgttgcatcaacgcggctatgccaaaatgttcat,68.83
accaatattaatcgctttgtagtaacggctgtctggttttaactgattac,68.77
tttagttaatttaaatataaggaaatcatataaatagattaaaattgctg,68.77
aaatgcaccgactgtttatattcttcatacaccggttgcatactgtggca,68.77
aaaaatgctttcctgcgtgagggggattctgatctgctaatctggaacgt,68.77
cttgcattaatttagcgtcgtaattacccgattttcaagatactaatgaa,68.77
caattttaagcctttcgccagagcggtttattctttgtgataatagtgaa,68.77
gtggcgaaaggatttatcaaactcaggaatgtattcgctattattttttt,68.77
aatcagccactgtgtcgctaaaaagagacaacttaagataaacttattag,68.77
gaaatccttagcacaagtttctgctggcggtattagttcataatgttgag,68.77
tttggtgatattcgaaagttttatcattgattatttattatcgtcattaa,68.73
agccacaccaggcatataattattcgctacggcgagcaataatttttagc,68.73
aagtatggaactctacagagaatatcctgcatggcttatctttttacgcc,68.73
aaaaaatccatctttcccccaaagcgtaacgttacgccttattattcgtt,68.73
aacactaaccatgtctgaatggttataagacaagggagcgataattcatc,68.73
tgccaaacgcgtccatcactaccagcgccaccggtttattattgataacc,68.73
aatcgagattagaactggtaaaccagacccagagctacgatgttatcagt,68.73
tctcggtgaatttaattgcattccccaccaggttagtgatgatttgctgt,68.73
acgttgatggtcgtctggtgtacgaacgcaactaataataaaactttaac,68.73
ggcaaataatgctctggcgttgggttcgataacgtgccaccttcatggtc,68.73
ccaagaattgatagtgagcgtaatattcacgcgctcaattatcataactt,68.73
tgaaatacatcaaaatgacggcgagctctaacttcggtaatgtgttcagc,68.73
ggtattacgccaacgttgcacggcgggcaggcgcaggcgaagctcgacga,68.63
cgcgtttaacccagccgggtaaacgcaccggaaaaatctattatgtgcag,68.63
atccgctgaaaggcgatcgttctttctatgcagaactgacacaatacatc,68.63
acgccatgaacgtactaggcaatgactggaacaaagcctataaaaaatct,68.63
tcaggagatgctggatagaggtttagacagagagttagttatgatggtga,68.63
agaaacttcttcctcagtccagaacgcacgctgatgcgtaagattaagga,68.63
cctcgctccggcggggttttttgttatctgcttgcccccatattgactgc,68.63
ttggcgtacataacgatcgccagttgctgcaattttgctacacctcagaa,68.63
gactactggcgcgagtatccctccacccaggcggatgctttaatgttgca,68.53
tgaaagtcgaagggattgatgtggtttctctgccgttctataaactgagc,68.46
agaaacgcgcaacgccgtgtgggcagcgattaaagaattacactactccc,68.46
gtgccaaacgttacagcacctgtttactcacatcttatttatgatgtgat,68.46
ggctccacaatttgataaagcgcgcgaaacgaaagtattaccattgacgg,68.46
aagccgtaaaggtctggtattactgccggatgcggcgtgaacgccttatc,68.44
cgtgatgtgcagaatttttacttcttctgccagcacattacgcttatccc,68.38
aggagtgaaagatttccacttctatacgcttaaccgtgctgaaatgagtt,68.38
tgggccattttacgttactaatatcgtgcccaccgttctagagtattgtc,68.11
tttcatgtaggtctacctcaataatgccattttaaggttaaaaacaggat,67.91
aaaggccgtgcaccgctgtacccggatgatattttatggaattttgaaaa,67.81
tgtttgcgggcgttttcatcaggtaattcgccacttgtaatatagttgcc,67.81
tgataatcgtgccgtcgaatgtaaagccgaaggcagtcaacatattagct,67.81
caaatagttcagagctgagaccgccaaccgcactatggcactatggcact,67.81
gaactgattgatgacctgatggatcacatcagtctggaaaacaatgtact,67.81
tgagaaccggtatcagtgcaaaaactaaacgcccatattctactcgatac,67.79
cgctcgaccagatagttgaacagacgcaattccatcggtgaaatcacatc,67.79
tttgcgatgccggcagaatatagagattttcagtacgcttatctttaatt,67.79
acagacgcggtttcaatcgggtcaagctttgtattggttatcattgtagg,67.79
agagcaacacggttttctctatattctgtcgcaaatggtaatatggcata,67.79
taccatgaccgtgatgtgggcgctggaagctgataccgtagaatacggtg,67.79
cattttgtgctttgttagccaccacaacaaagggcagataaattaacgtt,67.79
ggtgctaccaattcataggcttctttctggccaccaggcataatagaagg,67.79
ctgctccataacggctggcgctatcaggaacagagtgctattggtcaggc,67.79
ccgacatcggcaatttgcgagaacgtcagacggaagccataaagaatgat,67.79
ttggagccgcactgctgctgcaaatcgctattggtggcatcatgctctac,67.79
gggttgcgataccagatgacgattgcgggtttgttcggcaccatcggcgt,67.79
cgggctgctgggttatctgctttccgttttttgttggtataaaacgcttc,67.79
gcgtattcagccaaataccaaatgtcctgaaaagagctaataatcaggag,67.79
gccagccagatggcgcgttgattatgaaattcttgcgagataatggtgat,67.79
gaaccgaccaccgaccttgacgtggtagcacaggcgcgcatcctcgatct,67.79
cagacgcttttcgtcttcacgaagttgcttaaatgcttcatcgtcagcaa,67.79
gcgcgacgcaggtggacgccggaacgctgggcattatgaataatatgcac,67.79
cgaacgccgtctatagcattaagctggggaatcgcgcactgccggaacgt,67.79
ccgcccatctggctcgtgaagcgttaggcacaaactggttaaaattagag,67.79
atcgcagaaaagtgtttacgggagatgtaaagcaaattaagtgatctaat,67.79
tacgtcgtcttctgtagcatccgggttacgaatagcttcaatattaagat,67.79
atggacttctcttgttgcacgatcgatcaattgttatgcatgctgacacc,67.79
tcgcctctgtatcggtgtatctggtggcgtatcgctactacagtctgtac,67.79
gtttttcacagttatcccagctttctgtggataacatggtgtaagatcct,67.66
gaacgattttggtgatttcacaaaccacacttcttctggatcatcaatgt,67.37
gacatagtgaacacttgttcggggacatggtagacacttacaactaaggc,67.2
acacgtcgaataggtcttcagatgatggacgtgatccgccatcatcaacc,67.2
tttttcactcactattttatttttaaaaaacaacaatttatattgaaatt,67.15
aaatggcggtcaaattggtaatagccatgcaggccattatgatatctgcc,67.1
tggcgattaagccagtttgttgatctgtgcagtcaggttagccttatgac,67.1
catgtatcacaaatttgaatagatgtattacatcaactatcttttattgc,67.1
agcgaataaatttccatactgaggaagggatcttgtcgtacagtttattc,67.1
ttatgcatcatgtcccagttgtaggaacgcgtttcgccaacaatcacgaa,67.1
aatgcaaaactaaattattggtatcatgaatttgttgtatgatgaataaa,67.1
ctttatacgatgcctgcaatgccgtttgctgcatgatgtaagatgaaata,67.1
taagtggatggtttaacatgaaattacaacaacttcgctatattgttgag,67.1
caacggtagtgccagtttccagtccatcgccattttgtagactggcgaac,67.1
atgcggtacaagtggctgatgcgagtattcgtacgcctgataataagatc,67.1
ctcgaagcctttaatggtgtgaatcagccccattactttatcatcgaaat,67.1
ttactgtccagtagttgttgtagcgggttttctcgctgatgatcatcagt,67.1
ctgctggtggaagcatggacaaactgattgttgccgatataaataccgac,67.1
gtgggtggaacgcattgcccaactgtcgccagatgtgattttctcttttt,67.1
agtatgtactggaaccggcaagtagaatcgattggctgcatactgctggt,67.1
aacgtatctggatgtaatcaaaaatggtagtttgatatataatgatacac,67.1
tattgaatcaatatacggcatctttgctacaaatgtaataatatgagcat,67.1
agccttcacgctttgcccattatttaccagcatcgtgtcattatgggcgt,67.1
ttttgattaaaggaatttttatgtcttatcagtatgttaacgttgtcact,67.1
ctacagccatttggcgtgcaacttcaaactgccttacatattctgactca,67.1
ttttaaaatccgcttgtgaaatcaatgactctgataagaaaattgaagtt,67.1
tcaagtatgcggcggtgattcaggtgagcattttcaataataataagagg,67.1
ttgttaccgtggagtcgcgaactgccgcagcgtcatcacattatgttggc,67.1
gcgccacttgggtcctgttttttcgctttgatcgcgtcaacaatgggttt,67.1
cttttattacgtggtcgcggaatgcgcccgacaccgtttaaatacacctt,67.1
gcacagagcgaaattttttgatctcccccctgaaatctaaacttagtcat,67.1
gttaaattgcttcgccgcgttttccatcagatcaacagtaaaattggttg,67.1
tgttgccaggatgctgcaaaaatggaattgttatcagtaaaatacctgtt,67.1
ctgttaattggccatatgtttgataaagcccgtagccgtaaaatggcgtg,66.87
gtacccatatcccagaagaaggaagtacgaaccgagttagcatacttatc,66.87
atggaagcggcgaagaacaatgacgtcaacgcgttcgataaactgttgtt,66.87
aagaacgacattagtggactgtttgcgacgaatggtgtaatgctgtctgc,66.87
gctttgtgtatattgtggcaaataattgggttgggggtacaattgtgatt,66.87
gcaacactttgccgttgtgggtgttttccagactgagtaatttggtgcgg,66.87
aaccgaaagcaaggttaaccacatgaaaatcattatggtaacatatgagg,66.87
catcccgtccacgttgcatgacttttttaagttcactggcaaaatcgata,66.87
cagcaccagtttattgatgcggtgataacccttaaaccgataatagaaac,66.87
tgattttactggtgttatgttgcgggattaatttgtttgattatattact,66.87
tcgctcgtctcgatggtgatggtgcgcagaaagcgggtgataatggcgtt,66.87
cctgcattacgagtctggccactaccgcttgttgtgctcataatccccgc,66.87
gcgttgatcagcatctgtacagcgctgaccaccgaggcgatgatcatcac,66.87
cagagggtcaacgcccagttttgctgcgcagtcgagatatacttgcggat,66.87
ccgcatgcgttccatcgtcgttcctgcgccagaagcgcaaaatgatccac,66.87
tcagtagaagtaagttgcagcatagcgatgccagacataataatgctatt,66.87
cctcaccagttgctgtaagacaatgcagtgatacagggtatagtgccatt,66.87
taccgcaaaatttccgggtgaatgatattcaactggataatactcatctt,66.87
gcagcagtttgccgttgtaattcagtaccataccttttttaatttcgttc,66.87
gggcgagtgaggtatggcatcgaggcggtgctgatgtcatattcctgcac,66.87
tcggttaattccatctggaatgtcggtgactcgttgccaaaataaaaacc,66.87
acaaaacgaccaccttcaacgttaggtgggaacaccgtaccatcgtaagc,66.87
cagaaatcatttattcccctcgcgtcccgcccgttgttactcttccttgt,66.87
gagaatgcaggcgtgatcacattcgtgagccgctgtgttaccgttacagc,66.87
gccgtaatcctcacgcacgatcaggctggcgttggtataggcttcggtgt,66.87
acaagttacagatcccggtacagcgcagtctggcgcgttatgctgactgg,66.87
ccctggatgtatttacccggtgattgaataatgcggtccataattgctcc,66.87
ggccaaaggtcagagcttcggcgtggcgcaatgagttgtaaaatgcttcg,66.87
gtatcccactaattccccgcgaaaaaccagacatcggataagataagcgc,66.87
tgaatatctttttagtatccatagtaaaacctggcatgtattgattaata,66.87
aagcttgatctggcttgcttttttgaaggcttcggtggcaccattacgac,66.75
ggaaaaattaaaggggagataaaatcccccctttttggttaactaattgt,66.54
gtagaacaggagaattgcggataaagcggcagcaccacaatatgatctac,66.48
atgttgatcccgctcatccggctttgcgcagtaaacggtacaaaggtggc,66.48
cagatgcgaattaaaccagacgataactggcgttggtattacgatgaaga,66.48
ttgaataatggcgcagcgacactgctattttcttcggcgaagatatgctt,66.48
cccttgtgctcaattgacagtttattttctgcggagtagtctctcgtttc,66.48
ctgattatctcgatctttacttattacactggtctggcagtttcgctttt,66.48
tccagtacttttaactggacgcgaccatcgtccagcagcaggatgtcacc,66.48
agtataaagcccacttctgccatctgtgaaactgacagtaaaatggaggg,66.48
aggcggtgctctctttggggatcgattatatgcagggttatcttattggt,66.48
tggcgcagttacggcaggtgtttgcgtgttggttgcggtagtatccacag,66.48
tatgccgcaggtctactgtttcttgttcccctcggtgatatgtttgaacg,66.48
ctgccgtagcatcaatctcttctgggccatttttgcccataatcggtgcc,66.48
tgctgccccggtaaaccttccaggtgctgatcgcgcagtaaaatggtgcc,66.48
tttcacaacctccatccgatggctgacggtgatttcagtaaaatagcgat,66.48
gccctaaatcgccaacgcgggtatcaggtgaaatggataaactgacctgt,66.48
atcaccgaagggattgcactcggctttatgtcgtactgcatcatgaaagt,66.48
cgccgatcaccgcatacaaaattcccgccagaccaagcaaaattaccagt,66.48
tttggcaatcgcgttttgctcaaccacctggcggtagcagaattgttgat,66.48
cagtctggtcgccacggcggatgacgtcgcagattgcgatacgctgattt,66.48
gcgtcaggctgaacttatcaatgctcaactgaatgggctacaaatagcgc,66.32
aacatctttttaacgtcaatgatgccattgcttagcgttatcatcaggta,66.32
cggagaggaacgttttaccgtaacccatgatgtagagtatgtgttattcc,66.32
caggacggagaggaacgttttaccgtaacccatgatgtagagtatgtgtt,66.32
taaaccccatcggaggtgtcatcttcggtttcataatctatataaacaga,66.15
attgttaaatgtactagcgcaatccccaaattctgacgtaaataaggagg,66.15
ccgtcaattttggtatcaacaccgaccatgatgccgttaacatcctgatc,66.15
tttttcataaccacctcaaatgtgattcaaataagtcctaagttttaaat,66.15
gttgtctcgtggcgtgagaggatgcgcttaccggacgcataataaacccc,66.15
caggaaatactcaaccgctttaacgtcgtggttagtggtacgctcgatag,66.15
ggtacaggctcgcaattctgattaacgacctgtccaggtagtatgaagaa,66.15
atcaaggccgaggtcggttaagatatcaaaaacccgttatcctgtgaaac,66.15
gtgtaaagtccttccgctgttgatgagacattcaggttatgattgaccac,66.15
caacaaatccggcgactgaatgtatcgcggcggacgttatccttgatttt,66.15
ttatgcagtaactgtgccaataaagaaaatagtttggtaacgtactgatt,66.15
cgcatccggttcgtgtcgcacaaaaattacgcgcaggataatatccgatg,66.15
atgcttttataaaagtcgctctctgataatccaatgataacattacacat,66.15
aggatcaaatagcccatcgtaattaatacgatgacagatataattatgcc,66.15
gggctgaagaaattatgcgtggcagtctcctttcggtccataatagcaga,66.15
ggggcatttatcatggcttcactggataacggcatgagtatgatggatgt,66.15
aataaaaaagatagttgctaaatccttttagatatctatgctttttaagc,66.15
gtttcttctgatctttgtggatcagaatgaacgtggtagaggtaataggc,66.15
cgtggctttttttggtaagcagaaaataagtcattagtgaaaatatcagt,66.15
gtcacctcgcgggcttgccagcgcatcgcttcttctgcaccatcgtaatg,66.15
ggcagcgccaaaatagttctttttaagtgtgtgcgcgctaagttataacg,66.15
aggcgcgcttccgcctccgccacggcttgcagttgtggaataattccgtc,66.15
ccatgaaatagccattttgtggcaaatggagttgactaataatgtcatat,66.15
ttgtggcaaatggagttgactaataatgtcatatgtgagacggctagttg,66.15
aaaaactatttctaaatcgacatgggcagtcgttctgtacactttgtttt,66.15
gtcgggcgactgtttgctcaggatccgcagctttatgccgacatcattat,66.04
atgattcggcgctattcacatgccatgtatggctcgaatagattaaagaa,65.98
agcacaacgcccggttgcaggtaatgctcaatacgcagtaaaagatcggt,65.88
gtcttttctttttcatcgtcctgaaggtacaaaagagatagattctctta,65.55
tgatcacccacgatcttgtcgtggtggcggggatctgcgacaaagtgctg,65.43
gcctgatgtcagaacagtattttgatgaattgccaaggttacaatggcac,65.42
tctgaccatggagttccagttcgggactaactggtcttactattcccact,65.42
ccgccgtccaagccgatgaagataccgaagtcagtgatagacttgatttt,65.42
aggcttttttccagctgtgccaggacttcatcacgatgtaaattcttaat,65.42
atcagcatatcggtggcaatagcttcgatctccggcacgatataatgtgg,65.42
tagagcatatcaccggtgtctaaaccgacatccatttgcataatggtcac,65.42
ataaagtggttaccggttcccagcgttcccaggtgtttatagttattggt,65.42
aacgagtttcgcggcaaccgcagcctgcaaattatcatcgacaatatctg,65.27
gttgaaacccgcgccttgccggaagtgaaggcaggtgattatctggtact,65.15
gatttcaaaatgagttccctctcttattattccctgctaaatggttagtt,65.15
gcgggcatacatcgcccaggtattcatcgccattgggttaacatagttga,65.15
agaggcggaaaattttgcccgtgtgttggcattagcggaaaattatcaac,65.15
atcggtattttcaggaggaaaagactcggcatgtttgggattattaagct,65.04
ttgccgaactggtatttgatgccccaggttcagttaataaactcgacact,65.04
ggaggattttatcgtttcttttcacctttcctcctgtttattcttattac,65.02
ctccgaaaattaatatttccaaatttatcaagtgcttaaataattaaatc,65.02
aagtcatcggcgtggtgtcgattggctacctggtgagtaaaatcgatagc,65.02
cggggcaagggcgttgattttctccgccagggtgacgtagctttcatacg,65.02
cggcaggtttgcgttgatttgccgttccatgtcgtacatcgtttggaagt,65.02
cccaccgagataagccttgctgacatgttcaaagcgaatcattgttaatc,65.02
atggacaacaaaatatcaacctattcaccggcctttagtattgtgtcatg,65.02
caaactgtaggtaaggcgtcattaacgtttgctcttttatactcataagc,65.02
caaaagcctggatgtttaatatccgtctctatcgtgttaatttcgatgag,65.02
tgaccggatttggcgctaaatcggaaccactgatctgataaccttcattg,64.84
gttaacaggtcacttaataccgctgggcgacgatagttaatattgatatt,64.84
ccgacctacaagtgagcataaacaatgaacaattagtttatcttatgcaa,64.84
ctggcatgacttcacttagtttagcggccgtttccagtgataatccggtt,64.84
gacgtgatacgccagagcggtaaggatgccccacatgataaatttgacga,64.84
agcgaggttgctgcgtattcaattaatgcgccgtcaaacatactgctcat,64.84
ttaccgatgtgaaatttgtcttcgccgaagggatcgcatacggtccggaa,64.84
taacaactgcatggattgactggagataagatgactgaaacgataaaagt,64.84
tatcaggcggggcaaagtccgttcgtgacgtttttctctaaactgggtgt,64.84
cattgatataaatatcgccccgctgtttgaacatgccgatgtattaatgt,64.84
agacagcggtctgttctccccgctattgctgaatgtggtgaaattgaacc,64.84
tggcctttctgccactgtgcgctcagccagcgatgtggcagcatttcttg,64.84
tccccgtcgctactgtagaagccaaagactggacccggcagaatttacac,64.84
tgctggtatcgcaattcgctctctcccttcgccttacttattatttggcg,64.84
gcgcttttaatctcattacggagtttctgcgtgcgtgccgataagtcatt,64.84
cgcatcgcgttttcgctgaaaaccgatgacattctggctatcctcaccga,64.84
cgctgggttggatgtcgcgggtagttatagttttttcgtaatctttactg,64.84
cggcaccttcacggtctgccacctggccgccatgcgttatattgctgctc,64.84
aagcgaaaccgacatcccaaacgtatttgctgtgcgggtaaattatctgc,64.84
ttttggtgtggaattagtggtgcggaaaaataccggtgtaacattaacac,64.84
aactcgctcagcaatatcctgaagctgtgccgttgctctatcatttacaa,64.84
cgctacgcccggagatgagcagcgacgaaattgagcgcattattcgtagt,64.84
cggcttgtgattaccttgaccgtcaatacatgttaggcgacaacgtgatg,64.84
acctggctccagctgatctgccaaaagaagggggacgatatgatttacct,64.84
ggtgtacttattcattcatttattcctttatccagtcgttacatttttac,64.84
atctgttacgtgctgttgcgtcgcattaccggcattcgcacaatcatgtt,64.84
gcgaggggtaacactttgttgcccggtaaaatgctggccagaattaacat,64.84
ctgtcttccgggaatttatccgtcagccctttaatgtcgaaaatgctgtt,64.84
agcccgccggaaacttcttcccaaacggttttgctgttatccattgagtc,64.84
gctaaaggccaggcctcctcgctgtatctgttcagttactatctggggtc,64.83
ccagcaggcttagctgccagcgaccaccgcttttttttatgatcattaac,64.83
aaagtggtcgacttgctgcgtcatgcgccgaaagatgacatcatcgtcat,64.71
aaccagcataccatttgagcgatcgcccgctgttcccccatactgtaaag,64.58
gcctgggcgttcttttttccttcaattgcgacaaatgtaatactttggtt,64.4
atggcgagccgccgctggatatcgctgcgatcccgctggatgataagaaa,64.34
agcgaactgctatggtcgttcagcaaaaaactggcgatattctggctggt,64.34
agtcactcaaagttttgctcgaaaacctgctgcgctggcaggatggtaac,64.34
aaagccgcgctgggtagcgtctcttacatcattcatggcttaatgcgtat,64.34
cctggttgcaggtcaagttgactggattgccgaaccgttagcctttattc,64.34
ttgattggcatggacagcaaactgtccggcgtacttgatatgctggaaga,64.34
gcgaactacggcattgaactgcgtgggattgcgtttgataccatgctgga,64.34
cgatatcttcggcttatgccgagcacccctggcgatgtaaagtctacaac,64.14
gaaaaataaagttgaaggtggcgttatattaaacgcgcttgctataagag,64.14
cggaaaacaaccgccctggcggatccgttgatcgctcatagaataaagac,64.14
cgggcatagcatcatcctgacttgaaattcggtgggttagtatacacatt,64.14
ccatgtagatatggggcaggattttattgattagcggcgataataagaac,64.14
gccagcgcgatctgatggggcttatcgatcaactggtagtattactggtt,64.14
ccaggcgtagacatgctcgctttcaaagttgccgttggtattgttgtcac,63.94
aactgttgctcggtgtcgttgatacggcaatgatggcgcagaatgcatta,63.94
gtatcggttgctgcctgtacggcgctgcctgcacctatgataattcgcct,63.94
tgacgcggcatttacctgacagcgacgtagtctctatttatgatgctgcg,63.94
agcgatcagggcgatatccagcaatcgcatctgatggagataataaagat,63.94
ctgtcattgcgggagtaccagcaaaaatcataaagaaatacaatcatgag,63.94
cgttttatttcgccacttgccattatccattccagttatatctttctggc,63.94
gcgtgccgaaaagctggtgagataacaaggatatatcgatatgataaagc,63.94
acggctgctttgtgacatcttcttcaagattttcgtgataaaacgtcaca,63.94
tgctggggcatttcttgactacaatttatatgcctctcattatgcaccac,63.94
aaagtgtagagaaacgcgaaaaaatggcgctggcacgtaaacttaatgcc,63.94
gggaccgaaaattaccccaattggtagcctggctacgctactctggctgc,63.94
cgtgtggaaaagatcgccgcgctgatggataagccggttaagctggcatc,63.94
tgaaagcgtaaccactattccgctgaaggcgtaattgtttaaataacatt,63.94
ggtaatcagcacgttcgacaatcacctgccgaatcagcattatcggaatc,63.94
accccaggaacccattagcacccgcatcgccttctggataagctgaatac,63.83
tctggaggctgaccacgataagctgccgctggtggtgccgatactgtttt,63.83
tcgacctgatgttcttctccgtagccgaaccggtaacgcagtatatgcag,63.83
ctcatttttgtcgcgctggtcattgtcggcgcgggtgtcaaaatcgtacc,63.83
cgctggcacagttaattgataaacgctttattcagagccagtatgatgcg,63.83
acgcaggaaagcatttttaacctgataatgaatttgataatgatagtcgc,63.83
ccaggcacaaatttatggcgatgccgtcgtccggtatgcttttattgaac,63.83
atcatcgtgccgtttattctcgcattatttattgctgttattcttaaccc,63.83
gcggcatttaccgatgcgacaccaaccacacttgatgatatacctgttac,63.83
aaatggtggggatgcttgacccggaacatcgcccgtatattgtttttctc,63.83
cggatatccgttacccgcaatcggcttctcatcccggtacaattcattgc,63.83
ttttcagaagccacttgctcctgaacagcgcgcattttatcaataacttc,63.83
cgatcactggctcgtagtgggttaactgatttatctgctgcaatatacgt,63.83
ttcactgctgtgaattgcaggatatcctgcaaaaccaatacagtgcactg,63.83
tggctgggctgcgccatagtttttacccgtcgcgtcggtatatttaccgt,63.83
cggcttactcagcacatcatccattccagcattgaggtactcttgtttgt,63.83
agttccagcgcggtaatgcccaattgtttcaaatagttgatcatcaccgg,63.83
ccaccacacacaggttcagatcgcgccagcgcccggtgcatactttcatg,63.83
agccaccgctctcgttttttacaaccagttcttccgcttaaagtacagat,63.83
tcgaagtgaccttgccaccatgccagcgctgtcccgacgataattgcagc,63.83
ggcttgtttttgataaacgtattcatggcgatcggatgcagaatcaagcc,63.83
ttcttagtcctccactaccaggcccatggaacgtgcagtaccttcgatgg,63.83
gcgcggcgctaatccttctactgcacgactcatcgctgcaatatgttgtg,63.83
taacggcgaaattgttttcagcatttcacacttcctctataaattcaggt,63.78
acaggttgccactcttttggcagacgcagacctacggctacaatagcgaa,63.78
caccagcgccaccagtttgtaaccgaggcttaaactgataggctcgatca,63.74
tttcatctcctttaactggcttgcgctgcatcaactggtacgctgggtgt,63.74
taccgtcaccaccgaagtgtataacggcgtctgggatgcgattattaata,63.74
gagtgaactggcagccttgtacgcctgtgtggaagcggcaaaatgtagca,63.74
ttaagcgagattttgtgcctggcaggccattgggttgagaatattagagt,63.74
cggtgtctctttcctggatgcgccagaagaagtttttgctaccgtgttga,63.74
gccaatagactttatttaccttcctactataaagcggatataagttaggg,63.74
aatctggcgcttacaatgtcacccgctctggcgacagctatattctggtt,63.74
ttcagacacctgacatataaaaaataatctcggtgtgagatgctttacgt,63.74
cgatgcgtctacaggaggcatctggcggggagcttcagtatgatcccaaa,63.74
acagataagcggatgtttacataaatttttatgtgaaggaacatgatgaa,63.74
atcgtccttatgccgcagttactccaggaaacgatggggtataatgcgat,63.74
tggcgcagaaaaaaatgcctgatgcgacgctgcgcgtcttatactcccac,63.74
gcagccagccacgattgcgagaagccacaatggtcattaccgtacagatc,63.74
tttatcgagaaaggtttgcagaacgcgggtttttttataaggttcctgat,63.74
atttcggtgtaacaggtgctggaaccgtaaaaaagacccatattcataac,63.74
cctggatgtttaccgcaattattgccgtatgcattctgtttattattgga,63.74
tgcgtatgaccaggttataaccgtttggtttaacagctgtaaaattaatt,63.74
tcccatctctggataacttcaaatatctggataagcattatgttttcaat,63.74
actgcacaaatccagaatagttttcttttcatcgcgttatcatcattgtt,63.74
gcgacatagatacatttgataccggaatcgcgctggttgatgatggcatc,63.74
tttatgatttttttgataaaaattaaattttatttgctttaatcaccacc,63.74
ccgggaatattctctggcgcgatggtccaatgtttgttgatctggatgat,63.74
tgcataaaaccagcaatggcggattccgaaatatcgcgcaaaatgatttg,63.74
acatggagctgagcctggatctgctggctaagctgagccagtctggtcac,63.74
acgatcgactgaccttccataatggtgcgtaaagtgatgttaaatacctt,63.74
ctgcgtggtgaccaactgcacctatgacggcgtgtgttataacgctaaag,63.74
gcaacgctcaggctgtgagcaaacgaaaaatcaggggtaatataagtggg,63.66
agtcaacgaaaagaatattgccgccttgaagaaaggaggtataatccgtc,63.66
aactttgtgaactttgcaccgccagcggcgataaaaagtaaaatggcccc,63.65
ccagttccgatcgtctgcaggaaaactcactgtttgatatcgtcaacact,63.53
cagatcaatgacagtcgctggagcattatctggtcggtattatttggcat,63.53
ccgggtgctgaatcatccgctcagcaaaaatagcatggtactcttccatc,63.37
cttacacctatgactggacgccagaaacacgctacggcagcatgaagagc,63.37
agcattggtttctggatggcggtactggtcagtgcgggtatccttggaca,63.37
aaaccgtggaagagcacgcggcaaaacatgccgggcagtatgatgtggtg,63.37
tcagcatcgctcagcggggcgtaagtatccagatgcgccataatgatgat,63.37
gttcctccaggcccatttgctattaccaatttattcaatacattacaggg,63.37
tttcgcacaaactcaacgaagtcaaagcgatttccgatacgatttgcgtt,63.37
ttggtttttgcgtgatggtgaccgggcagcctaaaggctatccttaacca,63.32
atcggacttggtgctttatcgcctgagttgccgtccattaaaatctgatg,63.32
tagagcaactcttctgccgtacccacaccgccagggaagataatgatacc,63.18
ttaagcgtgctcaactggacggcggaagcggaacagctacgcttgcgttt,63.16
gtcagcattaaatgatgctggcaggcgagctcaagattatcgtaatcatc,63.16
gagtctttttcgaagatgagcgcgatgtttttaccggtaagcttctgtac,63.16
ggattacgaagcgtggggcacaggagatacatctccagtaagatggcaac,63.16
gcgatgacggtgttcggatcgctgggcgtctcttgggataaactccagtg,63.16
tctatacctgctccatttttgctgtagtctgaagtgttattattgtgatc,63.16
ttgcacctttccggtgtaagacaaattgccgtggtgataacttacctgat,63.16
aaccgcaatttgcgctgtttcatacgactgccagggtttaccatccacca,63.16
aaacgcctgaacaccttgactttctaatagtccactcaggcaattattac,63.16
ttggcattcacgatgtcggcaaagcgagaaaaaatacccataatgttgtc,63.16
attgtaatgtgtttctcgcatcagcagataagtactactacctttaggaa,63.16
attgcaacaacaggggtattataggcacttgccatatgtaatattgaggt,63.16
aagaagttgcggttgcagtagaaactatcccagaaatgcataatgacaga,63.16
ttaatggtcaacctcaacagcattgtggtcagttaacgtataatgttgac,63.16
ccattgcgattatctcctttgcgctttgtggttttgctaactttggttct,63.16
gcgcacgccataaatcgcgccgctggcaccgctgatgcctacaatgagtc,63.16
cgctgcttaatccttttccaccgatgatggacacgttgcaaaatatggca,63.16
cagggacataaaggtacaggccattaccatcgagaaggcggtatggtttt,63.16
ttcaaatgtgggagctatttaccagcacatcttacatttatgatgagaac,63.16
agttaaccagcgcaatcctcgccagtgaacccggacgatataatcagctt,63.16
gagcccattcgatgctgttcagatccacgccctgcttgtacatttcccac,63.16
agatcagcccaccattgcatcatcggacgacgttgctcaagataatcact,63.16
aataactttcagcacttaaatagccggcaagttttgcgatcatgacatcc,63.16
tcgagtaaaaagatttctgcgggggcggcaatcgctgctaatttatcggc,63.16
caagataagtcgcgttgggaaatgccagcttctctggcatcttatgctgc,63.16
tgataaacctgttccaccgctgcgccagttattctggcatcatttacgtc,63.16
cggagggtttatttaccgcaaccagccattcatcctgatagagtatttcc,63.16
ttccatctggcaggattgatttgaggataacatcatgtttgattttgctt,63.16
caaagcgtgtgttgttcgtacaaaggagtctgttgtgccatcttgtcctc,63.16
gatccagtttccgctgatactggttacctgtacgtgtatcattaatcgtt,63.16
tgaaaaaactggaagagcacggcatgacccaactgggcgaaaatcatgac,63.16
cggcggacgatacaggtgaaattcctgtcgacctgattcaaactgaccac,63.16
gttagtaaacgtaacgccttcggaaacgcgagtggcgtatattgatggcg,63.16
tcgtaaacaggcaggatagaaccgcccggaatgcctgtcacaatcttaat,63.16
gggcataatcttcaacctgatcgcgctgaatttgtgctacagcgtagtac,63.16
aaaatccagtcccacttcattattccaccttgtattacatactgattggc,63.16
atgtggacataacgatttcctttcttgtagtaatgggtcactcttttttc,63.16
acgggagggcatttttctgaaatatcctttctttagcccataataatatt,63.14
atccggtgtataaatatatcatcgctcaattgctacagttaaaataattt,63.14
agttcatccggtgtataaatatatcatcgctcaattgctacagttaaaat,63.14
tcacctcaaactcgcccctgcccggggttttttattgtaaaagtgggggt,63.14
ttcgcgctcaggcaggtggtgtactgacgcgtggcggtcatactgaagca,63.07
ttttggacaattttgcagacattttattgtgaaaagtcttaaattgttgc,63.04
ggattgcagaaagcttgtgtttcataacttttcctttattcatcgcatgg,62.91
aagaacccaccagacgagcaagttcattcaaaaaggctttattatcagtt,62.9
gtcccacagtgaattgcccagctctttagtcgtggctgaacaggcctgta,62.9
catgccatgtatggctcgaatagattaaagaaatatgaaaaggtatccct,62.62
tagaagtgtcttcatgttgagccagttgccccgctgctgtgtaatgataa,62.55
tggggaggaataataagaaaaaatctctgccaggaagctatcgttgaaaa,62.54
cactgaaaccgtggtttgcgattcctggccctgtcgctgaagaatacagc,62.5
tgttgagcttcatcacatcccatgggattttgttgtaacactgtactgga,62.5
attggtattaaacgtgtgaccacctttaccatcggccacaaaatagagat,62.5
agtaaattttcagcgttccggtcacgacccctttctcccacaatgggatc,62.5
cctgtaatgacgaggtgatctgatgcgcgtggcagtagtaaattttcagc,62.5
atggtaacggtaaattccccaatatgaataaggcgctgtatgttgatagc,62.5
atcgaacccagcgcagtgacaatgccgacaacatgttgcacattgaaaat,62.19
tccagacaaaacaaaacggcccgcaggccgtttttcataaaatctttagc,62.14
tggttgatggggtagggatcctgcgcggcatcgaagctaacattaaaaat,62.14
ttttaatgctttatttgccatttctcctgaattacgaaaacatttgcaac,62.14
attcggttttaccactgggtccatcgccaccaggctgttattctcgccat,62.06
tggtgcttgatgatgaagaccgtgaaaacgaaggtgatatgatcttcccg,62.06
tgtcattaaaatcatcatagccattagctatttcggctaaaatagagact,62.06
ttctgtgatcttaattgtgataattatccaaaattgataaaaacaatact,62.06
acgtttcggcggaacaactttgccgacacgatgcatggtataaacgaatt,62.06
tctgcgcccattatacggcgttcatctttgcgatgctgtaaatttgttaa,61.98
gacattgtttccatatgtacgcgggcgaataaatagaggaatctgattac,61.92
tagcaacgtttctattgacctttttggcgtattgcgcgggagttcaggat,61.92
agcgcacccggtttgttcatattgaaaacacgaatcggtaatttatggtc,61.9
taattttgctacttttcctcgttggtattcagttgcgcaataatggcatg,61.9
ctaaagtcagcgcgtttgagggcgttaagtcgacgcagtaaattattttt,61.9
atcacccaaacagaaaacagattcttcagccacggttataagctgaccgt,61.9
tcccaattcattcctggagcaggagtcatgtcatgagtaaacttttggat,61.9
tctttcgctgagttcgccagttttactgcttgtttgctatcttcctgagg,61.9
tcgtaaaaatacctggcaggcgctcaacctcaaacgctatggtgccgagt,61.9
attcacacgctgaacgaaatcttccaggttgagatcgatatcatcaatgc,61.9
aaactgaccgcctttccccaggtctaccttaatcaagcgataatccagct,61.9
ccggaacctgcaatcaggccaacgcgcgggttattctggtaagcttccgg,61.9
ggggtaaagaacaccggactttgccagctaatttcgcgtttaatgaattc,61.9
cactggcggatgacgcgacgtctgtgtggcaggcgcgtagcattcaattc,61.9
aaacaaagatcaatgaaggcggtacgctgacagtcaacgataatggcaaa,61.9
tgtaccgcgcggcgggagacataaccggtcatcggactgataatacgagt,61.9
gtgatcacacaccccgtccactgaccttcgaacagcgtaaaatcagaaac,61.9
acgttgtgcttctgcttccgccagaccctttttacgtgtagcttcggcta,61.9
aagttgctgagcaagcagaatgaagaaaacctgctgccgaaaaccattct,61.9
gctgtgagtaatttttctttcgttatttcgttcggaagtaaactcatatc,61.9
ttgcgacaaagctcacctgagtaccttgctgagcaatgtagtctccaacc,61.9
acgtgacggaaatcctgccccttcacgtagtagaagataaactcacaaat,61.9
cgacctcttccggttgcccatgtcttttgatagccatcaaactatgcaac,61.9
ctggtgccagcaactggtcgccagcaaagcgatggtgccattattgcacc,61.89
ttttgactaaagtcaacgaaaagaatattgccgccttgaagaaaggaggt,61.89
gctggctgagacatcatccccctcccggtatggtttttgtgtatagtcgc,61.8
tcgatccgacaacggtaaagattaccctcaaacagccgttctcagcgttt,61.61
gatccgttgctcgatttgccgtggcaaattactcgtcaacaattgaccgt,61.61
cgccacagattgcaatgtacgtttcacgtcgaagacgtactctttgtcgt,61.61
acttcctgactttttaccctatttcccatcctgatgcgtaataatcccaa,61.51
acctaacatcgccttcctccttagccgaaaatcagtctaccctgaccatt,61.3
ccaggtttttacgtttagtagaagaaggaattactgagtaaccttccccc,61.3
tccaaatttatcaagtgcttaaataattaaatctgtgctaaaaaccaggt,61.3
atcacgttgtcgataaagccattgtgaaagaaaaccgctacgctattcgc,61.3
tgaatggtgtggtgttgcgacgcaattgctcgcagcgtatattttgctat,61.3
ttcgacggcacgcgatgcacttttgctgcagcctgggttatgctgccagc,61.3
tcctggcgtgtgggttatgaaaatgtcgatcactttgccaaactgttttt,61.3
cctacctcggtctgctgattatgtttgcagtgcatggcattctgctgggc,61.3
ttcagcatcttctgtccttacttcagcggcgaacggttacgatcaatgcc,61.3
ggccgctccgtttcgaaacggttgatcatgctggcagcaaaatgctgtgc,61.3
agagctgaataattattcccaagaattgatagtgagcgtaatattcacgc,61.3
ttcccagggaaaaattgcacagaaagcgccggacagctatcacttaagcc,61.3
acatcaacggttgcggttgagtttcttgagtggtaagggaaacttccctc,61.3
aggcatggatggatattgcttctgatattgtccggctggacaatgttacc,61.28
tgatgcaaagtgactactatcgccacggcttcgatgcgatgatcaatttc,61.28
caggcaatttttataatttaaactgacgattcaactttataatctttgaa,61.23
cgatcaattgagatttattcactcttctcttcctctttataatttatatc,61.17
gtcctgacgcaccgcttcacgcagacggttttctaccgcacgctggtggc,61.17
tttacggtgcaggctttgttactttcaccgatcaggcaaagatgaaaatc,61.17
aaccgccgaaaactgtaccgagaacaaccaggtaacctaataagataagc,61.17
cgcaaaacagccgttattgatacgcactcgccgcctgttaggattatggt,61.17
gattaacctcaggatcgaaatacgggacagccgttggcatcatcatgttt,61.17
gcgcaccaactggcggaactgctgaaagatacgccgtgtaagatcaacct,61.17
tgctacttcccgacctggaaagtggaagaagatcacttcaccgttaaagc,61.17
attaaccatctgaaataaaaggcacgactatggatctgtatattcagatt,61.17
ggccacggtagctgcgcgataatccgccacggcggcgcagccgataaaaa,61.17
ctctttccggcggtcacggtacgggcgctgcgtggagtaaattgttcatt,61.17
aaaccattttcgctgtagacgctggagtgggagtgcgtaatcaattcgtt,61.17
ccggcccctgcctggtgctggcgggcgcgggttccggtaaaactcgtgtt,61.17
cgataacagaaatggtcgcaaaactcatagtgatatccgattatttttta,61.17
gcccaccgacacgtacttgcataacggcgtcagtgccgaaattatgcata,61.17
agtttttcgtcgacaccggaagagaggatcacccatggcatattgatatg,61.17
gctgatcgacaaacttgataatgcccgacagcgacaccagcatgaacagt,61.17
aacatcgtgtgggcagtgagtcagtggaataatgtcgttaaagtgacatg,61.17
catgggtacagcaacgggagcggcttgcggttcctgatagagttgatcgt,61.17
ttgtttttttcgagtaatttaactgcgggtgtcatggtaattttcctgcc,61.14
tcggagtcagtgaataactcaggtattgggttatcagctaatatcgagac,60.95
caccattacggtgaaaatcaatctgctgcctgacgttgtacagtatcttt,60.95
tacggtgaaaatcaatctgctgcctgacgttgtacagtatctttattatc,60.95
ataaccatgacgctcaagcagttgtgcctctttgatggtgaaatcaccat,60.95
aatatcatttatccaatggcatgaaatcgaaatcagtcgatacccgcagt,60.91
ccaccaaagaaacgctgttatcctggacgctgatgtccacactcttatcc,60.91
cgctgaatgcaatgacgccactgcctggtataacctggccattatgtatc,60.72
tggggataacagattgcccgctgttacgcaaaagcaatatcgtggtcgat,60.68
cgccagacacatgccgggaacccggcgctctacccgcaggtcaaaatggt,60.68
cctggcaccattggttttgccaccgtgcgtgcaggtgacatcgttggtga,60.5
gtgcgcatgccgtcatgaagagcgggatcgatcttgccgtttcttactgt,60.42
aagggccgaccgcgtttgtctccatcatggaaggctgcaataaatattgc,60.42
aactggaaaaccgacatgttgatttcctgaaacgggatatcatcaaagcc,60.42
cacagcatcgcccgcttgatgataaacgctacgcgctggatcatttccag,60.42
gccgctgcctgcgtccagccccgctttgtacggcggcatataatcattaa,60.42
cccacttcagaaccttccattacggcggcgttatctttataagcagagag,60.42
taagcagagagaacgtgatctggcgtggtttcgaaagtatttttgatcat,60.42
gaacgccttatctgacctacgttcgacaccaccaggctttacttaatccc,60.42
ctctgaaggaaactcttctaccctgctctgtactggttcaatattctcca,60.42
gaaggaaactcttctaccctgctctgtactggttcaatattctccagttt,60.42
aagcatggtgaacgcggtgcttaacgccatccccgccagtaacatacggt,60.39
caatgctttcaaagggaccggtcagttcatccaggccgtatgcttccagt,60.39
cgcaggtgggcgacggagtcgatggtgtctttgatgccgataatattgct,60.39
ctaccttcgtctcaaatttagatgttggataggtattatataatggcatt,60.39
cgatggaaaaatccctcgacaccatgttccagattgcgctggactacgac,60.39
cgtttattcgtcctggcacaataatcagcaatggcgtaaaaattggtttt,60.39
ttttgagatcgatattctcgaccgtcatccaggcctgtaaggtaccggat,60.39
tcaccgcgtgctccgcattccctgcttctggtttcagtacataatattgc,60.39
aggcggttgcaagtggcgcagaagtctttttcatacggcatgataaggcc,60.39
atgtggtaaacctcttgtccgccatggcggttggtattcatgatcagacg,60.39
cgataagcataccaatgccggaatgctgcgcgagcgctttaattattact,60.39
gaagatacaaattaattgcctgatgatctattaattgtgacactgacgtt,60.39
ccgatgtgggaagatacaaattaattgcctgatgatctattaattgtgac,60.39
ttgttttgcgaaagctgacagaaacagaaccggtgattattttcgaaggt,60.39
catccacgcccagaccaaactgttcttgcatcacagcatataatgacgcc,60.39
tttcagtgccagaaatttttcagccagttcttttatggttaaatcttgtc,60.39
ggcctgatggaagcaaaggtcgatgcgtgtaacgtgggtattatgggaac,60.39
tcgcgttttgtaatcagcataaattgcaacaacaggggtattataggcac,60.39
ctatccgttaagtatagcttttatcagacttttcgtttttaactgttcaa,60.39
tgcaccacaacgccctgcccttcacggaacagatccggcaaaatgccttc,60.39
gccgatactgaagaaatcgacctcatcgcagaagtggtcgatgatgtagc,60.39
attagtttcatcctgaattaattttggctaatacacggtaaaatagccgt,60.39
ttaatgtcgtaatccatcaactgtttcgcgccaggaatataataataggc,60.39
gtctgggaacagtactggatggaatttacccccaccagtatgatggatat,60.39
ctggaacaccatgcccactttcgcacgcagcagtgcgatatcctgagagt,60.39
atgcacgacgccatcgggcatattttgcaattgcgcgataacctgaaaga,60.39
actgatcattagtgagatcggcacccgttgggttgtggcaacatggatgc,60.39
ttctgccattttcttaatgactttatcgcgagcttgctcatactgaaggt,60.39
ttcactatgcacaatttttaaaaaccaaggattagcaatataataatccc,60.39
acggtggattgggtaataaagtgttccagcaatgcttgcataatgtgcct,60.13
cggtaactgaaccggccatcacgatggttttatcggtgataatcggtggc,60.13
cgtcaatcaacgcaacttcatgattaaaaatccggtacataatggtcgac,60.13
cagcaccattcaaaattctttttctggccgatctccattactctcgtttt,60.13
gcggcatttttatctggatctaatggcatggcatcagccatggtatgacc,60.13
aatcggtgcctttttattatctggtttgtcaggaatctggcatgttgttg,60.13
ctgtgtcgatatattcaaggttttgattaaacaatattatgattatcctt,60.13
gtgattcacggttcgattacttctatgctgcctggcggttattatgatcg,60.13
gccaatcgtcacaacattagttttgccgaagtggagtctaaactggggtt,60.13
tcttcgatcggcgtgttgtaatcccagcgatgaatttgcaggatatcgac,60.13
atactcctgccagccctgttcgtcgccgtacgcgtgggtaaaatcatgat,60.13
ccgaccactctccatgcccgccggaaatgaaagccggtaacatcatgaaa,60.13
acggtattgatgttataactctttgcgacaatacagtctataatattgac,60.13
gccaacaacatactggcggttgtcggcaaactgtaccgtataattcgcca,60.13
tcttgctcgataactatcttcctgacggtagagggattaatttactgcat,60.13
gagatagagaatcagcagggcacgcatgccgtaaaagctaaaatattccc,60.13
aagccctggaagctggactggttttacgaagtgcgtcatctttcgacgtc,60.13
caaatccgtggtcggtggcaaaaaaagcagatttcgcttattaaaaccac,60.13
cccgtaactctgacttgactattacccagcatggcggcggtaatggtgca,60.13
gccagggcttttttatttcatctttgaatcaacatattaaaattcatcga,60.13
tcgtccagattgtcattcacatagtgagcggttgcgccaataatcttcac,60.13
ttaagactatttacctgttattaacactctcaagatataaaattattatc,60.13
gctgaagtataaaggtgctgtttagcactacttgctgatacattaattta,60.13
gactttgacatgttgctgaccttcaaatcctcaatgactatcattgcgtg,60.13
agtaattcgttggcgatacggtaccagttgtcatccggtacactgacttc,60.13
acatcgtggtttccttgccaaaaaataataagcctgcttactttacgctt,60.13
tgacccgtaagcagatcgacgaatacggtaacttcgttaaaatctacggc,60.13
tacctcatcggcagtatgtggaccaccggcaaaaggtaagatgccttctt,60.13
gggacatcgtaaactcctgatagcattttgaaagccgttatagtagcgac,60.13
atgctaaaaacatacctaacctcgcctccctactggttataatgcaatgc,60.13
agcaggcgggataattcttcaacatttagaagatgtgttattaaaggcat,60.13
ctgatgacagtttgatggaaacgccgcatcgcatcgctaaaatgtatgtc,60.13
cgtaaccgccctgctttccctgcgtgaagttttcggtgatgatctgccag,60.13
cacgatcgtagccatcgcctttggataccggcggctggtagatttgtgtg,60.13
gaggatttttttattgacaataatatccatggttcaatatgttgcaatgt,60.13
agtgcaataaaacgctggacagacgctcgctgccactggaatgttgcata,60.13
gtgcaaatcgataacgtttaatttattctcggacatcgtattctcagtgc,60.13
tcagctgctggaactgactccagctggtgtaagccaggctatagtgaatc,60.13
ttacgtgtagttttttatatacatggaaataattttctttatactgagac,60.13
aatggcgatgtccgctggcgtgtttatggcgatcggatttactttttacc,60.13
gcgtcagtgctggcggtggcaaaaaccagtggagcaagtacactttcctg,60.13
ggggtttttacaccgctgttgaaatacaatttatcgccaacaattaagtt,60.13
tttctgttaatgttagcaatccttgaatttcgtctttggtatagtggctc,60.13
gtaattcgcgagtcatcctccatccacgccagcgatgttacgctttccat,60.13
aacttcaatacaggcttgcgtgccggaactgcgctggttacaaaggtcgc,60.13
atgctgacgctccaactgcgcaaccggtttctttttcataacattattaa,60.13
ccattaacattccggtgatcgacaccggaaactctgcttcaatctcacga,60.13
aaataaaagaatattatgcgcagcacctgagtatctgcaaaaatatccgc,60.13
gaatggtggcgatatcttgcgccgctggcggtcatcgccattattgctct,60.13
agtgtggacaagcagactacggatggttgcaggcccggtatactttttcc,60.13
gcggcacaggcgagttaatcctgcaggcgctggagagcggtgcgacaaac,60.13
atgatcatgtcgatacgttgagtatcaatgatcttatgtaaactggaacg,60.13
tatattgccgtggcttcagcaaattcgggttccttgctatcactgtttgc,60.13
atcccaaaatgttgcagcaataaaccggtgtgacgagtatcctcggcggc,60.13
agcctgggcgatatcggccagtaccatcggtttcatatattcttcacctt,60.13
gccagaagcaaaagtcgctgaccttaaaaatgagtgctaagagtgaagct,60.13
gcatcaccatgccaataaagatttcgatggattcagggttaagatgtggg,60.13
cccatccagccacggcttgattcacgggcgatagcccccatcaccgagat,60.13
gtgtctttcagtcgctggtgggaccggatcttgatgccgatggattactg,60.13
gcgcgaaacagttgatggattacgacattaagcttggatataaatctttt,60.13
ggcattagccagcttgatgacgcggcagagcaaaaatgtattctggaatc,60.13
gatctacatggcgtttggtcacccggactacgtgaagtcatactgggaaa,60.13
cgttaatcgcaccagcgcgcagcaaccgttgcaggtatatgattttttgt,60.13
atggcctgttcaccggctacgacgcggaaaaacgcaagtacgataaatcc,60.13
ggaattcatcaagatctggacatctgatgagcaatccctacaatcgccgc,60.13
taaatagcgagttaacttgaagcaatttatttaaaaatgaattattaatt,60.13
catagataacgataggggaaaattatttttgcagaatttatgttattgcc,60.13
ggcatcaagttcggccagcgtggcgttgtcaatacgataaacttcaccgt,60.13
acattgagaatttacagcaatttatggaaatgcaacgtaaaatgataatc,60.13
caaaagtgccgcggattcaggcttattttacaacgtgatactgttcttag,60.13
taggtggaataacactcttgccagaattaaatattaatttatagtcgttg,60.13
acaaagcgcaatggatcgaaaaattcgcgttttgtggtatagcgcatgat,60.13
tgggtaacgtttccctcgatcccaacgagcgcattggtaaactgcgtcag,60.05
cacggaccattatccacacttggttatgaacgcctgcataatcccttcct,60.05
tggttgctatgggcggtatcggtcatacctcttgcctgtacactgaccag,60.05
ccgcgaagcgcggaaagccagcagcgcgataaagttgctacctttccaaa,60.05
ttaactcccggtgttacaggattagtggctttgcgcgataagatcgtctg,60.05
aagcctggacggcagatgacttcggtagcaacgaaagtaaagtgatagtt,60.05
cagttcatttgaactggcttttttcaattaattgtgaagatagtttactg,60.05
tatttagaaatgagatatttttgaaggaaattttttggagaagatggtgc,60.05
gaatgccgttaaaagcgcctgatgagcacgaaccttgcatacccaaaagc,60.05
aaaacggtcatgctacctaatatatgcccgtttattgcatcgcgaaattt,60.05
taccacagcgagcgggcaacgaatggcgtttgtgcaatatctttctggct,60.05
aaattgacagccgtcactttttaaacaattggtgaaattaaaatgaacgc,60.05
ccttatttgcaagaggtggcgaagcgccgcacttttgccattatttctca,60.05
gttttgacagtctcggaaacaaaaatgcgctgtttggtatcatccagggc,60
atagcgtttcgttttttaaaccgcagcgaccttaccgctatagtcaggta,60
aatacgcggagtcacttttgcggcaatcagcatttctccattattgttaa,59.93
tgctcaaattataagcttgaactaaggtaatgcaaatgcattattaatgg,59.93
tggtcaatgtgaaacaaactgacctcgagccggggaaatataatgtcatc,59.9
cctggacgctatctcaggcctgatttgctgctgatttttacaatgcatgc,59.9
ttaaaggcctgcaatcgcgcccatagctgcggacgtgtatcgtttaaggt,59.84
cgtatgaaagaaacggtgacggttgagccgaagaaggtcatcattctcga,59.84
acgcgcaggaaaacgtgactatcgatatggaaaaagtggattttaaagcc,59.84
atgcggcacatatcgttcagctccggtggtacgttgttaaactgaccttt,59.84
tggctgatgatgcggcacatatcgttcagctccggtggtacgttgttaaa,59.84
caatttccataatttctcgctcaatattttgtagggcttattattttttt,59.84
gcgcgtctggcggatgacgtggcggtgatgtctgacggtaagattgtcga,59.84
cgcatttgccagcacgctgaaaaaccccaaactcggctatgttagccgtt,59.84
ctgctaacgccgcatttgccagcacgctgaaaaaccccaaactcggctat,59.84
aaacccccgatgtattgcccttgcaggaaccccgggcaaaaatgcctgct,59.44
gctcggtagagaaatacaccgaagggcgcaaaatcgttcatattgatatt,59.44
gcttgcttatagtcctggtccaccccttcgccagcgttataatcccatgc,59.44
caataactggcttagtgccgcgtaaaaaccaaagctgtcatactgacgac,59.44
cgccctttatttttcgtgcaaaggaaaacgtttccgcttatcctttgtgt,59.44
atcgcttgatagcgatctaaccaggttgacgttgtgatagcctttccttt,59.44
ttacctacagccagaatggcaaaaactggaaggttgtttatggtggttat,59.44
ccgcagaaaccagaatgagatttttcagttcgcgatgataatagccaact,59.44
accagcgccaggatcgcaccaagtggagcaaaaccgctaaagtttttaat,59.44
gagatgattgccggggtgttaaccagtcataaagatggtaaaccgtgggt,59.44
accgcgcattatgccgtctgtaaggttatcttctggagtatagtcaagga,59.44
attcagacatggttagtgtttcttgtcattcatcacaatatagtgtggtg,59.44
ttcgccgccgtgcgctttcaggtgctcacggatttcgataacgtcagaac,59.44
attacgcagcaacttttctttatccggcaataaagccatagtgcctccct,59.44
gcaagagatcggactgggacttagccaggtcatggcgagataattgagat,59.44
tcctggaaatggttatttttaatcaacgtaccgttaggtattatcgccct,59.44
tgatggcatttgttgcaataattgcgttgattaacggtattatcggcggc,59.44
gtgtcatctaccggctcgccgctacccgcacaatgggtaaaattgacgcc,59.44
gtcaggaaacccaggttgccacggttgattccaataactttaatatcgta,59.44
agcgccgagacgaatgccataaacggcagaatggtttttaatacagtgtc,59.44
ctcatagctatcagaacggcaccaacatgtacttcgtctacgattacaac,59.44
atggtttacagccacattgaccgaattattgttggcggcattatgccgat,59.44
gccgactgagtgacatatttgctccatgtaaaactggctaaagtaatacc,59.44
gggagttggttacagcctgaattatcaatacagccgctacactgatcaaa,59.44
tacaacgcggtgacactgaaaatattgctcaaacagggcatgatgcgctg,59.44
atgtttaaccaagtctggcaggaaatatacacgaaatgaataatctgaaa,59.44
atgttcagccagccccagctgataagtcaaacgacaactatgctgtagta,59.44
gcgcgcgctggtcgtcctgggtgagtgtcagcgtgtgataaccttccggc,59.44
tccgaagcaatactttgaaacccacacctgtatatgctaattattttgat,59.44
ggcctttagtattgtgtcatggatagctctcgttggtggtatcgttacct,59.44
tgaggtgcaataaaccatgacgcaatactggctggggttagattgtggcg,59.44
caccgtcgctggcgtatactttttcttctcttcatctttatactttttga,59.44
cggcccataccacttccagcagaccagcaataactaagataatccaggac,59.44
cgcttcgccacctcttgcaaataaggagacaacgtcataattctttcttc,59.44
aggattccacaaatattgtaaccctgacgtctaatttggttatataacat,59.39
ttgataaaacacatcgtgcaaagatagttgaatttgataaactggataat,59.27
catctttataattcccatcaaatttaattagatatgctagatctttagct,59.13
ccacgcaacagacaatgcgtgagttaaaagaactgggctacacttcggag,58.95
ggcctgattgagataatgaatagattttactgatgattcatcatcaattt,58.95
cctgcggcaataatcgccgctcgttggccgacagatttattattgaaggc,58.95
tttgaagcgatgaatcacgcgggcgatatccgtcctgatatgctggtgat,58.95
atagtgattattatcttgataccataacatatgaagatttaggattaagt,58.95
ctttgccaaaagctggggaaaagagaacgtgaaagcagttaagctaacgt,58.95
gtagtcgtcgagcattgcgggttgcagaccgacgagggcaatatgtgctg,58.95
tgatgatgaacgccggatagtgataaacagcgttggtgcacactgggaag,58.95
cacatcacctccaactggcttggttttctctgtggcctgatatttgtagt,58.95
agcggttgatagccatagttaatcggctgagcagactggaaaatagaacc,58.95
gtcgccgaatccgtagtcagtgtggacagtgatgtggaatgctccatgtc,58.95
cgcgatctcggtgccagcaagttacagacttttatccgtatcattattcc,58.95
tccttggcagcttcatatcgctggcgatagtgatcgaatatattcatggt,58.95
tttgaagttatccagatcgataaacgcgatcattatcttatggttaagat,58.95
cagcaacggtacggttgcggttgtcagacagacattcaatcatgattgcc,58.95
cttcgatatggatacgaattttttcgcccgggcttaagtattctggtacc,58.95
ccagccccagcagcgcactgatgaccatccacgctgccataataaattgt,58.95
ccgatctgaaaaatggcactgcacagaacattcgtgccaaatttgtcttt,58.95
cgacgccactctcactcgaagaacgcaacgatttgctggattatggaaac,58.95
ccacatactaccagcagacgaggatcgcgcccggcgataatatctgaaat,58.95
aatcttccccattactggcaatcacttttttataccaccagaatgatttc,58.95
tggtatggttttggcgcttttaaaacagcaatgagcagtaatattgagtt,58.95
cgggcttcggtgaatgccgaaacagtggcacctgaatttatagtgaaggt,58.95
ccaccttcggtacgggcattgtcgcgggcgagagcggtattctgcttaat,58.95
tgtgacatgccaatcggtattgaaagccggatggcgcaaattgttgggct,58.95
gtgatggtgtctgactgcgattgatactttcctgaactaccctttgcggt,58.95
gggccgacaccttcgatcacccctgcgtacattgggctacgatcgaggtt,58.95
taacccggatatcaccaaatatatgggttactaccagcttaaaatcggct,58.95
gcgtccagatactgatcggccttgtgctgctggcgagtaacaatcttatt,58.95
actcatcggtcagttgattacgcagggcgtaaatcgccagaatcaggctg,58.95
aacctgctgccagttttactgaaccatccgcctgggggtaatttggtgct,58.95
tcgcccgttttcggatttaccgggatctgaccggaggtgatgatcatatt,58.95
gccagcggatcttgtttacctgacgcacgccagacgctaaataacttgtc,58.95
aggcatattttcatcaacaaggattttcacgtttgtgttacctgtatgag,58.83
ccgaccaaaggtataaccggcaaagtattgccgccagttactataataac,58.71
ttaaccgctgtttgagtcgcttgtgacgcttcttcaagtatatgattgat,58.71
acttttgcgctcttcatgagatttagcgaaacctcatgagacaataaatt,58.71
cctggctgcccgccacaatctgcgtcggctgagtcaggtacacttccgcc,58.71
tacgccacggttactttatgtaccgtggcgtaatgttttatgaatgaagt,58.71
ggctgcgcattttgctgctttcgcccatctcctgaacgataattttatcc,58.71
taggccaacaacatttcagcattaacaccgatgcgcttaatcttggcttt,58.61
gctttctcctttattgaccgagcgtaagggttttcagcatcatgcttttc,58.61
tgccgcgtggtgattaccaacgttgcccgcaatgtgacatgctgtttagc,58.61
aactgcaaagcgctattcgcattcatggtaacgcggtggaatatattccc,58.61
tgctgtttccgacctgacacctgcgtgagttgttcacgtattttttcact,58.61
atatccccataggtattgcgggccttctttacgcgcgcaaacatatgccc,58.61
actcattaccagctatagccatagcaaagattacaactacgatccccatt,58.61
ttgatccggcatacatcgtggcttcagcaccggcttgctacggttattac,58.61
cgggtgcttttaggaatgaaagaaaatgcaagcaataatataataatggc,58.61
atgttaactgccgcagagaaaaagtctgagttatttttttaatccctgtc,58.53
tctctgccaggaagctatcgttgaaaagcaatgtgacagatattccatct,58.53
cctgcgctaccggttttaccgataattgccagcacgatatcttttgcggt,58.51
aacatttcaatgccactcgcggtcagggtgcggtctggtataaatggaat,58.51
aaggcaggatcatccgccagcaccgtggcgctgctggttaaaatggcatg,58.51
aggactttaacctgcttcacattggtgtcagggtcggagatcgttgaaga,58.51
tgcgtgcttacaccatttcctccacgccaggcgtgagtgaatatatcacc,58.51
agcgtactggttgcctgttcaatcatcggattcaatggcagtttgttgat,58.51
gctttagcgtttccggtccgactgcggcatttgtggtaattctctatccc,58.51
tcgttcttccatgcccggtaacgctccagaaaacggctttaattgttgtt,58.51
aatgatgtggctggaaccagtggcgtttatcaggctggtataaggtcatc,58.51
ttcaggccgccaaattgaaaaatcgcgggtaagcccagagaaacagaaac,58.51
acgcatcaagattgttgcggaaaatctcctgcggcgtttcactactttgt,58.51
aagccccactggttaccgttcagatgagcgattttggtattactgtcaat,58.51
ggaacctgtccatgttgcaggcgtgctggtgagtaacgcaaccttacaca,58.51
tacactgccacaaatcttttaattcagtatgtcttgttaatattgagggc,58.51
gtggcataagtttttccaccaacgctaacaacggccttatggttaatgct,58.51
ctggtcgttggggactgccgagtgacctgatggggccgatagtgttcctt,58.51
cacgattcatgactttggtggcttcccgcaggcgctgtacgatacgcatt,58.51
acggcggattactggcgactgggggcgatttttgggctgatattcctcgt,58.51
gattaacgccctggttgatatagaagtcgatgatttctttactgatgcgt,58.51
tggtttgcaggcggcatacggcggaacagccagcggatatctttaataaa,58.51
gagacagtcacaatgaataaaacaataacggcgcttgctatcatgatggc,58.51
acgccaacgccgctatggcgtgaaagacgaaggaaatttagattttacca,58.36
ttcctgcgggatgatgtcgctgccgtataacgcatcgtacagtgagcccc,58.2
ctttgaacgggtgctgattaatctgctggagaacgcggtgaaatatgcgg,58.19
ctatgaccgaccgggaggctaaaaaactcccgtcgcctagaattcttaat,58.19
agtagccgctatcgctatttttaccagtcagtatggcataacgtacttat,58.19
tcaccagataaccaaagacataagcgcccacttttaacacatcacccact,58.19
gctttgtcgctcaattccatttcaaatacatcaactggcataatgattgt,58.13
aatagaaaaatgaatccgttgaagcctgcttttttatactaacttgagcg,58.13
acgactaatttgaccggaaactttagcgaaagacgcataatctgtcatct,58.13
gcccggtaaaagcccaggcggaagcggaaggtctggataaaatctttatt,57.91
accgcgtatcgacgctggaaatgtgccggattatcaacgatgaagataaa,57.91
ttatgcatttggctgacctgtccccccggcgaggaaatacaatgggtgat,57.91
ttatcgcaaggcgctggagcgccagctcaacccgtggttcactaaaatgt,57.72
gcgtaaaaggcggcagtgagaagaccgccatttcaggttaccctaccttc,57.62
gctctgggcacgtttggtttggggatggccgaatttggcattatgggcgt,57.59
atggatttcataaccccacctcgcagacaaagcgggtgtaaattgaggga,57.59
gcgtggcgctgttgctggcgctggcagaagaacgcgatattatcctgctg,57.59
ttgatattttttatcaggttatgctccacaaacatgagtacactactctc,57.59
tgcgcttctcgctcgctatcattcccggtaagaagaataatctgtttttc,57.59
cgcgaaatgaattgctgaagttgtggctcatcttctggcaaaatcgggcg,57.59
gttggctaaatcttcatgggtaaattcgttgatctcgctaaagtagcggt,57.59
cccataaaagcgcctagcgtggtaattccttcaggaatatcattacggct,57.59
ctatggcaggactatttacgccaaaggatgcagccatgaatatcgcaatt,57.59
acatatagttacgacggtgacaatgactcaagcaaccttaatattaactg,57.59
aaatcctcctgactctcaatctcatcaaaatcaaaggtataaatattcat,57.59
aaagatcaaaaaaaaagccagcacccggctggctaagtaatactggaagc,57.59
ttgatggtgaaatcaccatgacgagagaatccacgtggataatgtttatt,57.59
caaaatgcctcccccggttgtactcgctaaagagtacgatagcatatcat,57.59
gcgaccgtcggactggactcattacgctcaatctgccctaacattgcttt,57.47
aatcagtgccggtggtgacgtgacgctggatatcgtggaggatttaggcc,57.47
gcagcaacagcatgattacgccagctaacgcaatgcataacaatgtaatt,57.47
atcaggaattggccctggtgaaagaattgaccgtgctggaaaatatcttc,57.47
agaatccgtatcttcgagtgcccacacagattgtctgataaattgttaaa,57.27
tccagataaaaaaacggggccaaaaggccccggtagtgtacaacagtctt,57.19
cgaaccaacgcgccttgcgtcggcacaacgctgctaatatttttttcaac,57.18
gcaattaatggaaagttcatccccgttctcctgatcttattatttctatc,57.18
gcgccactacggtatagccttctcgattgacgcgaccgtacaatgagtcc,57.18
cggcgaggcacttcacattttttcggattattgcaaatgaggataaaaaa,57.18
tgtcggtattcgcgtgatccagctggcgggctatgacgtttactatcagg,57.18
attggggtgagggaacccaatacgtacgacacgtctgttaccttaacata,57.13
tgccggtatcaccctagccgatgccgtgaattttctggtagaaaaatacg,57.03
gttgttggtgcctttagcgccgctttccgttgtgtatgtattattagctt,57.03
aatttgatttttaatgatgtcttccagggcggaaatcatatcattgagct,57.03
atggtgcctttcggcaggacggcagctacgaagtcacgtttaataactac,57.03
caaacagcatgcggctgttagagtaaaccccgctgttatacactgacagc,57.03
tagcgtaatattcgctgttatcggtgtaatttgttttatatgctaaacaa,57.03
aggattactgccagcttaaccctcaaccgatggcgtactacgatggctgc,57.03
cccaatgcagccttaccctgccactgtctgctattgataaaatcagttgc,57.03
caagaatgctgtgcacatcaaccagtccggtacgctttataataccggtc,57.03
gctgaccgccaaataaccttgcacgatttaacagcgtgtagagttggtaa,57.03
cccaggtggcatcgctgtatcgtggcctggatttgcgggagaatttctaa,57.03
cccggcccggacaatggcggcgctagcctgtatcgcgcaaaatgacagcc,57.03
cgcgcagaagaatactttccgaatgaaagttaaaggtgttttatttatag,57.03
tgactaaagagatcagagaaataactgatactactgttaatattattatt,57.03
gaatgcctcgtattaacttttggtcatttcacaaagcgtataatttaata,57.03
gcgcccgttatcccttcacctgctgatgtttttgatgagaggatgaactg,57.03
tgttgatctggaaccagctgatggcgttgtcgactttggtaaaataaatt,57.03
acctgataagaagcgatgttaacaacacgaccgtttaccataattgcttt,57.03
taaataaattttgcttgattcatgcaagcggcattaatactatttatact,57.03
agcggtaaggtgagtttgtcgggcaggagctgagtgcgaaaatcaataac,57.03
tgcagggcttgcgcgagctgtgcgatcaacatcaggcattattggtgttt,57.03
aatatcttctttaaaagcagctattcctcctgttcatatataatctctat,57.03
ctccacttcagttctggcataaactcaaagttcatgccatagctggaagc,57.03
cgcgccagggtagccgaagctccacttcagttctggcataaactcaaagt,57.03
ctggtggtgcgatccgtggctgggatcgccgcaacttctattatttccag,57.03
tgcgtaagttacgaaagccgctaaaccccagcagctttgataccttaact,57.03
ttcgctgccccacctctgccttcctgtttttgttgtgaaagaatgacaaa,57.03
gcattggcccgatcggcagaaagctcccagttgctatatcctttctcacc,56.97
ttcttgctggaacattgtatttccccaacttataggtttagtgttgtgga,56.97
atggtaacttcttgctggaacattgtatttccccaacttataggtttagt,56.97
gtcgatctgatgttcgttaccgtgcttcgcataatagttagagtagtggg,56.97
cctttccaggtgaccgtgtaatctgaactaccctttggtatcttcagtgc,56.93
tgaggaatcagggctgtactataaccgtcaccggtactacgatccgttgc,56.75
gaaaatcaaaagcttactcgcgctcacactcactgtgatttactaaaaga,56.73
atgcgtggaagattgatcgtcttgcaccctgaaaagatgcaaaaatcttg,56.66
cgccaatttgcggcccgatcctcggcggttatatcagcgataattaccac,56.62
aaattctcgagaaaatcgacgacggtcagatgggcgttatcctcaaacgt,56.59
ctcgtagtaaacctgcgcctgccgttcgcgccgcctacgataatgaactg,56.59
acggatctggagttgcaattacgccgccgaggtatcgatacaatagtgtt,56.59
tgattctgcaagcgactaaagtcgagcgcgttcacgccgacaaaccgagc,56.59
gtagctgtgtaccgaagactgcacttaagttggcgcgttagactgcctgt,56.48
gtaaaatcggtctggcaagttttcttttgtccttcggcatatcctttaag,56.48
ttataaatcaaaaagataaaaaattggcacgcaaattgtattaacagttc,56.47
ttgccgtcactgatgaacgagtcactggctcatccatcataatcacattt,56.47
caggtcagggattgttttcccgcgccccaggcccatggtatagatcgcga,56.47
aggatctgcccactgagatcgacaaccgtgcagttcggtacaatgtcaga,56.47
accctgatcccggtcctgggcaaccccgtgttgcaggctatctttacctg,56.35
ccctttttcacatcattgacaatcgccgccagttccaggcaaacttcccg,56.35
tgacgtccatttccgtcacctgagcgaggcggagattgataattacgtgc,56.12
gtgaggggaaaaggccgcactgctcaccaattttctgctatcctgccccc,56.12
gaaaacgggtgttttcttcgtcgcgcagaatatggtgataggttagcacc,56
gcggaaaacaaccactttttaagcagcgaccatctgcataacattaccga,56
tctggcaggacgtcagtccacgcaccgatgtcgtatgctacaccgtagtt,56
agacgtttaaagcctttaccttccagcgctacggtgtcgatacccatatg,56
cagcagttccggctttgccatcatcgccaacttcggaataacttaaccag,56
ccactggcacgccaaaccactgatgataccaacgaggtaaaatttgctcc,56
cccgcgatcgatattacggatgccatgccaggtgttgatataaatgggga,56
actacaggtacaccggttttagtgtattacctgtctggtacgatcaattc,56
aaaaccacggtaaaaaccatcccggcgctgaagtgaattaacctgatgta,56
acaccacaggttttttcatctttataggcgttgtagatatattcagaagc,56
gtcaggtacacttccgccatatggtaagcatcataggtaataatctggtt,56
cagtacgtctgaaacgctggcggcaacgccaaaggcagtaaaatcagcct,56
ctgaactcccttgctttgcttttattggattatctgcttttataccatct,56
ctgtttgccattcccgccagaaagccaaaaacataagcgataatgatgtt,56
ccgggccgtactggttggagatctccacgcactgcgctaaatctttagtc,56
gtgcgccagcagatattgacgccattcgcgccattggcgaacgttacggc,56
ccggttgccagcacttcaaacacgccgcgacttaagcgcagaatggaaat,56
cgggcttggcgcgcgtgacgatgcgatgggaatgcagtatctgattcctg,56
cccggctattgtaacgtgtttttcgccttcttttacgggaatatcagtaa,56
aacgctatcgcggtcttttcatgcagatcgtacttgttgtagaacagctc,56
tgatggtggcgttgattgtggtgttttatctactgcgctactttttcgcc,56
tgaacatcagcgagttgacgccttcagcaaagttgctgtgaaataaaaat,56
tacgtttagccaacaggagtactaccagttctttttaagtattcttgatc,56
ttctctaccagcgttttaaagcgagtattaatttcgttaataatctgcat,56
ccaaaattcgtcagttgctgaaaaacctcaagcgtgatgattctgtaagc,56
tgaggatgcggtggctttattgacctgtaccgcagtcgttatattaacgc,56
ctaatgccgctgctttggcgcttcttccctggtcatcctaatcttcttgc,56
cctcgctcaaagacctcgacggcaaaaccttcctgctgcaacatgtagac,56
atgaataatttgcgcttgaggaatatacagtaaccgccaattatggatgt,55.95
accagaacgagggcaataaagccgttaactttaaagccgatcatcaggat,55.95
ttggtattgaagatgccgatgtcactttcttgtgtaatacagtggtattc,55.91
tgaaggaacatgaatcgtcagaattgtcgtcatcatgttacgtttacttt,55.85
ctgatctgaatatctggacgcgccgcacgcagtttacggatgatcgcttt,55.85
gcgagtggatcgtttctgcgggcgcgctgggttccggtatctttggtttc,55.85
tccggggtcaacatctcaatatccgaggcgctataaagcagaatggtttt,55.85
gagaggcttcgtagctgtacttgtcgtgcatgtagtggatgatgttcagt,55.85
ccattgttgctcaatgcagtaagcaaacattacgcggaaaatatcgtcct,55.85
accacgaaagctgacactatcgaaaaaatcgcctgcagtataatcatcac,55.85
aggacaacctggcgcgttgctatgaacaactggcgcgttatcttgagctc,55.85
cttcctggtagtcccagcaatgtgcagccgcacctatatggtgaaaacgg,55.85
cggcttcccgtttgccttcaaagagggagaattacgtcgatattacgaag,55.85
cggttgaacagattatgcaatatccgatctacagcggtattctggcgggc,55.85
gtcacagccagtggctacagtcagcggtgaatcatggtatttctttggtc,55.85
aatgcgacaacccgcttgccatatcttccactatccgatacccgtactgc,55.85
tcgacacgatcgcctgcgcgatatagcgggcgatcggtaaaaatatacaa,55.85
tgcaggttgcaaagcttgcgcagtggttctggtaaatgtatttcgagaaa,55.85
gcgtgctggccttccatcagacgcatcagttcatcggctacgctatcaac,55.85
ctctcaaatatctgccggaagacacattgcggttcgttgataataaagct,55.85
aaatcaggtgggctgtatgctggcgggcggtaacttctacccttacagtt,55.85
ctgaaattatttcgttgtacccacaggttcagtggtttcattattacctg,55.85
tttcgcagataccagtgaacagtgagtaaggtttgtgcttcactgagagg,55.85
tctgctggcagaagcgcgttacctgcccgcccggctgatacaatcttcac,55.85
gcgcagggtggcgcagttcacttccacaaacgcgccgctaaactgatgcc,55.85
attgcaataaacggtggttacaggaagttatccattttaatgtgctggcc,55.85
agaggcataggaatagcttcgttaacttccggcatccgcgataataatgg,55.85
tatggtcggttgctatagcggtaaaccgctgaatacgcaaaatattgata,55.85
tcagggtcaggtgcagatggcgatgaacggcggcatctatgatgaaagct,55.85
agcagacgctgacgcggggcgagacggtcaacggtgatatctttcatacc,55.85
tattcatagtcatgatccacaagcgcgtgatattgccgttcaatattatc,55.85
ttccatcgcgtcgagcagcatttcacggttcatcacgttaacgttcaggt,55.76
gaaggtctggaaatgctggcttcaatgcgcctgtgtgctaacgttcctgc,55.76
cgatcgccatgcagttgaatttgtcgccagcaatgcacgatcctgtgtgc,55.76
tttcagcgcttcatgttgctcgcggcagtttttgatcagatcgtcaaagc,55.73
gggataacgcgcctgattcattttcgagtaagactgataatatccggcgc,55.73
tgctgtggccgctgtttgaaatcgcgccggagttggtgtttcctgatggg,55.73
aatatcaacgccaaaatgcatgaaggtgtcagcggtcgtaatatgtggat,55.73
atcggtcactttgtcgcccaccgccgccagtttcgggttatctttcagcc,55.73
gttgtttgtagtgacgccagatactgtgcacgcaggctacaattcggttc,55.73
ttaaaaaatacccttgtcaatcaacccattgccgtcgtacttttgattgt,55.73
cttgattcactttctgtgaaagtggagttgaaagaaagtagcctgacatt,55.73
ggtttgggaggtgtaggcgtatcatccggatcgtccggtattatctcatc,55.73
ttgcgctgataagttttctggcattgaaagaatattgtacgcttatatct,55.73
caatgaaagcagctggatattcggctcctgtttcgccattaattgtattt,55.73
tttttcagggagtatgggcaactgtttgaataatgtaataagctgttgag,55.73
catattccgtactgtacggttcacaggcaattggcggtattgttaacttc,55.73
aacggatcttcaacgccacattcgctggcattaacaataacatgatattc,55.73
catttttccggtgcgggtgaatttagcgcggtgtccgctacgatcaagca,55.73
gttttttcccagtccagttcgcgacgttgttgttctgttaacatatcctg,55.73
aacgctcacgcaaatttgactccagccccagtagcgccattaattcgtcg,55.73
gaacgaagactgttttccgctcttcggaaagacccggtaaactcagcgat,55.73
cgggtcttccggcagattcgcactgcgcgacagtaagatattattgacct,55.73
accagcaggaggtgatgaaatgagtgcgcaagtttcactagagttacatc,55.73
ttatcgctgcttgctgtgagcgtttcggtacagttgatattctggttaac,55.73
agacctggttttcaccgaccatgccccagataaaggtataagctttggtt,55.73
gcggaaattaatggctgccattttaatgtaacagaagatacaattgatgg,55.73
cggtgatattcagactggcttaattaccggtggtctgacagagttggctt,55.73
tcgtcatcatcaataatgatgttgcccgcatcgcgcggcacaatgcctac,55.73
tgccgctcgccgcttctgcaatgttctgcgccagcatatatgctggggtg,55.73
taagcattgggaatggatgacgttctccgcagatagcgtatcttcggtac,55.73
tcaccgattttatggtttacaccggtgtagaacagaatacgttcggtagt,55.73
gatcagcgatttcatccacaagtcgaaagcatggcgattaatattgatat,55.73
ctgccgccatcatgttgatcaaacgtggtgtcatcccgttaagctatctg,55.73
gccgttaaaactaaaaacagcatcaataatcaacgcgatataataaacct,55.73
aaccataataaaaggcggatttttcggcgtgagcgttgtaagtaaaagcc,55.73
actccgtctggcgattgctgctatgggcggcagattactatcatcatccg,55.73
gctggtttgccaggttccatgacgaccaaactgtgagttatcgtcactgc,55.73
ccggcgtgcagccagagatcaatctcgacgccgacgccataatacagacc,55.73
tggccacctcttttgcgattgtaatttcacgcttgctggtgaatagtcag,55.73
gacgccacgataccgtagtgcggagaagtggtggtgtgcatcatgtaggc,55.73
tcgttttcctgatactgacgtcctggcttcacgcgggcgataatgccctg,55.73
tgtcagcctaaagcaagcggatggacgatgagtattggtaatctttcaga,55.73
tttgccattaatttccagcttacgcaatgacattttgatagcattaacct,55.73
cgacaaaaatatctgtccccactggcagcagagaaagtaaattcatcaac,55.73
gagaatcaaagatgatgtcacagccgcaggcctgggcgatgatttccgcc,55.73
gcaggtgcaaatccagattgttgtgttgttgccatggtattctccgtacc,55.72
agattgttgtgttgttgccatggtattctccgtacccttataaaaatgtt,55.72
ttctccgtacccttataaaaatgttgcgcaatgttaactatagtcagcat,55.72
tgctcattgtcttgcttcctcaaacttctttacggcagtaatctgacatt,55.69
cctatatcaaaacgattgggctttataacagcaaagcagaaaatatcatc,55.51
aagcgcacaaagtggtcgacttgctgcgtcatgcgccgaaagatgacatc,55.4
taggttaactataactttcagacagggtttcccatgtccacaattacatt,55.4
gattcggtagtgtaggtttcgttgtaagtattaccttgagataatgcaat,55.36
atcttttattcagcgtgaaactaaccaggcattaggattaaaatatgctc,55.36
tggaagcccagactatctttgattccctgaaagagtggcacaatgctatc,55.36
accacattgctgctactgacgatgctgggtagcgccatttacaatggcgt,55.36
aactgaaagctgcaccggaaaatgcggtggcgaacgcttacgatatggtc,55.34
cttaaaaaagctcacgttcgtcaccagctaaatctggtatgaatttcagc,55.18
tatttgatcaagaagagtggcaatatgcgtataacgattattctggtcgc,55.06
agcacttccccctttgtgtgcttatatcgatccgatctattttaatggat,55.02
cagacccccgttattcaacattgtcacatggaaagcgtaacatcgctggc,54.82
tcagatgctgccagtgtttattggcatcgggctaggcgtattgttaggtt,54.82
gcgacctgcgcaatgatactttgatcattgagtgcgattacactaagtac,54.8
accatgaccggtgattacagtaatcagcatctggtgccgatgaagcaagt,54.77
ctcaagaaaggcagcttcgcttcccgtaaaacagatgacaaactgttgtt,54.77
tcatcaaccacgcttttcaaccaggccagagttccggcaatatctttatc,54.69
catgccaatcagcaccatttcctgacggttcagtacattatcatgggtat,54.53
tcagcgcgaacggcgtcgatcagatcgttcagatcctggaaaatcaaccc,54.53
ccagaacctatttgtttagctgacatgttacctgaccttacgatgttaga,54.53
cgcaagcgcagcagtgcccgactgaaacacatatctgctttactcgtatg,54.53
cctgactggcgcaattgcggaataaaggtggttagtaaatagtcatagcc,54.53
gaccccgaactcatctctcgttgccttgccgaatcaggtactgtaacgct,54.53
gcctcgacgatcgttgcgcagtaattggcgtttctgactacggtaaaacc,54.52
gtgaaccaaatcggcggtaaagagcgttatttctttggcaatattttgtg,54.17
gttcgtcccgatttcctgttctttgccgaacaggatggcaaaatggttgt,54.12
ttaccatgattctgatattgacaatctaaatgacctgtcagacttgccat,54.12
gcaataaattattgacttcgttttagatttgtttagctataatgttatac,54.12
tattgacttcgttttagatttgtttagctataatgttatacattcaaatg,54.12
cggcgggattttttattgtccggtttaagacaatttaataagaataagct,54.12
attaaccagagcgggttctgctgttgaattttctgcctgataataagtaa,54.12
aaatcgccgatgagctacggaatgtggtcagcaagccgataatgattgac,54.12
tctacctgttcgacgtttttccccggcgcaaattgagtacgattacaaac,54.12
ccaacaggctattactcaaacgccagctaaatctattaggatatgatgtt,54.12
atagcgaagcactgtttgtgaactaatgctgacaggcagtatattgaggt,54.12
ccctgcaaacaaaaattgacgaacttaacggctggatttatgacaccgtt,54.12
tttgcgggttgttctggatatctgcatccagaaaacgcaaaaatgcattc,54.12
ggtactccgggccgtctgctggaccacctgaaacgtggcactctggacct,54.12
gcaatacttaaaatgtgtgcgaatgttggtttgaataataatctgactca,54.12
agaggtttcctctttactcaccgacgccgattaccgtagtttctatggcc,54.12
taaacagtaatatttggacaaaacgcaaactgtgatcgatactcaactat,54.12
cagttacaccacgtctttccctgtttctggtaaacattatgatcaggttt,54.12
cattatagggagttattccggcctgacaagaggaaatttaaaataatttt,54.12
cctgcataatggcatcgcctgcattccgtgcaagctggcatacttgatct,54.12
gctatcaaaagacatgggcaaccggaagaggtcgctggtatggtcgcatg,54.12
agacataaaaggatacgcaaaggagccgcggctcctggtaacatgaaagc,54.04
atcttcaggcgacttttcgcgacatctttatggcgtggcaaaatggtcat,53.87
ggagctgtaacgccctaccgagtcgctggaaaaaacctaaaatattcatc,53.87
agatcgatcgattttttgcgcgtatgctggtgttccgcattaaaatggcg,53.87
tcccgcctaacttattttgtactgcctacattatgctcaataattaatgg,53.87
ctggctatgtaggcttgtcaaacgggcttctaatcgcacaaaatcatgag,53.87
gataaccagagcgtgcttttgcatcgagtaagtagggggctaaactcata,53.87
gcgcaggattacgtcataaacctgtccgtctccaagacgataaccagagc,53.87
gtaccggaggcgatttgtgttgtgcccaaataactattattgtttgccag,53.87
aacgccagcacgatgccgagtgtgaccatcaactggtacatactgatcat,53.87
ttgttcacgttaatcgccacggggttgctgccgttagtatcattgctaac,53.87
caaaagttgttcacgttaatcgccacggggttgctgccgttagtatcatt,53.87
ggacatcaaatagctggagccaatatcgcgccaggtatatttatcgacct,53.87
catcaagcagccagttttcttcggctattgccgcacgtaaagtagtgaat,53.87
aagcgctgcttttctggcactaataagagataaagactatgccattaatc,53.87
ccaataccaacgccaaagtcactattacgcaaggtggctataagatttat,53.68
attcgatcgccagcttagcgtcgcccagcgtctgaattacagtggtgaag,53.68
gcccagcgtatcggcttcaccagtcagcccgttacggtacagtgtgacac,53.68
tgattttttccggcccgcccatgtacggcgcaatgtgcgaatatacacgc,53.68
tctcttttcagacttttgccctctacgccccgttcatccatgctgatagc,53.68
tggatacacctgctatttgctgtaatggcacctatttgtatgattatcat,53.68
ctgtcatcactcatcttgacaaatgttaaaaaagccgttgctttggggat,53.68
ctgtcggcgttaggcgatccggttggcgataatcgttataaagtcaaatt,53.68
aaaccacaggtgtgatattaattcccaggccaacgtattatatttgtcat,53.68
actatctcgctgctgttgtcgctggtatcgattgtggtgatcatgaagct,53.68
accctttcgcccgggcagtacgaataaaattggagtgtaatacttcaatc,53.68
atgctccctttcggtttttgacgctttccgtttattgcagaatctgttga,53.68
acgtagcggcggcagattgagcgtcaacacgttcagacgataatagagat,53.68
atggagtgggcgagctgcgagtattacagccatcacggtaaaatgatgcc,53.68
gatatggtcgataccgctaaaacatttgaaatcccagataaactgcgagt,53.68
tgtgagtgagcttaaaacaaatatttcgctgcaggagtatcctggaagat,53.68
cagattttctttataagaatagctgatatttattaagttaatattaagca,53.68
tggctaccgtcacccagcaattgttgaaaacgaggagtatcctgaggtgt,53.68
ggctgcaaagtctgggcttttgtcgtattagggcacggtaaagtttggct,53.68
ttttcagaaaaagttaagatccagcgttttctgctctatcgtggctatct,53.68
attaatccattcgtgcacggcagcgcgaaacataccgatattatgaaaac,53.68
ctcgatcctaacggtgcctggtcgctgaacgaagcgattaaaatcggtaa,53.68
agcgtcgaggtgcagcgtctggaaacggttctggaagcctgggaccgcaa,53.68
actctggattgaccggtgtaccgcagtccagcaaggcgtagaatttatcc,53.68
ttgctttaatcgcctcatgctgcggcctgatatatgccgttattacaaaa,53.68
gagacttcccaggtgttaaggatcttacctttcagtggcatgatcgcctg,53.68
gatgatacggggcaacaaagtatcgtcgatgagggcggcatactatatct,53.68
cgatatcctgacgttttacttccgcgccagttttatcgaagatgtttacc,53.68
aagtctcacagggtattgattacacccgatttgcctctatgctggacaac,53.68
agatactccggcccaataaagccgaccacggtgttgacgataaacggatc,53.62
cctgcctgtactgctggcgctgattggcatctggtacaacaatttctttg,53.62
ataaccgtcaccggtactacgatccgttgcaggggcggtatattactcag,53.56
aaccgctatgtggtcgatagcttgcgtgagcgtggggctatctttattga,53.28
ctaccgacgcagtatcagacggctattaaagtctccggcattatgggcgc,53.28
tactgccgcgacgatagccacgagctcaggtttcggttatatgcattact,53.28
cttcctgatagcgtttgcacaggttgtcgcattgcaacaggatcttattc,53.28
aacgcacaatacctgttttcactggaacaggagcttatcaaactgggaat,53.28
gccgtctgaacggtatcgatccggaagcgtatctgcgccatattctgagc,53.28
accatcgcccgcgaattgcacgactcgctggctcaggtactttcttactt,53.28
cggtcatgttgaacttgattacaccagcgtaaatctgattgagtcgaaga,53.28
actggtgtatacaccatgggcagcacctcgtccgtagggcaaagttgttc,53.28
tcgtgtaacgattcagccaatgtcgggaaaactttaatattatcaataat,53.28
tctacgcccagccaattcgcaacaaagagggtgaaggttatgatgagatc,53.25
ataagctaacgctatgatgtccgtggtaaacccgcctttattatattcat,53.25
cctttggcggtcaggctgtatttcaccagttcgacgttatattcagtgat,53.19
ccagcagcacttcgataccttgtgcacgcagttcgctgtacagtttctca,53.19
ggtgcgccagccggattgattttttctttaatgatggcgtcaatgaagtt,53.19
ttttcaacgatttgtggtgcctgaccgggatagctggttttaataataac,53.19
ccgacaatactgtgatgatcgaaacgcagccccggcgttacgatggtgct,53.19
gcgaagcgcgccagcgttttctgaccttccgcaatggttatcatggcgat,53.19
gaggtatcgtcttcttcaccgcgacgattagaaaccgtaagaatagcaat,53.19
acgccaatcagcggataaatacagttcgcaccaacgccgatatccagaat,53.19
ggcttgccagccacattgcgtgcacggcattttcatagtaggtcatatcg,53.19
gttttggtactttctggcttgtttttggtggctgtggtagtgctgtactg,53.19
agcagcgcgtacgcgccaacgttgaaggccgcgaatgtaatatctacgtt,53.19
taaagaggaaataggtaggatcgcgcccatcgacgctaaattttaaggtt,53.19
ccgtctcttccagtgctttaaagctggtctggcgtagtaaaatcggtacc,53.19
catcaacagcagattgaccagttgctgtacgttctgggtaccatgttcgt,53.19
tccgatgacgctttcatgctgtggcgggttccctgtgccacaatgtcagc,53.19
ttcgccaaaattcaggacgataccgaaaagctgcgtgttaacttctacaa,53.19
aacttcattgcgcgctcctttttcgccgcgaaatagctacattttgatgc,53.19
caccgacatgatgttgtctttttcatgggtgaagtagtatttctcgattt,53.19
tatttatatttgtctgaattcggactaataagccaggttattttattacc,53.19
atggtgatgaccatttatcgagtcgatagcgttggctgtacagtagatcg,53.19
cgccttaacttcttgttgttcccggaccagcattgtgtcgttatgggcgt,53.19
tttgcggcgatccgctttattctcgattccgcgaagctaaattgtgcgtt,53.19
gaaactgactgaaatggaaagtcatcgggttatccagcacgataatattt,53.19
tacccatcagatctttcagtgcctgctgtgttgctgccagaatgcgttcc,53.19
tggttaacaccacgaaagtgctgcaacaggtgacggattattatctgact,53.19
ccagttcgctgagattactcaacacatcttttgctcgttgataataggtc,53.19
ccgcattaaagacattgcgccaaccgataagctcgcctaaaaaactgccc,53.19
aatcagcttgcttttgccatggtacatgtctttcacgctaccattaacaa,53.19
acacctgttgattcgcctttgatcacgctgaccggagtaatatcaatgtt,53.19
cgcgcggatgggtattgccgcgctaccgcattgggtagtagagagttttg,53.19
caggaatggccgagtagcaaaacagactcagccagaaaataataataagt,53.19
ggtagtaattgcggcgaatcgtcgcctcgttaaagcctaaactttcgtac,53.19
ggagattggaatacgcgtgccgcctttgccgccaatgttagtctgaccgt,53.12
acgcgtgccgcctttgccgccaatgttagtctgaccgtatacttcggaag,53.12
gataatctcggcattcaatttcttcggcttcaccgatttaaaatactcat,53.05
acgaccgaatcgctcttgccccaacccggacaatccagcaggatcacccg,53.05
ctgcgccttacagtggctgactctgcccgcgttaacgatacgatgtgtaa,53.05
tgggatacagctcattaaatttaccgattgccagcggtaaaaaataaaat,53.05
tggcagcggtgatcgcccagtccgatcaaaaagtgttatttattgatgcc,53.05
aatcgcttgagctggtggtgaactttgagctggcgtgggaccctgaagtt,53.05
ggcgcattattgcgtgttccctactcctttatggtgcctatattcggtgg,53.05
ctggaaaatcttcttgcagtaaaacgaatcttcccagcgatgattagcgg,53.05
ggtaggcggtcgttatgccttccgggatatggggatgctaagctggagtt,53.05
ggaagaggtagtggctttttttagccgtaaacgggtcgcaaaatataaat,53.05
tttccgttgaaagtgcaccgaaaaataaaaaagccttttacagtagcggt,53.05
tggttgccagtaaacttgcggagttaattcgagcggtgccaaatcaagac,53.05
gtttgtctgctcctcacgatcccagtaggtatggcgggtatagttgagat,53.05
cgtaaatgcaggtgtttcacagcgcttgctatcgcggcaatatcgccagt,53.05
ttttccagcattcttgagctggatcatataattcagtgtattcttccttt,53.05
ctggcaagagagtttgccgtctgccacatagaactggaagaatgcatggc,53.05
gatgccaaagcactgctggcggcggggaaagtctccgttaagatccagga,53.05
aggtggcggaaattcgccctggttcggtgatccctgtagtagtgatgcgt,53.05
gcattcatttcagcttgccgtagtggggagtcgggcgcattcatggtatg,53.05
cggagaaacttgcgcttgccagcctcacccaggacgttaaagataacgac,53.05
tccagaagaagaggttacgtagcggaaaacgaaaccagacaatggcaaat,53.05
cagcaccgtagcgtgttgattacgggcgaagttcgccattaaatcactaa,53.05
acataatcactccttataacgccccgcagggcgtcgtttattattattac,53.05
ccatcggcgcttagcggatgcgaaaagcaggaggggttaaaatccagacc,53.05
gacatctttatgaccaaaaccgcgtcggcggcggatgttattttaccgtc,53.05
cgaggctgtctgtcaggtgactaatggcatcatcaagccgatcattaagc,53.05
ggtcgcccggatcgttccagcagtttttgctgacgcattatcatatggat,53.05
cggtatgacgagccaggccggatgtccgtgggagtctggtatgatcatct,52.97
gcgccgcgttggctggctgaagagttcgctgaatccttagaattacaggt,52.94
tttaacgcagcttgttggcgaagcggaatgaggtaacccacaatcagggg,52.94
tgcaaaaaaatgcatttgactcgcatttgaaagtcaatgatgttgaaagg,52.94
gccccaaaaatcgtttaaatgatgtggaagcgatcgtcaatatcacctgt,52.84
ataatttaaactgacgattcaactttataatctttgaaataatagtgctt,52.84
ttcatcatcttctccttaaagcgattaataaatcttaatagtattgatta,52.84
ttgccggagacgggtcagtcaagtcatccgcaggtacgtatactgcctgt,52.74
agtcaagtcatccgcaggtacgtatactgcctgtacggaggtgatagaac,52.74
gtgaaaaaccggtgttactgtcagtagaaggtcactttacgcttgagggt,52.54
tggacgaactggtcagcgaagtcgccaaagaaatccattactatttcgac,52.48
gctgcatgacgtgattgaagatactcccgccacctaccaggatatggaac,52.48
ctccgtttttgccactcggctttgctttcatcacgttgtatatctgcctg,52.39
gttttctccacttcagaagcatatctgattgaaaacggtaaagtaacgaa,52.19
acctgaagaaaaagtcgatcaccatgggtaaaggatgttaaaaagtgttc,52.12
tatttgacactatcctttacccacgctcaacagtttaataacctgccagc,52.12
tgttaattttagtcttgcagtagtcatgaaatgttataatatcacacttc,52.12
tcgctattaactgcttgtaagacgctgccatgattgctgacaatatcgtc,52.12
acacactgatactcagtgataacggcggcagaagcctgtattttgagcac,52.07
tcagccggagcctgatcatcggcaacgacttttacctgatctaccatgtt,52.07
tgtgacagacgcgacggcgacaagcaaacatgctgtgcgacgctggcgat,52.01
gcatactgcgttgcccctgaatgatcagccagtggtgcaataatggcacc,52.01
tgatgctgtaacacgtttttctacttcagcttcaccgttaagatgtgact,52.01
gtttttttaagctgttgaagttccagtgcaatggtcataaatttttactt,52.01
gtcacccacgatcagagcgaagcctttgcggtttctgatactgtgctggt,52.01
aacctggatatttatctgtatgtccatagcaatgttgctatggtttttaa,52.01
tgacacaacgtccatggagcaagttacagcgtaaaacgcataatattgct,52.01
tatccagcaactgattgacctggaaatcggactcgctcaacactttgatg,52.01
tcacgataagacctcaatgaaaatgataattgttatgctaaagtagccac,52.01
aaaagaattttcagcctggtaatttaccgcttcaggtctatatttgtgtt,52.01
aaatcaaattaccgccgcagccggtcactgccattgtctatactgccgct,52.01
catatttgattttagcgatggtttcagagctgctgtgccatgctttgtgg,52.01
aaattcatctgtttatgggcggtgtaggtaacgacggtcatattgcattt,52.01
tgcctaaaagcgccaccagcttatcgaactgatcgaccatacttttcgac,52.01
cacttatcaggcactacccgttgtatttatgaggatgtcattatgaaaaa,52.01
tgtcaattttttgcgtcatttgcatcgcgcaggcgacctacacttatcag,52.01
tgatttttatcatgatttcagcagttgcctgcgggatctacactcaaatg,52.01
gtattggttgcaataacgccatcaatattatggcgaactaaactatcggc,52.01
gaaggactcttgctgacgtactttagtttccggcgtgtaataataatcca,52.01
atattatagtgccgtggatcctggcatatagcccgatatatcattttaac,52.01
cccggaatggaacagtagcgagtacgcgctttcgcgtatattgttcgagg,52.01
gcaacatggggaaattcatcgccgtggggctgaccgatatactggaaagt,52.01
tgctggaaatcaaacgtatgggtaattaatttttctggtttaattaaccc,52.01
gtctggtatctgttaccgatcaccgccaagcttatggtagaaacggaggc,52.01
gttggggattaaacttgccgagacgcacaacaaaggttatcgctggcagc,52.01
gcatagatttcaccggccatctgagatggccgacaggttaacataattac,52.01
atgtgcggtcagccgcgggactgccgcattattgatgtatcgtcatcgtt,52.01
gtccggttacaccggtgatgagagcgacttttgacatgtattattcctct,52.01
tcgaagtaacggcgcagacgcgcgcgatcttcttcgttatctttgacgat,52.01
atcgcttcttcttcattgaagacaggaactacaagagatatcttcatttc,52.01
tgcgctgatggcgagcggcaaatgcgggaaagttgtgattaacttcccgg,52.01
ggctttagttttagcttccatcagttcctggtggttggcacgatttatct,52.01
ctcgtccggtagcgggttcagagtttgaattgcccgccgatgttctgatt,52.01
ccgctattcagacgctcccgatggatggttttcaccattacaatagctgg,52.01
tgcggaaagttccggtttacaccctgccgtcgctgtgctgcaatcttgcc,52.01
cgcaacagcaaatcaacatatacgttaaacctttgtcgcataattctgag,52.01
tgttgagaaatcgatttcagttgcgcagtcaggccgtcgatacctttggt,52.01
aacacgacatccgcaccataaatagccttgcaaaaaatataacatcgttg,52.01
accacgatattcattttgctggaaaagtaagacggtgccatgctgagctt,52.01
tccagcgtcaccggaataatgttttgcgttgcgtattgcataatttgttg,52.01
atgagatggacggatcgaagttattccccagccagccgatgtaatcttcc,52.01
agtgatgttcagaaatgccagcgaataccaggtggagtaccatttacggc,52.01
agctcatagctatctttgcctggcttatcaacatccatatcatggtgcgt,52.01
acaatatcagcgctgcggttcatggcgtcaaaatcagctacgctggtacc,52.01
cgtcggcattgttattaaggttatttaatcaatcgtgctatgtattaatt,52.01
ttaagcggctggtcaatatgctcgtcaatccatgcgataagatcctgaat,52.01
ttggtgtactggggatttttctcgccatcggctggtatatgctctatcgc,52.01
tgttaataagccaggattcctgactggtattagtcagtaaaatagatatc,52
tactcactcttttctatttatgacatgcgcgtgtttgtataaatgtaaat,52
ggccagcagcccgctcttttcgcccgcttttaccagggtacgatagagcg,52
atatggcggtgcttgatcaaagcgatcacgaagcgattattatcgaccag,52
gcgttctacggcgtgctgctgttttgcaatatgatgcttacgattgtaaa,51.87
accgcgacgatgactattggaccgttgagttttgttggtttaatggcacc,51.86
cagagattgttgtgttgcttgattattgcattcgcgcatcttttgctgct,51.86
ctcggtcaatacgacaacgatatttatgcccagtaccataaaatcatggc,51.86
atgttctcggtcaatacgacaacgatatttatgcccagtaccataaaatc,51.86
cggtaaagaccgtttgacgcagccgctgctgcgtatgaaaaacggtaaat,51.86
ctggcgcagcgtccgccgagcggattgtggggcggtttatactgtttccc,51.86
aacacgtttcttcattgttaatccttaataacctttttattctttgccac,51.77
aagcgattaataaatcttaatagtattgattaacaggctaaaattaacgc,51.72
cgaaagttacaggttttgatcaagcgttcactcaggagcaatatcccttt,51.58
accgtacgttcgctgattattatgggcggctggccgattatgattggtct,51.58
tcagccgtcatattcgggaactggaggatgaacttggcatcgaaatattt,51.58
gccgtagaccagtattttcataatccgggtactccggtacgcttctcagc,51.58
ggtggaatcgggcgtcggcaaagcccttgccaacatgctacaaatgattg,51.58
cgaagtttgccttccagccggactggcctgcattaactaaccttgatatt,51.51
ctgatggcgaaaacgctgcgtgaaagtgcggaacctgtcaccattgtgtc,51.47
gacttacaccagttattgaaaatgcatgcgccgcaggcgaaagtgctggc,51.47
tttcaagaattttttcggcccctgctttttccacgtatagcatgcaagga,51.47
ttgtccagcgcgacttgcaacatcggtaatgacatgttcaattccttctt,51.47
gttatgagggaaagcaaaaaatgctggcacttggggtttatcctgaaatc,51.47
caatcagcccggttacgcgcgcaaagtcatcatgcgctataccacaaaac,51.47
agtggagcgtgacctgcaaggtgtggttgaagtgctcgataatcagggtt,51.44
cagcgggttgtgcaacagtttttccgccagggctttaatatcgtcagaga,51.44
acgccgtctcaatactgattatctcgatctttacttattacactggtctg,51.42
agccagtttacgccgtctcaatactgattatctcgatctttacttattac,51.42
tatgaagatacgcagatttactcttgctttaaaatgaataatattaagcc,51.34
gtagcctgggattatggttccctgatggcgaagaaattacacttttactc,51.34
gtgattgaaaaaggcgaacttggccgccacaaacaaattaaaatcattaa,51.34
cccggtgagcatatcgaaaataatggaatcatttacgatatcctgccctt,51.28
acgccacgcgccaccgcctgaagttaaggattattggtacgctggtaggt,51.28
tacatccagatgcgctgtatatgggcgttggcgggacttacgatgttttc,51.28
ctcactacaacaacctttgtatttttccgcgcatactggacactgaataa,51.11
ggtggggctttttttgtcttacttactcaacaatgcgttaaatttcgact,51.11
aaggtctgatctgcatgcaggaaatcggcaaatgcaccgaagaacatcag,51.09
cgtgtggattgtgtcttgcgacgatgggcactaaatgttaaaaggtgccc,50.77
tcagccgattttgcatcctgttgtcctgtaacgtgttgtttaattatttg,50.77
tcacactcactgtgatttactaaaagagtttaaacattagagttattatc,50.71
gttactctcttcattccaatagcattaattttctatgcaataattgttgt,50.62
gtgaagccctgtttaacgctattgccgcctacgccagtaatattgaaaac,50.62
attactaaaattacatgtaatgcattgactgataatgaatattttaaaat,50.62
gtattgggttgccttgattcagccgggtaaagtcctgtatgaaatggacg,50.62
tcactacctggcgtgcagagctggatggtaaacctgttatcgtctgctct,50.62
cgttgggcatttatattgccttcatcagccagcagtttaagtttgatttt,50.62
gctcgattggcgtgtttgacatcctggccttactcaattagctattaatc,50.6
cgggtttagtcgatgagctgattgtctatatcgcacctaaactattaggc,50.53
gatgtaaagaatgatcttatttgtgattattaccagactaacatacctgt,50.53
catctcagttaccgctgaaagggatatttcaggggattaaactgatcggc,50.53
cgggtatacacaattcccagatgcgccaccattgtgttatcgctggtggc,50.53
ttctgcggtacaaagcgcacgctgtctcccggacgtaataagatgggttc,50.53
tcggcggcgaagagtttggcgtcttgctgacggacatcgatactgaacgt,50.53
ctctgctttgaacacttctcgattcagatggcatctggtgcaataagcga,50.53
cttatgcgtttggtgagcaactaacgctggtggactgttatctttgcact,50.53
tggtatcacatggacatgaactaccgcgggatgatcaatatgctgatctt,50.53
cagaataccggacaggtatgtgcagcggcaaaacgctttattatcgaaga,50.53
cacaaaccttacgcgccgccgcagcccaccagcctggtattattagtgat,50.53
tcgaagtggatctggcgaaatttgctggtaaaccgatgtatcgtacctct,50.53
agattcaaatgcggcagcaaatgatcggcaattttgttacttatgacagt,50.53
taacaccaacaggtagaactcatccttgttgtcgttatagccttcaagcc,50.53
atcgcgggtcatcttcattgaataggcattcagcgcgtcataatcaaaga,50.53
aagacgtgcggcggcggcagcatcgggaccgctgttgttacactgaagtt,50.53
ttgaattaattacgccgtattttttctttgtttttaccgataacggaagt,50.53
ctggcgggcagtacgctgtctgttgatgcggcagtgcgcaatatggtcga,50.53
ggaatgaaaatcagtttacagcagcgtattccaggagtgagtattcaggg,50.53
gcgaaaatgcgggctttgccgttaagggtgaagttgagatagtcaatatc,50.53
attactggcctcggttaattcctcccgcgtggtgatatagccttgcaggg,50.53
ctgcatctgcgcatcagtgagggagtatttgccctgataatattcgcgat,50.53
ggcgtgctgccgagcgcgccaatcagcacgttctccagtacgctcaggcg,50.53
cttcgtggcaaacgaaggttttgcaccagcgcttctggtagcgttggcgt,50.53
cccaccactcacggcctgaagcattgcccatagccgggtatcatctggca,50.53
cttcaattgcccaggtaaagagcggcggcatctggctgataatggacggt,50.53
tccaccacaatcgacgaaatatcgttttgtttatctgcgataaagtggaa,50.53
agaaacggcaagatcgatcccgctcttcatgacggcatgcgcacaggcct,50.49
ctgtcgggttttttcccatcactccagaatctgtcatttattatgtcatt,50.46
atttcccgccaaacctggcaagagtggtgcgattgttgctctatccccct,50.4
ccggcctacaaaaatcttgccaattcaatatattgcaggaccatgtaggc,50.34
agagtctatcggacagtcagaaatgatcatatccagtttatgctgactta,50.32
agcgcatcgaccactttgtactggaagcccggatagataaagatttgggt,50.32
accgcgaccgccagcacttttttcgcctgttcctggccgataacgtaatc,50.32
atcgccgtctagcaagcgagggggtaagtttccaaagtatactggacgat,50.32
tggtttacagcgccctggttatctggagcgccagcggtcaggatattggc,50.32
aggcgaatcagccagtaaaaaccaaacactaataccgctaacattgaaaa,50.32
tttactgcccagtacgcctgcgcccaaaatgccgatggtaaaatcttccc,50.32
gtgatattaattcccaggccaacgtattatatttgtcatacaatgacagc,50.32
acacacgtattagatcatcgtcattctcgaatttttggtataaatagcct,50.32
aataggccgcattacctggcgttgagtttttgaaatggtgtaataaccgc,50.32
gttgacgtagatattacagaaatctcagcgcatcaggataaactgctacc,50.32
ggctcaacattttgcaccggaatcggctcgtacttgtgtacgatgttgcc,50.32
gctgtcatcaaaggcgataccggtacggaaggtccagttatcatcgtagt,50.32
gtataaaaagcgctatctccccggaacgaatccagcgcacgataggcttt,50.32
gcgctatctccccggaacgaatccagcgcacgataggctttaataaaagc,50.32
cataaaaaagccgttatgaattacatggaatatctggtaacttgtcagtt,50.32
ggcgaactggtttcctgttttttgctgcgtattgaagacaatatggagtc,50.32
ggttatccagaccgtagtcgatcatgttcagcgcggtatagacttcgttg,50.32
aaacggggggaaagtccaaatcataaatctgcaatcgctatactgcagta,50.32
gacatcgtgctggtcagcgaagacgaaatcagaaacagtatgattgcctt,50.32
gagaataataatcattgtgcaaatgctaatttaattaatactatttaaat,50.32
catcagtattgctggttgatgaaaagcgtggtgaagctagtattaatatt,50.32
cgatttttattacgataataaagtctgtttttaatattatcatgttaaat,50.32
caacacaggaggctgggaatgccgcagaaatatagattactttctttaat,50.32
aaatatgatctgttttacggtcatatcggcgcgatggatacgatggcact,50.32
ggacggtgcgtgccgtcccattttttgtatttattgattaacttgatcta,50.32
aaataatttactgcatcaaatgcggcggtcagattgtcgatatgaactgt,50.32
cgtggaattccaattggtatcttttgtaggattcaacatatcatgtaagc,50.32
acgcgtcccttcgcagctggcgcacggacgattactgataaacttggcta,50.32
tatagtgcgattcccttttatatattttctgcattgttattctttattcc,50.32
tggtagtcgttacgctgcgcgttggcgcggcgttggtccataatatcgcc,50.32
aacaccggaacctgtgtccaggcgaactgcgaagttgttaagctgcctgc,50.32
tgttctggaagggtattcattgtgcgccacccataagattaaattatcgc,50.16
cgcccggtacggtgatcaacaaattcattgttctgtacgatatttaactc,50.16
ccgtaatatgggctttgcgtcgataggttatgtaccggaagatggttggt,50.16
aaattgctctttggtttcgacgccttccgccacgacggttaaattgaggc,50.16
tcgctggtacgcagcagtttcatgcccagcactttggtataaaaatcgat,50.16
gtcacactaccccctgttgatttgaacagggattatgtcaggatgagggc,50.16
atgctttgtatgttattaatccgagtaccctcgtgcagtatcctttaaac,50.16
tgatgctgacttgccgaccgggtaatgctttgtatgttattaatccgagt,50.16
gctgcgttaggcagcttcgctggtgccgtcgtcgactggtatgatttttt,50.16
tcccggtgtactacagccatctgaataccggtcgcccgtataatgccgac,50.16
gcatacgccacatccggcataccatgccggatgtggcgtatcattacaac,50.16
cgatgcggttttggtcgttgatttggcggttgatttacgtgtaatactgc,50.16
acatgccgatgcgcatattctgacgctggaagatcctgttgaatatctct,50.16
gatatctgcatccagaaaacgcaaaaatgcattcatagtatgatcctcct,50.16
ttataccgatccgactaaaagcacttatgcgcttggtttaaactggtcta,50.16
ttcctttttacgttttatcaacagtctcaaccagatagtaacattaatat,50.16
tcagtagcgccagcattaatggtggcaccatcaggccgatataccattgt,50.16
cgccaaaagcgctggcgtctgtcgataaacgtggtgtaccagtaaatacc,50.11
taggtaaacaaggctttcgtgaacggcggtgtaatgttatcaagatattc,50.11
aacgcacctggcgcagcgacatttcccgcgcaaagcgatataacgcgttc,50.11
tctcctgtgagctgaatcccaggtacgcgcactgtgtcacactgtaccgt,50.11
gtctggcgcagtcactggataatctactgcgtaacccttatttttgccgg,50.11
taaacaagccattgcagcggcatttggtcgggcagccgcacactatgagc,50.11
ggatcatcacgttgttaatgaagtccgccgtgcgggtgataattgactgc,50.11
ctgccgatctgttcaatgacttccagcagacgctggttaatatcggcgtt,50.11
ccgcgttgaagcaatacctgccgcaaatgcaaaaagaatatgcttactgg,50.11
aaacatttcagggatgaagtgaagatgaattgagacgtagtatccacacc,50.11
gctgctcctccagccgtttttgctcagtaatatcatgcacaatacataac,50.11
gtaatatttccactttctctctttctaatccatgggttattctcggtaac,50.11
gcggcctaaaaacgcttcggcatagtttggcgcgggtacaaaattacggc,50.11
gtgataaaaaatgcctgctaaacggcaggcgtcgcaataatgttttttac,50.11
cgcgagaaaatctccttcttaaccgaagaaagcgccgttaccctcgattt,50.11
cagcaaaaaacgttgaccagcgacgttgccaggtgttgggctgtggagtt,50.11
tttccgccacttaacgtcgccccttctggcgttacgctaaagttgatgac,50.11
tgtgccatcgagttctccacttaacgctgaataaacgttaagtatagaag,50.11
gtgagcgcggccttacaccgtttaccgtgctctcctgcgacaatattccc,50.11
gatcctggcgcttgtattcccccatttcgaaatccggggttaactgaatc,50.11
atggctggattatgtcgtcaattaaaaatgcggcgagtagattagcaaat,50.11
aggcgggtaatttaattgccaaaaactatgaaaccccggacgctgtagaa,50.11
cgccagatgccacaggccgtgacgacgtaaatgatgccagaataactggc,50.11
atgcggcagggcttcgcacctgtattgaagcgttatgcgatgatgatatt,50.11
ggtacgccagtgattggcggcctgacctccgatcgcgctattaaactggt,50.11
cgaaccagcacggttaagcccgccagcacagccagtggtagcatcatgcc,50.11
agaaatcgaaaggtattccatactcgccctcctcgggcgagtatgaagat,50.11
tgttgtattcctcaataacatcaaaccggacatggtgctagatataaaag,50.11
gaaacgaagatgaagaagatccccagcgccccttgcaggatgatggagac,50.11
cgtggtcggcaactgccaccaggcctgagcctcttcgctaagatggaaat,50.11
ctgcacgcgacagatgaccgcagaggagattaacggcgaatatgaatatc,50.11
agtcgaggaatgctcttctgtatttggggccgccgttgagtaaagtaaac,50.11
ttaccttcaacgaagttatcaaacgtgtgtttgacgtttacgttagaacg,50.11
tgggcctgcaggtgcatgacgtcgctggttttatgcaggatgatagcggt,50.11
gtcccatttcagcaactgacgcttcggatcccacgggttaccctgcggat,50.11
ccgttaagtctgatgacgtgaacggtcgtaccaagatgtataaaaacatc,50.11
tcagcaggttacggtggaaatccgcgaccagtgaaccgatataacgtgag,50.11
cctgcaatttattatcgtgtgtcatctctatttccccttacagtaccaga,50.11
ctgacgggtgaatatcgtaacccgcgtctgtttgatgtcacgatggcgct,50.11
aggcgggaaattctttccgctaataaatgagggtgagccataatgaagtg,49.91
gaagtcatgtggttattaatccaggcgtcaccatcggggataattctgtt,49.76
ccggtcgtcaccacgttgatgtggggcaaattcgcgataatctggagatt,49.76
ggcagaggaaatattgccaatgacggtctgttaacgctaaaaaacgtgac,49.73
gagcatagtgagctgtggttccagtgctttaactttggttcactggtggc,49.73
attcgaaatataatttgtgctctgcgtcacattgttattacactgttacg,49.63
catggacgtcaacattgatgatgagattggcgacgacgaataatggattt,49.63
cctcgcgcacatcgctgttcaacgcgatcgttaatcccctcccctcatcc,49.63
ccaggcacagggttttcacattgtcgattgcgcatggcaggatgaaaccc,49.63
tctattcacgaagtggtaaaaacgctgttcgaagccattatgctggtgtt,49.61
tttgtcacagccacggcgagaatgaacccgtctggtgtaatatcgctggc,49.54
atcgcagattgtgagcttaagagcgcaacttactgaagcaaaatataacc,49.52
acgcgtaccggaataggacggctggcgttattgccgtatgctttggcggt,49.52
tccagctacaggaaatgtcgcaggagaaaatcgaggatatgctttgccgc,49.41
ctggaaaaccatccgctgctcggcgcaggcttcgcgcataaaatcgaaca,49.41
taaacgatctgctgcaaccggcggtcgtcgcgctggcctatcctttatat,49.37
cataacacctcatcacctttagaatgcccatagagatcgttaatgtgttt,49.33
gttgtttgacacgctggttagtggatttgagcaggcggtaaaatcgttgc,49.33
atactggattgcaagattgcactccgttatcagtaagcctacgctatgga,49.33
ttttgctcttcccagggcgtcactaatgacgacggtgatattgtctccga,49.29
agctctcacttatttgttattactgcgtatttcctgccagactttatcac,49.23
tcatcgcccagacgggtatacacaattcccagatgcgccaccattgtgtt,49.2
caattgatatgctgatcgaaaaagaaacggtggaagcctatcatatgaaa,49.2
ctgtttggcgcaagcgttgtcgggcagggtgtacagtggacaatgaatgc,49.2
gcaccaatgctctgatgacctgcgataaccagaatggtagaaatgataga,49.2
atgttttcatactgaagattttcctgatatgcagatataaaaatggaaaa,49.2
cagaccttcaaccagaacgacttcagcgtctttggtgttagcgtggtagt,49.2
atgctacaaatgattgacctgcctctgttaccagccgcatttattatttc,49.2
taagattcagtgcatcgacaataagcaaatgaacagccacgataaccccc,49.2
atgcctgcaacaggcatacgatcgccattcacggagccgatgattaagat,49.2
gacgaaccgatgactggatggatggccgccgcagtcgtcacactgatgat,49.2
tcgccggtttgctgtctggagtgctttcggcaacgtggtaatttttctgt,49.12
ccgccgcgccgatgtttaccttcgcgccactgacgccgatgatcaaaatc,49.12
accacaaattgatgcgcattgatactccactaaacagctattattgatac,48.92
tccgcttcaatcactttacgtgcagaggcatcagcacgtacgttaaagcc,48.76
gatatcgctacgctgaaaaactacatcaccgaaagcggtaagattgtccc,48.76
gcctgaccaggtctacaaaaatctttaaagttcaatatatttaatgggtt,48.71
gcgcgccgataaaggttgacagcagccccgccgggatctggaatggaaac,48.65
ccgctgatgaacatgatgaccgctaacgttatcgcgattacttttaagcc,48.65
gatgtcagtatttaattaccagcgacttgttttgggttaagtttggtaat,48.65
tatccagacgattgtgataacggtgagctgaaacgccgatatcacttaac,48.65
atgatgtcggcgataatgcgcattgacggttttggtgggtaaatataggt,48.65
agaaagggaaacgtttcgcgcgaaacggcgataagcgagagaatgtaagg,48.65
tccgccacgcatcttgacgaaaattaaactctcaggggatgttttcttat,48.65
cccaaaaaagttttttttgcgtttttatctcaagtgctgaaattatcagc,48.65
ttcaaactcctggaggtcttccatatctttgtcttgcgtaaaatagatgt,48.65
taatcataaataatcttgttgtgattacttttgaaaattagagtgagtgc,48.65
cacaccagtgaacccgttttgtcgtcattctcccatgttatgttgtcatc,48.63
ttcacgccgacttcatactgcttacctttagacggtgcgaaaatattacc,48.63
acgacataatgtgccgttcccatggcgaccatgtaacggataatgcctaa,48.63
gcaggtcgtgacgtcgagaaaaacgtcttaagtcgtgcactatacaaagt,48.63
ccggtacgcttctcagcgagaaaataggcgcggctgttagcatgaacatt,48.63
gccaataaagccaacatgaccgccatgttcagtcagttgatactccacct,48.63
tccgaaagaagatctggcggtgctggcgaagcgtctggaagatcagcaac,48.63
ccgtgcgcatagtgatgggaaaggccggagatgttaagtaaagtcatgat,48.63
ataccgatattctgatgggtcagcggatgcgttcgttgcaaaatcaggtt,48.63
agaaactgtttgccgcctatgcacgagctgataccgatattctgatgggt,48.63
gtgggttatctgcgaggcatcacgcggtaagtcgattaaaatccactggt,48.63
cactctgacgatggttgatttatttggttgcgtaggggctagctagtctg,48.63
gtgtatatgaacgattgcactctgacgatggttgatttatttggttgcgt,48.63
gcctgatacgcttcgcttatcaagcctgcgtattgattcataatttattg,48.61
atgggcgctaaaagtcaacttaatggcgggattttttatattattttgtg,48.3
tcagacaaccatcgcacgctcgcgccagcgtttccaccacataatgccca,48.3
ctgtattgcacacctaacatagagtcggcttgcttgttagcattggtgtc,48.3
tattggcaaacgcggtgatatctgtggcttgttgcggggtaagatccggg,48.3
caaatgcagggatagccataatatgcctcttttaatgctattttcgttaa,48.3
aataaaggcgctgcattgacggtgctgacccaacatttaggtttatcgtt,48.3
tcattgattaagatcaccacgcgttacctgggtggtcttaatctgtttat,48.3
cccacttcaaaggttggtacttccgccatttgcagcggtaacatccccca,48.3
ccataagaccagatctcggcgcgcgcaccggattcctttataaaaggatt,48.3
cgaactggcaaaccatctttctccctcgcgcctgcaggctatactggggg,48.3
ccaccaatggattgctctccaacttttaccgatgtggtattttcactgtc,48.3
atcaaacaccagcaccgccagcagaaccagacccgcgataaaatcattcc,48.3
cagtatgctgttcatatagcctcgaattagtaatgtgttatatatgatat,48.3
gcgggttcttgataaaccgggcattacgccagatggtttaacattagtgg,48.3
gctgatacagagggcaatgcgatagccaacactgaggtaacatttactct,48.3
ttaatgctttctggaagataccgccgagaattcgaattaaaatccccatc,48.3
atagtgcgtaaggagatgaataaatatcaaaaatcgctcaatatgcctgt,48.3
caacataattaaaaccgtcgaaaatatcggaattgaggtaatcttcgccc,48.3
tgcggcaccagctggctgcaaagcaccgcatgttgggcgacactgtagaa,48.3
gcccttcaaagatggcttctttttcttcaccgaacgtttcaccagctttc,48.3
gaaactatgtggggtatgaaatacatcgctatggacagtattcttgaaga,48.3
tgtgggtaggcaacatgcccctgaacgccatgaatggtaaggttgcaggt,48.3
tttttcaccggcccgataatcatccgcgtgaaaagcagtaccattaccag,48.3
cgcgagatcagctagttgcccaatctccgcgagcgtgccagttttcacat,48.3
agcaatgcgatggcgcagataacgatgcagcgccagggtataaagctgat,48.3
ggcaaacttctggcttgttcatcattaatacttacggcataaccatgtgc,48.3
gtggcggagttaacaacgaggcggaagaaatcttcagtaaagtagtagac,48.3
taaacagtaaaaaagtcgcgattttgatgaaaattgacgatatcaaccaa,48.3
gtatggttctccagccctgcgggaaccggaagtagagcaataatggcgat,48.3
gagataccgaacaccaccaccagataggcgaccagcggtagaattacttc,48.3
atccttaccgaggtcgtcaatgcagtggacgttcctgttaccctgaagat,48.3
taatcaatatcaggcagtgaaaatgcctgctttaacgccacaatatcatt,48.3
ctggctgatgctttcgcttaatacttcaaagaagcgattagcataaacag,48.3
aagccattctcgtcttgcgtttcttcgaaaaagaactggatgatcccttc,48.3
tacctccattcgtcgtcatccgttcgaaggcgtgctgcataatatggagc,48.3
tttacagcggcgtggactgggaaggcattcacacctgtatgctgacatgc,48.3
gaaaaccaaataatgaccgatgtaatgtatttcgctggtactgtttacaa,48.11
acgttttgaacaggatgattttgatctcgatatagtctacggtgaacccc,48.11
cagtttaatgatttccctggattttatgactggatggattaccctgatca,48.11
caaagcggccctcttgtaacaaaaacaccacttctgccgaaaatgttgag,48.11
tgcttcgattttctttttattttgaaagcgtcaagtttatactcatcaat,48.11
taagtgtccatattttgatgccagtcccattgaatctatatactgaaccg,48.11
gattgcgcatatagtttcctggagtcagattatccgcgctacagtagcgc,48.11
cgccgatgatgcgttacgccagggaatgccagtgacggtacaattcggtg,48.11
aaatgttcccggtttctgtgtctggcgtgatggccgttgtaccatcattc,48.11
aattttgcagaagaccgcgaaagagcatcagaagcaggtaaaaaaggtgg,48.11
tgcataactcgttgctgatccacgccagcaaaatcatttaacatattccc,48.11
ccgataaagtgaatgtgacaattaacaccaccagcgtcgatactaatcac,48.11
acggtacttttacctttgacgaaaaaaatccggctgccgataaagtgaat,48.11
tatcctcgccaagcttgccgctgatcatcgacatcgctattgtcaccacc,48.11
ggtgttcaggcgcagtggaaaatccagaatttgcgagatacgttgacggg,48.11
ctacgttcgggcttcgcacgttcaaacccgttttcggtatcataatcagc,48.11
taatggccgcagggtttccatctctgaccggagatcataaagtcatttat,48.11
aaaggattcatgtcagaaacatcaaaagatgatgttctatactgggaacc,48.11
aactgcatcacaatagacattattttgccaacgccagtttaatgctttcc,48.11
tggcaccgggataatacaaatcaacatcacctaagtgatattctccacgt,48.11
ctttttcccagtcgtccggcaaaacgtcccagccgtgccagaatgggatc,48.11
ccgacccccacttttttgcctttcagatcatcggctgttttaatggtgcc,48.11
agacaaacgccttcgattatttgacgggaattcagacctaaactttctgc,48.11
ataatttattcgtattcatgcaattaattttaatctgataagctcatcta,48.11
agcaagctggcgagttctcgattgatcacctgctggttaaaatcgtgttc,48.11
tgttgataacgggcagttgcatcactgcccgctgtgttttaatggaaaat,48.11
acaaaataagacgttgcgcgttggtcatttccattgttgactcctgtatc,48.11
tggtatccatttttcaacaatgtcacaacaagaggtgaaataatagagcc,48.11
gattttccctggaactggaaattcatggaaatcaagtgcactttgtttta,48.11
taagagaattatcgttatccatcatttttcttccgtgcgagcattaagac,48.11
gactgataacaactacatctaccctactgataacaggataaaatccgatg,48.11
cctcctcttcgccagcgcactattgaaatcaggagtgagaaaatagcccc,48.11
gcgaactatgaaacgccgaagcgtccggttgtgcatgtattctttattgc,48.11
aagccgctgacatcctgacgtacgacctgaaaagtgtcgataatgatggc,48.11
tcctccatccacgccagcgatgttacgctttccatgtgacaatgttgaat,48.11
gcaccgctttcgcgcccatttcattaatgctgtcctgtaaaattccaccc,48.11
cttgcaacagcagcgcggaaataaggactgcgattggcgataatgccttc,48.11
ttcgcgcagtgcctcggtgatctcgacgttatttccggtaatgttgagct,48.11
gagcggccatggcgaagttcagcagcaggcatcctgttattatccgtttc,48.11
catcgcaaattcgcgaaattctttaataatgctcatgttattctccctat,48.11
acaacgtatcgccaccacgctgattgccaaatttggtaaaaaacacatcc,48.11
gttttaacagccaatgatggttcttagcgccgatttttagcagactgata,48.11
ttttcttgcatcttgttcgaaggaatgcctaaagagttaccataggtttt,48.11
ggttgcgcagccacttttgtcgccgcgacaaccgctgtagtttaacgaat,48.11
agatcgcccagcacccaaatcagcaggccgccgatataaactttcttctt,48.11
gtgccggagcgttcccgcaataataaccggaaggcgttaggattattacc,48.11
cgacaagaaattagccccgcaaatggggcattgaatgtaaattacgcgtt,48.11
tgcgccgaaaaacgctgaagatggtccgctaccgatggcatgctggagtt,48.11
tctgccgtttcaccgcggaaggcgttcaagagatcgactataaagatatc,48.11
tccacagcaggctggcggcgtacagtttcggcatctgataaagtttctcg,48.11
aagtggcacactgaatttggccacctgaacagaggtgatatgctcacctc,48.11
tggaaccgtaacgcagactcatcctcatatgttaaggcatgcttgcggtt,48.11
gcgttctgttcgccgtctttttgctcatcgcctatggcataattttcagc,48.04
cagacataaagttctgaatcgaattaatctcatggtcgataaagtgcttc,47.95
ttttatcggagacaggaagagtttagtgtgttttttgtaaaataatgcgc,47.95
ttcccccgtgacccgcgtgatgttcaaccctggtgataccattaccagcc,47.92
atggcgtagtacaaaccaccgagcgcgacgagtttatctatcatgagatg,47.92
ccccctgcgcgctccttgcgccagtggcaatatgttgcttagctcatgaa,47.92
gaaatcaaacccaccaccggcaccgggccattaacgggcaaaatggtggc,47.92
ctcttttgagcgtaatgatctcaccatgaccggtgattacagtaatcagc,47.9
atgtttttgttggtattgatgcgcctgacttcaatattactcttgaaggt,47.87
cttcggcgaccagccttgcgcaggtgccaggtaaacatgagcatcagctt,47.87
ccatcaccgttaccttcagtgtagttatcgaaatcgctacgatcgttttt,47.87
atcccacaaggcgtaaccaagcgctgcctgggtgttgctattattcggtt,47.87
cgctcaggggagcgtcggcgcttacgtcaacatcggttatatgtataaac,47.87
tcccgctgccagctcttcgaacatacgactcccggcgctatcgtatttgt,47.87
ccacggtacgcatttgcagataggttgcgccctgagtaatgatcatccct,47.87
gcaccgaaagtaaaggaagcaagtaaagcggcaagaactaactttttcat,47.87
catacgccgcgtcaatcagctgcacaccatagcgatgataaaattcacgc,47.87
cataattgatgtggtaaaagataactcattgatgatgttatcttttattt,47.87
ccgggaaaagttcgcgaaaagctttaatgacctctggcaagctataacgt,47.87
aatacggcaccgccacacagaagctggctccggcaggcatactgttccat,47.87
gctgataatatgcgtgccgtcagtgtgcttaacctgggtactattgatga,47.87
ataacacggtgcaggtggcgtcgtttccatgatgatggcataaccttcct,47.87
agctgccagcatcgttttcataaatccctcattaacaatacgattaattt,47.87
acgtagaattttttcttgtctgctggcgaataattactaagtatcgagtt,47.87
agtgaattgcaaattccggtgaatgcgggttctgttgatatgctcgacca,47.87
cgagggctggcctgcttacgaggcggcgttgaaagccaataataaggttt,47.87
accagcaagagaacatctggcctgcgggcaccactgctacagtggtggtc,47.87
aatctgcaataaaaccaaccagaatgaagagcggcagtagcattgtcatt,47.87
ggcagatatcgtcaacaatccttatggcgtgagctggcaaaatctggtgg,47.87
tctacccagcctgcgtcagatatctatgaagacgaaggtattctgatgat,47.87
cagcagcgccatatcgtagttctgcggaatatctttgcgaaaatagagat,47.87
tgcacatcgggaagccgagggcttcacgggaagcgtagtatgcttctgcc,47.87
ggcattttcagccgtcgtcagcagtatcaacttcctgttaacgttactgc,47.87
cacaaatagccggaagccaaggcgttgttccagatcgctaaactggtgag,47.87
acgcgcctttctcgtggccaaacagttctgattcgatcaaatcttttggg,47.87
tgccagtaatgctgttgcagccatagcaaatgttcggcaaccatatagct,47.87
tgatgcagatgaaactgcaaatgcaggccgatcatgccgacaacttcgcc,47.87
tgtcggaagcatttgtggaagtgaaagggcaggatcgctattttgatcgc,47.87
tgttcggcaactaattgcggggaaaactgactttccatcatgattgggtc,47.87
tcaatactcatggtttattcctcattgagggcgcttttatcatgtgttgc,47.68
tgcagattgccagtggcatgattttatacagatattttattcttttacat,47.54
gcttgatcaagttcagcacggacggtgacattggctggtaaaggtgtgaa,47.53
tctgttactacagagggttttttatcttcaagaattataggattgaagtt,47.53
aaactaaatccctcaccttccggctcaaagaacagcgtttccagtccagc,47.52
cttgcaaacctgccttgcttgccgccgagtttggctgcacattttccagt,47.39
ttaattcgtccagcttcattttcgagctgatgacgaatatcctgataggc,47.37
tttctttgtataccgcacttggtggcggttgacagcaatatactcgtcat,47.31
gtgttcctgggcacgttgaagttgcccgcgcttgcagtacagtaaatacc,47.31
gcacgtaacgttaacggtaaagcgattctctacggcgataagatcacccc,47.18
gagggtgcgggcgagggcgcataacacctcatcacctttagaatgcccat,47.18
atcgactccagcgcttcgctccccaaaaggaacaacgtatcttgtgtgat,47.18
gccatcctcttcaatttccgtcgaatggggatcgtgataataattcagat,47.18
gctgaagtgctggcgcgttggacggggattccggtttctcgcatgatgga,47.18
gctttgaccacggctcgtggggcgtgctgattaagatgtatcctgacgct,47.18
gcgatgatgtcgcatttcagattatcaatgatgaattatatcttgatggc,47.18
tcgatgagaagaacggcaaatttaagatcatcagcttctacgctaagaaa,47.16
ggtacgtttacagcaaatgggggtcgcccgctggatgctatcatcggcgc,47.16
tcggtgatatcggttttgtcgaagtgagtaacatgcgggatcattaccca,47.16
gacgggcaaagagctggcggcccaggcgattcatcgggaatattttgccc,47.16
ttttgtgcgtcccgcaacatctttccccgtcattttgttactctgcttac,47.16
actacaaccacaacctggacacctcgccggagttttacggcaatatcatc,47.16
aaactcttccagatattcctgaaaatccatcaggaatgcatgattatcca,47.16
cgccagctcctgggcgacatctgacgatccgccaaagtaaagtggcggat,47.16
tgcgaaagcaaaattaagcagaaaatgattaaaggcattattatgctcag,47.16
agtgctaaacagcacctttatacttcagcctatctataaataatgagaat,47.16
tgtgaggattgcgtcggcagacggcccggaagatcggtataaccaatcac,47.16
tgcgcaacgtgatgagcaaaactggtaaaaccgccgctatcctgcttgat,47.16
gatgccagacaaaattgccgtggtcgataatcatggtgcatcgtacacct,47.16
caggttgtagaccaggttgttagcccacacgccacgagtatgctggttga,47.16
ttgcgacggataaccagaccggttaagccaagaacgaataagattgccgc,47.16
ttgggattactgaacaacttttcaccgaacaaccgcccgatagtgtaatt,47.16
tgaggatttcgagcactgcccggggccaaaatgacaaataaaatagcctg,47.16
agatcgccgctacgtaacgagtccagcgatttgctcttaccatcagtacc,47.16
cctgccagcaccgcgagccgcaaaatctgtttccgctttatcatcacaac,47.16
tggctgcaaatcctccaccaaaatcgataatgccgactttaatcaggctt,47.16
ataacgccttcaaattgaatctgtttgagtctgcccgatacattaaaggc,47.16
tgcgcggcattcgtttctggcgtggtgaaagatgcctttatcctgtggct,47.16
atggcatcgacggtgctgcgccagatatcgatgatgttagcctgctggct,47.16
tttgcagatcgctattgataaagctgaatttaccgctcaaatttttcagg,47.16
gaggcaatcatcgttgaagttcaggatggaaatggactaaacctcggcgt,47.16
tctcccgaattaaggtcatggctcgtcttgatatcgccgaaaaacgtatt,47.16
gccacaacttcaacgttgaatttcaggttctgaccggccagcatgtggtt,47.16
tttattcggatcgtcggtagagatgccgtaacgcgtgatagcgtgtgtca,47.16
atattttgcttctcggcaatgtcgagcatgttcagtgccacaatgcaggg,47.16
ccgaaaatacccatatggtcccaacgcgtggtttcaccgatgataaacac,47.16
tggtgcctggctgtggaccaaagagctggaagggcataatgtgctgaccc,47.16
ccctcggcgacatctacctgggcaaaatcaagaagtgggatgatgaagcc,47.16
gatcacttccgggttgctggcagcttcgcctttcggcgaaatgctgtggt,47.16
tgtgtgaaatcggcgctcactatccgggctttgaaaccgatattcacggt,47.16
gcggtagaagtgccgccgcaacaaagacaaatgcctgatacgcttcgctt,47.07
gtggccttctattctctctacatcaatgtcggagatgtattcttttactg,47.06
ccgttttttaatccgagctatagtctcaaaccctggctaaagttattctt,46.98
cttgcattcacgatggcacacgcacttgagctcggtgataaaatgatttc,46.97
gattcatatattgggtggcaaacttacgaccgcccaacaataatgaaaag,46.97
gacccaacgcgatcttcgtcgcccccagttccgttgcggtacgataaagg,46.97
gaatattcaggtgcttgctccggttgtggcgagacgccgtatattaaatt,46.97
catacctcttttttgtttacggcaggactttcttaagcaaatactcaagt,46.97
cacgttcgacaatcgccagttgattcggtttttcaattaatatgcttttc,46.97
ccgccagccagactaaaaatcttttcccaggttgcatgtatattctctaa,46.97
cgcaccgatgcgatgaccgatagcacggccttcggcgataatcttaccct,46.97
gtatcaccgccaacattcccctgagtttcctcgccatccataattgcgcc,46.97
agaactggcgcgaagattcgtatttaaaaccggtgtggtaaagtttgcgt,46.97
ttttctggtggaaattgaccgtattctcagagattgacaaaatcatcgct,46.97
ttcacttcggtttggctcagtttcgcctctgctgaattaacattgaaagt,46.97
tcaggtaaaaattattctgcgagaacgactttctcttgtttaataaagcc,46.97
tacgttcaagtgtttgccgtagatgttctagattgattaatattttaaat,46.97
ttagcggcggcgttagtttcgacctggcttatttacgttatatttatcaa,46.97
gggatgagatacgttgacagcgtaggcatgatgaaaagtatcatggcaat,46.97
gagttgatcaaaacagctttacgtatgggtgtttgcactatataaaaaaa,46.97
cctcaatggcatcagcgttataagtttgcgtcatggtttaagttagtaat,46.97
actaccgatacccccgcagatactgcatcgaagtaaggtaatctgacatg,46.97
aaaccaggcgggctgggctacgtcggcgtgctggcagctatgattatggc,46.97
ggtgcgccggtggaagataccttatcgcgtgggcagcttaagctgttgat,46.97
atgcctgatgcgacgcttgccgcgtcttatcaggcctgcaaaatgtgcca,46.56
atcacatcattccgtggtcttcgataaccacctttgctaactttgtccgc,46.54
cccctccagaaatatgtgacttatcctttacgctggcagtataacgggaa,46.54
tgccattaagaatcagtaagctggcgggaaattctgccatgatcgtatgt,46.54
ttttaccagggtacgatagagcgaatcgaaaagcgtgggaaaatgctgta,46.54
catgggtcaccagcagcattcccggcgcttgtttttgcataatgctttcc,46.54
catattgccctgctggaagtacgccgcgaaacggtgcatatactggtcat,46.54
tagtttaaatcgtttcgaactttatcaaatatttgtttaaaaatgactac,46.44
tcaccaaatccttagtgcttctttcgtgtttttctattgtcataatggtt,46.44
gtctcgttttgcatttgatccggacggatattcagatagagatctttaat,46.44
ttctgtaccttcaactggttaatcacatcaaccggtgtcagtttatattt,46.44
tgttggctgcattctttcacctgaatcacttactacagtaagctcatcgg,46.44
tatagctatctatttttgtaagcaactcagggatgcgctttaattcaagc,46.44
atggcctgtccgaacagcagcaccttctcggtgatggtagtcttaccggc,46.44
cacaattcgaatattttgcagcattgtctttcttcatctaaagattattc,46.41
tgggtgttgttgtattcatatttattaaccttccaataccatcctgaaaa,46.41
cgccaatctatttccgcccgacccgtaacgcttacggtattcttggtggt,46.41
ttgcaggcttcctcgctcgctccggtcgcgtgctgatgtacgcttccggg,46.36
gcgttaatcccgtccttaaaagcgaagaagattgacgccatcatgtcatc,46.21
acggggtgaaagataccaacgggggttggactgatgatagcctcaacgtt,46.1
agtagcattcagaaacgacgatcatctccggtttctgccatgctttaatc,46.1
cattcagaaacgacgatcatctccggtttctgccatgctttaatcagacg,46.1
tttattaggcatttgtgctgaagagggaaaattacagtaaaactatcatt,46.1
acccgatggggctgtatgcactctatatcggtcgcctgtatgctatccat,45.98
cacacggcgcggactttgccttccccagccagacgctgtatatggataac,45.98
ggtgatggatacatttggcatttcgattcccggtctgcgaattgcaggcg,45.98
ttgaacaaaaacaaatcactaaagcctattttttgtgcaaaatttgcgtc,45.82
acatccagtggcgatttatgatcgacgatgatcaagcgcacaatggcggt,45.82
tttgctctgctttttgccagccatactagcctggcggtaacttatccatt,45.75
atatcccggcacttttttgccctgggcgaagcccgcagtatattgcccgc,45.69
gcatgtatgcacgttctgcgcgcagccatttgtctgcgatgatccccatt,45.69
gctttatcagtctgattaaaggagtacgtagccgtgataaaacgtaattt,45.69
aaaccgaacatccaaaagtttgtgttttttaaatagtacataatggattt,45.64
gcatgttgatcattgttgcgggctgggggcgcacgtaggaacataaatcc,45.64
gtggtggaatatgctgatcggctggaacatgctgtaaatattctcgtcat,45.45
tacaccgctctcccttgcaaactggcacctacatcgactacccctaattt,45.29
aacaaggaaatatctcggcgaaaaagccgctgaaaacttacaatcattac,45.29
tgcggattttcacgcagaattttcaggttatcgaggcaatgctgacgatt,45.29
ttcgcataatcccattcaatatcaatctgttgaaggtgtattattacatc,45.29
ctcaaaatatccgtagtgaaaaaactccctaaaatattaaactgctcagt,45.29
atcaagaagtttttgttgacctctaagtttgcctaagtaactatttattt,45.29
cgccccgcaaccgagatgcacaatgcgtgattccagacgagaatgatccc,45.29
agcaggtgctggggatgcgtctgacctggaacaaacgctacattacgctg,45.21
cgctcatttttgccctcaacatcctgttcctgttcgtctttaataccacc,45.21
acgttcacgatgctgctggtactggtgctgattggtcttaatatgcgacc,45.21
ccctgcgataacggtcgtaccatactgatccgcttcggtatatttcgaat,45.21
acggtcgtacatctcttttacgatcatgtcttgttcgttatctttcgcta,45.21
agcgcgataaaatattgatggcaattatgggttccggtaacgatctggaa,45.21
ccatttatatgcgtggtgccgatacctctaacagtatttatattgatggc,45.21
agagtggtgatttgcgtgacttccccggccatcggggcaacgatgcgagt,45.21
gcaagaaggtaaggatagccatcagcaaatgacagaggtacagtgttgtg,45.21
atggatcaagcggttagtcagtttccatgccagatcctgcataatggctt,45.21
cgcgacagtagctgcgcactatgtacgtgcgaaggtgttaggtttaggaa,45.21
tgttggatttcccaggtcaccagaccatttttaacgtagattttccagct,45.21
cagcgtgccaagcgtaatcaccagcgggttaactttggtatagataatta,45.21
atttcgatgatgcggttcatatggcgggacatatcaacaataatcccctg,45.21
tgccaataatccagatagccgccagcacaggaaccaaaataatataacgc,45.21
acgccggagacggtggcgtctttacaggcggaggtcggtacactgaccaa,45.21
cgctggcgctgggggtatgtaacggttgccagatgatgtctaatctgcgt,45.21
gcggcatgttgccggaacaccaggcgatgatgtcggcgataatgcgcatt,45.21
gggtcaactgattgacggcgtctggcatgacacctggtacgataccaaat,45.21
tggactggctggcggtgcagtacatcagcgcgctgaatatcattcactac,45.21
aaatttatccacaaagtagttttgcataacagttaattgataataagtaa,45.21
tcggcgatgactttcccacgctcacgcagaatttccggatactgatcggc,45.21
tttatctgggggagctggctggttaccctcggctcttacatgattaatac,45.2
aaattcaggttcagtttgcgggtagaaataacggtactgataatgaatct,45.2
gtgctgaattcactatcggcgaaggtgagttgatggctcatgatgtccct,45.19
ctgaatgccggatgcggcgtgaacgccttatccgtcctacggttctgtgc,45.15
cccattgcagcgccttcgccgccggggccggaacctattactatggcatc,45.1
aaactgctgacatacggcggttctttcatggtactggcgactgtcagcca,45.04
gctaaggagatcgcatgaaaaatatcgttcctgattaccgccttgatatg,45.04
ttctcaccctatctgcaaacggctggcactctcgatgctaaaactgtggc,45.04
gccgtccggcatgagcaattaatgagaggtcagggtgttatgctgacggt,45.04
atcccttatatttcatactgcgattatttcaatttcagtatactaatgaa,44.9
cggcgcagcctgcattttcactcaaactgttaagatgataaatgtggtaa,44.73
atcgattttcatcttcattacataaatgatttgatgaataaacttattat,44.73
tttaagacaccttcaatggtgcgtagttcaggataaagtaacatacagta,44.73
atttgcagcgggcgattcagcacgtcgcagcaggcctgcataatgacctg,44.58
gagagagtgccagatttgccagtcgaattttatacgacagtataaatgtc,44.58
tgggtgcaatgttctgcgcgggctgcggcgtggtatctaaaatttgcgcc,44.58
gccattcgtatgcgtcagtacaccgacgaatatcttgataacattacacc,44.58
atcgactacccctaatttattaacaataaaagaggtgagatcctgcatac,44.58
taaccattgtcgatgactacacggtaacaatcggtgataacgtactgatt,44.58
tccatcttaaaaacctatcccgtctaacacaaagtgcatacattaccacg,44.58
accgtcagaatgatcgacaggataaagcctgtcatgtaggtttttacgct,44.58
tcctgaatatatttctggtgcgtagtaccgttttccatcccaatacgttt,44.58
taccatcaaccatatagttatcgatctggaatccgcgggaataataaaga,44.58
tgcaccttcgcgtgcgctgatcgacatcccctgaataatacaattaagga,44.58
ccagttgctggatgatgtacccctgctcggcgtcggctatcatcacgggc,44.58
aatgagcgtctggctaccaaccaggcgccaaccacaagtaaaattgcgcc,44.58
atgagtcgtcagcatgtgccgtatgccgggattctggcgacactagttgt,44.58
gtggttcgccagatatcgacctcacatccggcttcgctcaaaatatcgta,44.58
agctgacattctgtacttgtttcgcttcagaagcggtataaacatcccct,44.58
tggcgctggtggcctttatgaccgcctttaacctgcgtagtctgaaatcc,44.58
cgttacaggctgctttacacgctgcctggctaccggttaaaaatgctgcc,44.58
gttgttggatctgcttcaccgttagcggctgcttcgttacgctcaggatc,44.58
tcttccgccattcgcgcggcatgaaagagtaattcactaaaataaatgcc,44.58
gcggcaagcacgtcctctataagcggaatcaatttggctaatgttttact,44.58
gaagcgcacggcgtagccagagacacggattgtcaggttaggatattttt,44.58
atagtgcgaaagaaccctgcgaggaaaataagcatctattattgtttgtc,44.58
cccgcgcctgaaacgtggcaaattctactcgttttgggtaaaaaatgcaa,44.58
ctaatgttgttgctatcaattaacacggcataactaccgatatttttatt,44.58
tttcttacacgtttacgtgcacgaattggtgcctttgccattattcaatc,44.58
cagcgttgatgttctcggcataacgcgcagatttatctttaaactgcgtc,44.58
aaataaagctatagcattggaattagctgagatatatgttaagaatcgtt,44.58
cagcagtgttttcagtaccgctttgtatggggaatcgatactcttgtaga,44.58
ggcatcaacatcatctttatgaacttcaaataccagttcatcgtgtacct,44.58
ggcgtctctgcggcgctgccgtttgtcatcggcggtggtatcctggtggc,44.58
tcatgagcggaatttcgcccatgtagacttcttgttctttaatgtctttt,44.58
agcgacataaaatcgcctgcctgggcgcgcgtggctttatattccggtag,44.58
agccagctggcgcgcttgtgaagcgaggtaagcggcgttacagatattcg,44.58
ccattgtcaacaaatgacgcaggttttgattggtgatatctatttacgtc,44.58
gttcacttcacgggcatcttcaaggaaagtttcagcaatatacttcgcac,44.58
ccgggagcggcgcgctggggctggaagcgttatcgcgctacgctgcgggg,44.5
gccccagccagacgatgacacctgtccataaactgagtagcgtcttcaat,44.5
actggcctcattcattgcctactggcaggcggaaggtaaagtctttcacc,44.5
gcaccacgctccgccaattcataaccgcaagcatgccttaacatatgagg,44.45
cggaaaagtgtccagaaggggcaaggggactcggggagtataatttcacc,44.4
gtcaggcgttcacatggcatccggcatgaacaaagcgtactttgcttaat,44.32
tgatcataggcgcgttgcaggaaagtggagtaaatcgcgacaatgggttt,44.21
gcggcgctgtacgagagctggtcgattccgttctccgttatgctggtcgt,44.21
ggggcttatcagtcgattgatattcgctttagttatgatatcaacgggtt,44.21
tgctccgcttctacccagtcggcagcgacaacttgcgttaaagtcgcaaa,44.21
cggtatccgtttctatctctttaccttcgaagatcagcataattattact,44.21
tctatctctttaccttcgaagatcagcataattattactaccttaatcag,44.21
tgaaactaaccgtcatttaaatcaacttaatgccctgttagaaagtatgg,44.21
cgtggaacaccatgcttaagttattctctgcattcagaaaaaataaaatc,44.21
tcccattctgtgtgatggcgattgccaatggcgcgatctaccctattgtt,44.21
aaactttatgccatgtacccagggaaaatcatcttcagtatagtaattat,44.21
aggaaattgcgacattgttgcaaaatggcgaagctgatattggtatcgcc,44.21
ttatcgacgaaggtcgttttcaggcttcatggcgcggtaaaatgcttgac,44.21
tggcacatcattaaataggttaaggaacacgatgaacgcattattaagca,44.21
ccgattttaatcgcttcgttcagcgaccaggcaccgttaggatcgagcgt,44.21
ttgagaatgccgtgatactgctttttgaattgatcttttaagatattttc,44.21
tcgatccgcaactggttacgccacaaggcgctgacgatattctgtcgcct,44.21
ggcaaataagttggtatcgtgatacgggcttcccggacgatcatagagat,44.21
gggtgactggttaattaacaaacggtctttgctgtgtaaccctaaattgc,44.21
agcccgcttgcctgctccagccgcgcgcaaatgtctttaaagttaaaagt,44.21
ctggtaatacccacacgcagactcaccggaatgttggctatcatccagta,44.21
gcaaaccgtggagttcccgatccagggagagatggttgatattgtggcgc,44.21
gcgcgctgctgaccgactggcaggccggacacgagcattattatgtattg,44.21
acccgaattaaacgcattcaaaccaccgccatgttgttattattttttgc,44.21
cgggcgtgctttcagttgcctttgcgcgccattcgccgaaaattcgtctc,44.21
actgctcaatatagtttttcccttccagcttcacgcgcatactttccagc,44.21
agtgtgatatttgctatctgtaaaagactaaaatcggcaaaactgatgat,44.1
gaatataaaatctcataccgggaaattaaaagaagatgtacattgtgcac,44.1
tcacctgatgtgatctacagcatgttatgccttcgtcatacaatcgttat,44.1
gttggttaaaacgattgccgaattgaatatggcgcgtgagagtggtttgt,43.96
attagaatcgataaaacaaaatgggttaaagagagcgatataatagcggc,43.88
gcagatgcaggaagctcaccagctccggcgtgtcgcgatacacttcgatg,43.88
taaggcgatcaccagcgcactgccaaccatcaccagtgctaacattaggt,43.88
acggtgcaatggctgtaatatttgcgcccgcgcatgccgtaaaactaacc,43.88
gacgggctgctttttggcgatgtccgcatagccccaggtaaagtaataag,43.88
acctcaaccaggcactcgcctaccggacgatcatcacgaagaatatcggc,43.88
gtttcttccttgatttttcatccctgattcaaattcattatcatcagcat,43.88
accgtccaggtacgcaacgtttcaccaaccgtcagattaaaatacccttt,43.65
tcgctcattcaggtatgtgttttttatttttaagacgtaaaaatataatt,43.61
atcagcaaaatgttcgccaacgccgctggcggtgctgatagcatggcttt,43.61
catgataagacgcgctagcgtcgcatcaggcatctgcgcacaattatgaa,43.61
tgttgatgatgatgggagctggtttattgctttagttgtacgatgcaaaa,43.61
attattgctgaccgtctgactcagaagcagcttttcgataagctccacct,43.61
gcatgagcatacccttgttcagctgcttccttataccagagaattgcttt,43.61
gacatcacggtgtattccagattcaggcgcgagaactcatactggcgcgg,43.61
gattcatttcacgcatcgctacttgctccttgtgtgctacggtgtcattt,43.61
gtcgcctgcgttccactcagcctaacctcagcgtgcgttaccatgcagga,43.61
gtttgcggctcggtaaagcagctcgcgtcgccttgttctacgatatgacc,43.61
acagcaccagcgttaacccctgtaacgctacgactgaatattctttgatt,43.61
ttcttcgatgatcgccgccagctgttcgcggatctcgttaaactcttcgt,43.61
accttgccatcatagcgaccgttaaactccgttacggtaacattgagcgt,43.61
gttgagatgcttaaaggttcacaacgctactttgctccatcctttacctc,43.61
ttggcgttaacgccgttgttctgactgtccagtacgtggaaactattttt,43.61
tcgccaccatcccggataactctattacgttgtttgataaacttttttac,43.61
ctgaatttatgattcacggaagtaagctctctataactataatagctaag,43.61
cgggcattttccagtgccatccgctcatcggcagcatgtaaactgccaac,43.61
ccagttgattcggtttttcaattaatatgcttttcattatcttactcctt,43.61
atgctggtgataaagcaggggatcgccgtcacgccgccgatatcaattaa,43.61
tcgtacagtttgcggggcaatacttcatcaagtcggtttaatgtgtccag,43.61
aacagcgtggcggcggcaagatacaaccccaacgagccgatatgagtgat,43.61
gaaaacagagcgaagatgcccgctcaccgttttgctattaatctgtctcc,43.61
cgtgaccaacgccccggaaaatatgcagcgtcgcggggcaatgtatttgc,43.61
atcggtaatccggaccgccccttcgagtttaactggcgtaacattatccc,43.61
agaaaaaaagccccgatggtaaaaatcggggctgtatatattattttaca,43.61
gcaatcaggttatgccgcgaaagccctgaaccatcggcaataatggtgtt,43.61
tcagcgagaagctgttgaaagcgctcaggaaaatgctgacgatgatgatc,43.61
tttagcgttgcgccccaggccagtgcgccacaaataaataagattaagga,43.61
tcgcttcagcctcacgctcaaccattaatttatcgatgtaatctttctta,43.61
gaatattacttctggttctcagtaaaatcctttcgtaatactatgtaatc,43.61
aagaacaaaacaggcagcaaagtccctattacatatattagattgtgatt,43.61
tttatgcgttaaatcattctcgttacgctgccttctgtaaaatgaccgcc,43.59
aacagatcgctggcaatgtcgcgatccaggttatgagcaaaaatcagatt,43.47
tcggagatgtattcttttactggtatatgccagcgggttattttaccgct,43.34
gcttcgcgacctgctttacgcagttcagtcattttatctacagttacgcc,43.34
agcgagcgcgtttgatagcgcgagccagctgacgctggtattttgcacgg,43.34
caacaaggattccagcacttgcaaatcaaaacgcgcgctaaggttaaact,43.23
gattccagcacttgcaaatcaaaacgcgcgctaaggttaaactgagcaat,43.23
aaccttatcggccagatattcgacataggtacgtgaaacatccgggctga,43.14
ttgtcatgtggcgcaaaaaccggctcatgaaaaccggcaataattagatc,43.05
gcgctttcgtttgccgtgacataacgaccacttaccattaaggtggcttt,43.05
gcagcgaagagcaccaactctcaaatcggtactccttgtatgctaaatac,42.99
cacgccgcgctctggcgcaatttaatccgcatgtctggtatctttcgtat,42.89
atttcataaacgctcgccctatcgtgtcacgatgaattacgcttttggtc,42.89
agtagtgattatgttttccgctacgggggcgatgaatttatcattgtttt,42.89
ggtgaacagtgggataaacccaacggctgggcaccgttacaatggatggc,42.89
ttgccgtcgaacttattgatcatcttgatagtttgggtgaaaaaatcatc,42.74
caaaacgggacaattgaagaagaactggcctggcattatataatgcttgc,42.74
tcgccacccgctggaccaaagaaaccaatgtctcccgtattattgttgtt,42.74
gagtaagagaaagcactattttacgcgttacagtgctgcgacaatggccg,42.74
gaatagattgtttgtctttgatatcccaatcagacgggaaataattgact,42.74
ggtgtcgataaattcttccagcaactgcggcatcgctttaccgtggatca,42.74
ttgccgaattcttccggatttttaaaccgcgtctgagcaataatcgaggc,42.74
cagggaataataatttctattttatattattccctgttttaattaactct,42.72
cagcaatttttcctggttctcactgttcacttttgctgcaaaattattcc,42.72
atataccgacgactcaccactaacgacaataacgctggtataactatatc,42.72
tttggattcctcagcgacaacaactgtcgatttttagtaaatatctatcc,42.72
ttcggcacgccggtcatttcggcagttttttccagcgtatactcggcaac,42.72
agttttttccagcgtatactcggcaacgaaggctttgtaatcttcaaagc,42.72
agggctgatgatttcggctagcgtcgtccaggcaccggtattctacggtc,42.72
ctttgtgcgataagctcacccaggcaagcaccttgctgtaccctacccac,42.72
tcctgatctggctgattgcataccaaaacagctttcgctacgttgctggc,42.72
atccgattgacggcaccgatccggttgaaaacgcgcgtattattatcagc,42.72
gtactttttgatgattgtaaggctgtggaggatttttgcgataatcgatc,42.72
ttcgccctgggttaatgatgtctgatagaacggcaacatatactggtcga,42.72
atcctgcgcaatctaatggaagagtctggcgaaacggtcaatatggcggt,42.72
cagtacatcttccactttgatctgcgtcgctttccagtcattatgcacgc,42.72
attgcacatatttccgacgaatagatcacaatttatgctattttgatttt,42.63
tgttctgcttcttttattaacggaacccgacagcgtttaatattcccttt,42.63
acctcaataagccaacagtggtatatgcgttggctgaaatcatttatcga,42.63
tattgatcagcttattcatcgctattcgacgaccgggcaaaataataccc,42.63
ccagtgaaattaacgcccgcctggcgcgcgccgcccgctatactccacag,42.63
tgagagcgagaattttccggtaaaagttttgccgtaatatcattgttggc,42.55
tcgagcacaaaaatgttgccggttttcgccggagcgtaaataactggcac,42.55
aggcgcaaacccggcgtaaagatgttgccagcgaggccgatttctacggc,42.55
tggtgagcttatagttacacagccatcaccgttcggatacaatgaccagt,42.55
accatcaggtatttctacagtcagattttccgcaacggtatatttgccat,42.55
gaaacttattcaaccatgcacccggaacaggattcaattacggttaacgt,42.55
cgttatttcttcgcttccggtagtgcctatatcgttgctatgttaccggt,42.55
acatccataatcacctgacttttctcacaatggatagtgaacttataggc,42.55
ttgctggttagcaatctgattaatcatagcgacgcgttactctacaacgt,42.55
agccccacattcaatgcaatcagcaatgttatgcgtggtagctttatcgt,42.55
tacacttcatccggctgtacttcacgcaaaatgcgcgtcaggttagaggt,42.55
gtcggatgcgccaattatgatcctcacgctgacgtccgatacttattcgc,42.55
ctgttcgagttgttgatgatgtgcaatggcctgtggtggacaatgcaacg,42.55
aactcattcaacggctggggcgcattgatgtgctggtgaataatgcgggt,42.55
aacatcagtttcatcactcactcctcgtcgaaaaaacgtaagctatgata,42.55
cagtttcatcactcactcctcgtcgaaaaaacgtaagctatgatactgga,42.55
atgccgcgatggacgtagaacagacggtagtcggcgtcgataatgttttc,42.55
ttctgtccagattcaacacgttaacgcaaatcatctgccagaatttaatc,42.55
atctgccagaatttaatcttgtgctgcacgagtcagcctatgtttatata,42.55
cggcttccagtggcttgtcctggctctctgttggcatgacgatgatgtgt,42.55
aggagctaattaaagccaccaacgagctgcacctgatgtatcttcacgca,42.55
gctacggcaccggtagtaaagctaccagcaaacgggtcgagaacgatatc,42.55
ccactcgccggtatcatccatccgctgtaaaaacagcccctgacgctcaa,42.55
tcaccaccggcagcatcgcgttacgcagcgcatggacgataatcacccgc,42.55
tttcacttccgcatcttcacgtcccggcgtgcacatgttgaactgcagaa,42.55
cccattgaacgcatgatgaaaaagacgaacagcccggcgatgatataggc,42.55
ttcttgttccgtcattatggcttcctgttatgagagttattgtaatgccc,42.55
agctgctgttcggttttgcccacagagctgatttccgggatggtgtaaat,42.55
tggtcagcggcgcgaattgcgtcttcgtcgtgctccaccacaatcacggt,42.55
ttgaatggctggctgtcggcggcgctgaaaacggcgcgtattctgacagt,42.44
ccagctccggtacaaacgctgttgtgggttcagattataacattctgtct,42.44
atgcatttatcgctttttgcccgccagcattccacggatagactttagag,42.41
cggtgcgctataactggcgggataattcagtaaatggtaagtaccaaacc,42.35
acgccctgagaatttcgacaggcaaaagaaaaaggggttagcatttagct,42.35
tgcagataaaactaaaacatttgctgaaattaaagattattatcacaaag,42.35
tccgttcgcattgacactgcttatacgtgtagccgggcaaactaaacgct,42.25
cactgcttatacgtgtagccgggcaaactaaacgctgtcacgatcggatg,42.25
tgataaactcattaaaacgcgcttcatcgccagtcagtaaaatgtaattt,42.25
ccctcactgttatcttttttgtcggcgtaatttgtggtgtgttaagagcc,42.17
gcaactttccagtttttacgctgattcagattttagctataaaaaaaccc,42.11
attttgctcgatgtttcaaagcgattgaagctgaaagccgacaaagagat,42.09
ttcttcacaacgcttgatattttgtcttatcgtctgatattttctttttc,42.09
gaagtggaaattattgcctgcggaaaaaatagtgcctatacactcaaaaa,42.09
ttctgggagaatgcggtgaccggaataatacgatagttcatactgcccct,42.09
atgatgtatgtcgatgcctatgtaaacaaagcggatggtatgctggttgg,42.09
cagcggcaagcgtgttacggcgggttaagcattcatgctataaccaggtt,42.09
cgtcagtccatgatcaaccagccccagctgatcctgataaactgcctgcc,42.09
tctttaagaaattataacggaaaatcacaggtttttataacatgtcgcat,42.09
gtccataatgatcctgtttgtactgtctttttataattagtatggaaaag,42.09
ccgatctgcttaaaattgacggcagttttatccgcaatattgtgtcaaat,42.09
tgacgttttcaggtgtgactaattgttcagacatatgctattccggcctc,42.09
aacgcctgacggatctcagcggtgctcttgctcataattatcctgaaatc,42.09
tgatttccaacgcggtgaatcgcctgatgatctcccgtaaaatcgatgcc,42.09
ttgggtgccatcgacaatggcactgtgcggatcgtggttaaaatctacag,42.09
ccgtcagcaaaaccttcccgttgatagctatagggaatatcttctccgtt,42.09
gttaacgatggtagctttacgcagcatctgacgaacgataacttcgatgt,42.09
aacaataatgaaaagccaaccagcccaccggtaacaatcataatgattga,41.94
agagggataagtgcactagccgtatgttccggccattgtaaaatccactg,41.94
cgtgagaacaactcttgcaacagcgcgccatcttcctgataactgattaa,41.94
tgcccgccaatcgcgtgatcatgtgattcatcgcgaatatgctggataac,41.76
ttttattcagtgtgttgaagagagttttgtggctggataaaaataatgtc,41.74
tcatagtgttgattgcaccagagcctggcgacaggcttaaaatgatcgat,41.66
ccattatcaaacaggtagttaacaccaccacgccaggtaaactgtttgtc,41.49
agctaaatttctcttctttaagtaatgctttaaatgctttaactagttct,41.49
ggatttggccgctgccggaatgattcggttttttcatgataaattgctca,41.49
tacctaaagaaaatgtcgccatgttactcatcctgtggatcatgatattc,41.38
tgttagccggaaaattgcgtatggacccttttggtgttctggtactgggc,41.26
cccgtgccagttgatagtcatcaccggggcgggaggctaacatttcgatt,41.26
cagattagcctgcaatttgtcgcctgccgcttccagcgtatcctgcaatt,41.26
ccagcactcagcagttgcagcaccagaaaattaccgaaacgatcgatagt,41.26
gcagcaagcaatttatcgtcatcgacaggattttttgatggaatgttttt,41.26
ctgttgttgatctcgcccgcgccagagccaatcaacagtacactgaaaat,41.26
tctttaatcgccgtttgcgctttggaggtgtcctgagtgatggttagcgt,41.26
tgtgacgtgttcgctgcgcatctgccagattaaatggttaaattctgctt,41.26
tttaccgactgcgtagtgaatttatcaagcggattctggatactcacgtc,41.26
cgacgtgcttcgcgatccactttcacgcgcagcggctgcaccatatcacc,41.26
aactgattcctcactatatatatcgccgccaacgggctcataatttaata,41.26
tatctggtacaccgatctgcccgccgcactggacgtgatacaacgtcatc,41.26
tagactttttcccactgcggatcgtcggtaatacggctaatatcgccgac,41.26
gcgttgcgttaatcaaaacgcaacgtcttcttttaccgcacgatgacggt,41.26
cggcgaaagttctcttttaatgccgccatttcggccattaacgtattgag,41.26
tcgtgggtcagggtatggcgttcttgtgcttctttaccgaagctgtcctg,41.26
tcgtttaaaaccgcttgctgctccggcgttaacaggcgatacatttggtt,41.26
gcacagattaaccctttggtttctcgtgcgcactgcgacaaagtgtgttc,41.22
gtatcggtatcattacccttggaatcctgcagttttactaagctaacagc,41.22
cgggcgtgtatctggctgtgatgaatcaggctggacgttacgattacagt,41.22
tattcgtcgatctgctcaatgagcttattgtcttcattatacttaatttt,41.1
atcgacatcggcccgacgtacgtaatgaccggtagcgatataatcggcac,41.07
agcagtaaaacgtgctggtattcgccgccgtaatccgtaccatacgcggc,41.07
gacgcctcctgacgctgactatcgccgaaggcaacgcgcataatagtctc,41.07
gtgccagcgcgtcgtcaaacacatcctgacggttggcgtattctttcatt,41.07
gatgcactcgatgattttgtcactgaagatatctgaaataagtttaatca,41.07
gatggcactggtgaacctaaacttctggaaaataacgccgatacgccaac,41.07
cggcagtgccatcgccaccgccaatcaatttatcggcgataatcaacgga,41.07
gcaaaaaaataccgacccgggtacaagtcccaggtcagctacaattcaca,41.05
gatatcgagttaagtgtcacttttttcattgaaaagaataagatatgtac,40.87
gagaatacagccgcataacaacgcaaaacgccaactgataaagttggcat,40.87
tcaatgcgcgaggtgtagcgcgagaagatttcacggatatgatttgaggc,40.87
cgcagcaaattgatgcccaaacctgtatggcctggatggataattaccgc,40.87
atcacgcaatcgaagttggcgaaaaaattattaccgagaaaaatgttata,40.87
gcaacatcgtgacgcttgaagtctgcgggccgatgggcgaaaaagtgaat,40.87
ctaccgcgctcggtctttttgaccctggcactccatgcgatagttgaagc,40.87
gattatgtttttttgcttaactcaggattaagtttttctaaaatagcaca,40.87
gatcaacacggtcgcattaaccgtcatgatcatctgatactctgctgttt,40.87
cgcgtatgccgaccatttccggtctgcgtcgtcgtggttacactgcggct,40.87
tccagcgcgccaaaggctttcacctgaccgttttccagtaccatcactct,40.87
aaaaaaaagcggcctatggcgcactggcggatgtgctggataatgacacc,40.87
ggcggtgccaatacgcgggatcactgcgtcaaaatggggtaacttgcggc,40.87
atccaggctttttgctctgcgacgcagatatccgggttataactgtcact,40.87
caagtaatagccctctgttgacctccaggagatagtgcaatactaagtcc,40.87
atcggtaatagacacgtaatcagcgcgtccagtgctgttaagatacgcgt,40.87
agcatttgtaagtcatggctgataagcaaaatagtggtattgctgttttg,40.87
agtacgcaagatcatctcatactcttacgatctgcaatattatccttaat,40.87
cttaattttaggcaccgtggaaaacgccatgaacctgcttaatatttctc,40.87
cattgcatcaacggattgttttttcgccagctcggcaatagcatcagtca,40.87
taagtttaaattgcgcgccaatcatggcgcgcacaagctataataccaac,40.87
attgctggcgggtgttgaccgctgacgtttcgtacgtcattaaacattat,40.87
atcaaactgctcaatgcgcgcgccatcccctgctgacgtatcattgcgga,40.87
aaatttgccttcgccagcgtctgcatactgctgctgatatcctgattgac,40.87
catttgggtaagctgtgccgcccacggacgtactttctgccagaatggca,40.87
atctggtacgaactggtgccatcgtgagagttaagcaggataatttccgg,40.87
tcgtgggcaatcaactggttctgctggttcagatacagcatcataaattc,40.87
tctggtgccaagccagtgtgttaccggcgtgattgcgcaaagctatcatc,40.87
ccatgggcgatcaacttaaatatctggtgccggacgatatgatctatatc,40.87
cattgcatgatgatggtgcgctgtttgtcatccagctgtacgctggcggc,40.87
atgggcgttatgaaaccatctcgatggcgatcagcagtatgatcggcgat,40.87
aaagtctgtttctcttgtgcagacacagagtcgtcagcagacttccggat,40.87
tggcgtcaccggtacttttcccggccgccgcttcacctaaaatctccatt,40.87
tccacgacgccttcgaaaaaaccgggcgtcactggctgtacaatgccacc,40.87
cagcagtgccaagtgtagtaataccctcttttttcagtattttaattgct,40.87
tgcttacgtgccacatcactgcgccccatcaccgagataaagtaatcccc,40.87
gatgcagaaactttcctggctttcatcgccattaggcttaaagtagccct,40.87
cttatagcgttgagtttgcgagaaaacgttcatattgtacctttttgatt,40.79
gctatcgcgatactctgcttctccatccagaatcacatttaaaatatcga,40.77
tacattgatgattgtggataactctgtgcgtaaaaaggtataaagcgggc,40.77
ttttttatatttcccgccaaacctggcaagagtggtgcgattgttgctct,40.67
ggcatatcaatagtcagcatcgcaatgccgcgcggcgcaaaataacgttc,40.56
cgacctgcatttcatttgtgacgacgcccagcacctgcataaaagaaggt,40.56
gcgatttaaatccgcgtaaaattctgttttgttcattatataatcacttg,40.5
ttcctgcgtaaaatttgtctcgccgtcgcgttgcgagtagacttcgtgcc,40.33
taacgtcgtctttgccttctactttcggcggattgaatttaacgtgataa,40.28
ggactgtttagcggcaacagccaggaactcatcgaagctaagatgagact,40.26
gaccctttcacggtgtcgtacatatgccattcccagttatcttcatgggt,40.26
ggtttctttttcaaaattggccaccgtgtccggggcgatataatcagacc,40.26
aaggatctcttttgcttgccctgactggcgtccggcattgcaatacactt,40.26
agtgcgcggattatgtcgcgtatcatcaaaatcaccattattgtggtgct,40.26
cgccacgctgtttgcgctaagtcgtgcgccattgactgtagaatggagaa,40.26
gataaatcgcttctctggcgttttttgcgccatcacccaggctatacatc,40.26
tcataattaccgggttgaagttttcctttccaccacataaacattggggt,40.26
atgctaaacattggctggaccatcggtccgccgctcggcacgctgttggt,40.26
cttcctgataaccttccagcttcgctacctgagtcataaactcagttgcc,40.26
cgaagacgcatcggataacacaactccgcactctgctgtaatgtaaaacc,40.26
acgacagtagtaccaagatcgatagcagcaaaaaaagccataatgaccat,40.26
atcaaacagtttggtatcaaaacgcctaaaacagatgctatgattctcgc,40.26
ttttttcactatgtaatcctgatggaagacatagcacataaaatggccgt,40.26
actctctggtgcgtgaattgctgaccgaagttaacgactacgatctgtgc,40.26
tgcccattgcgcatttccagcaggcggtcggcgtggataaagtaatgatc,40.26
gcgcgaagggatatttcaccgtcgcggttccggcgcgcataatagttttc,40.26
cgaacggtacggctactgccattttcagacactgccgataaaataatggc,40.26
aacgtcttaacatctagcgcgactgtattgaagtcggtagaaacgaaagt,40.26
tcttccatcggcgtattttcatcgacgcgatgagagtaaaagatatcgac,40.26
agaattcccataatagcgctaccggtgaagaaaaaacctaccattatagg,40.26
gccagccagaacaacgcatggtagctccagatttcaaccataattccgtc,40.26
tctgctactggcgaccgcgccgcgctactgtcagtactacaatcaactcc,40.26
ccatgaccaaaaaagctgacgaaattcagatctacaaatatgttgtgcac,40.26
ggattttcagcgcactgtcggccacttctgaggtgtagcaaaattgcagc,40.26
tatggagcctgccgcaccgtggcaattcctgaccggctattatcagtatc,40.26
gaaatatgatgccccaacgaaacataagcgtctcctttaccatagttaat,40.26
ttgaccggattatccagcaccggcaggcgttctatggtaatggtataggt,40.25
tgtaaaaatcatggtctcgcgtaggtagattattctgctaatagtatgcc,40.25
aattcgatatgacattcagattttaaggataaatatgttacgtaatggaa,40.09
gctgctccatcttatcgatctggcgaaaaagcagggcaacaatgtgacgc,39.96
gccgcaatatcggcattattcaacacggtgagctggtggaaaatacctcg,39.89
atctgataaaaaatctgatccgcagcccattgtgggccgatatccggtac,39.89
tctaccacatcctgcggtacttcagcgtattccgagtgcatgatgtgatc,39.89
gttgctgcaacggctggggctggaagaccgtacagagtattatccggcac,39.89
gataatgctatcacggatggctcagtaacatttaatggtaaagttattgc,39.89
gtcgagcatattttccgccagcgccagcatcctttcggtatcgtttagtg,39.89
aaatggacggcgatgtatcatcgccgtccatttttcgacatactagattc,39.89
tcacgggcagagagggagctggttggctcatcaaaggcgataattttggc,39.89
taccgttggggaaattgccgtccggcgtgttgtgcactttgattaattcc,39.89
tttttttagcgatgataaaaaatctcaccgtcgtaggctttaatgatttt,39.89
cacgggagaatgccagcaggacgaagccaatcaatggcaaaataatggtt,39.89
cgcaacgggacacgcataaattcgattcatcagaacagtacactcaggtt,39.89
taaccctgtgccgcgccgttaacaaataccccttcacgataaaatttctt,39.89
atatgttgctgcgtccgccacatgactctaacgttgctataaatatgctc,39.89
tttaaccagtcacggctggggttcggctgtttctgggtgataatttcaat,39.89
ctcgctttcatcacagttgagcgcttcatcgcccggtagataatgacttt,39.89
gtcaaaaataagccttgcgctaccgcgttcgcactgcccacattgtcagc,39.89
aaaacggtgaccacgctcgaatgatttgccccagactatattctgaaggc,39.89
cttgaacaaacaacacagtttgtggtgcccaacagaggtgcaatggtagc,39.89
gtcgtggtttcggtggcgaacgtcgtgaaggcggtcgtaacttcagcggt,39.89
aaaggacgaaccagcgcagccagaccgaggatcagcaatatattgataat,39.89
ttggctcaacaatgatgataacgcgatgaaaagaaaactattctggattt,39.89
ctcatcatcgtaggcccacggcacacgataagatttgctaccgtgtaaac,39.89
ttagtcagcgggggaaacgcgtgatatgcgcgataaagataagatgaacc,39.89
ggccgcaatatcccggtgacgagataaaacaaatcgttgaacatagcggt,39.89
aacacgctctgactgttccgaggtggctttccaggagagatattgatcgg,39.89
aaaccttcatacgttaccgcaaccatttcgctgttgccgataacagattt,39.79
gagcgggcaaacaatccctaacgagagcgtttgttgattagtataaagaa,39.79
caatatccatgccgtgcgcagcccaggcagaaggacgatacactttggtc,39.79
ttgatcgatatcctgcgcaatctgttgcgactcaccggtattctgatgga,39.79
aacaccaccagcagtttgacgtaaggattctgcggatggttaatcatctc,39.79
tgtttgtctccgggtgtgttcatgaatgccccggttgctataacaaaagc,39.79
ttctcagagtagacaacaaaaaacaaatgagatcaaggtaatatctcttc,39.76
gttcgttctcagagtagacaacaaaaaacaaatgagatcaaggtaatatc,39.76
gagcgcaaaaaaatgcagcagtgaaagctaaaaatggttataaatacgcc,39.75
tgctgaggaaacgaccaaagctttgcactttgatcttaatatcggatgac,39.63
agcgtatgggctgatatattcgccgctccattcagccatgagatacttaa,39.4
aaggtcagtttgatagcgaaggtctgatggatttgagcaaactggaaggt,39.36
cgcgggaaagcgacatttttgaataactcacatcttcggtaggctaggtc,39.36
taattgccgtgaaagacacgcagggccatgaaacgcggtatgaatacaac,39.3
ggcgctattttgtgttgcaaagaccccgtaagcgtgtatttttgtgagct,39.25
aaacctgtggtgttctgtctgaagacgacacttttggtaccatcactatc,39.07
ttccttttttaatgctgactggcatctcttacgacagctactttaaaggt,39.05
gtgcagttgtaccagtggaaaggatggtttgaggcgaataagatgacgcc,39.01
agcacaggttgttggcttcgcggaaccgggatgttcttataatcaatcac,39.01
aagtagtttatccatgtagtcaccctcactttttgtgacaacattattaa,39.01
cacttttttgtcgttagccagcaagagccgtttactgttaatctgtcagg,39.01
tcgaccttcattttgttttcaatgagggtgattttcgggaaattggcgta,39.01
agcgggaagccgcccgcgatcgatttcgcaaaggtggtaagatccggcgc,39.01
aaaagagaggattttcagctgcagcttaagattcatgttaatttcctcac,39.01
ggctttccagactcttgatcaaccatttggcatcctgcagattgctgcgg,39.01
atggcgaaaattttatccagctcatcctgcggaatgccgataccagagtc,39.01
ttatgcgcaatcacagaatttctttacaggatatcgctacgctggctggc,39.01
catggaacaacgccacatcaccggcaaaagccactggtatcatgaaacgc,39
tacgtctgatgttgctggttcagggcgatcagccgcgttaccgtttagtt,38.91
atgtcctgatcgcctttgatttcaccgctcatcagacgcatcatctgctg,38.91
gttgatcgggcagttaagtactacccgggaagatatggcaaccttctcta,38.91
cgcaaaaaaacctggcactgacagcagcaacaatgacttacagtctggaa,38.91
gggagtgattgattaattatctttactaataatcagactaatatttacct,38.82
tagcagtgcaagctatggaaaaacttacaacggaactacactccttaagt,38.82
ccatgtgggagtgaaatgacgccaacctaagccgttgttaatctgcgtac,38.81
attggtggtcaacgtaatgaaattttccgcacttgccgtcactgatgaac,38.81
accagaatactggtaatgcccagctgattggctccttctatattatcggc,38.81
acgcatgtcgccctctttcaccagcatatccggggagataacttgtaacc,38.6
acaagctggtattaaccgacagcaaaggtgaaaagtcatattatcgggcg,38.6
aacaaaaagcagcacttgctgcagatattaccgacgttattattcgtcat,38.6
cctgctgccccacgtgggacaaacggagctgtccacaatattctgtacgc,38.6
tctgtatcagatctggatcatgcctgaagaaaacggtattacgccgcgtt,38.6
aaaccaactatgtaatgcaaaaatttgcgcgcgccgttattggtaccaat,38.6
ggttagttatcttcgtctgtcagcggattgaatggcggtatattttcagt,38.6
tcagcccttcgatattgacaccgaacggcgttgcgtggttaccctgcgca,38.58
cggcgtcataggtaaactggattgtgccgcttccagcgtatagttgaact,38.58
ccgccgctccagtggtggaaatgatgtacccggtattgaagaataatcct,38.58
atcagcataaatgcaatggaaaatatgatatagagagtgaaataatccag,38.58
ttccgcatcgagacgcggcaccgcgttgagcaaaccgatagaataaggat,38.58
tgatggttaatccataccccagcagcaaattcagtggtactttcggtcgt,38.58
ttgattgcgacaagctcatttcccaacagtttgttgagataatttataac,38.58
ccagcgcgttgagattgcgggcagcggacccttcgcggatcatcaacgac,38.58
ccactcgaccagcgctgcgggcagcggcgcataaaccataaaataagaac,38.58
tgtgcaacagctgcaatggcgggggaagcgataaaaactattcttgagga,38.58
ttacaaggcacatcacgttatgcgtaacatagtaatgtaacaattttctg,38.58
gcgacaccattttttattgcttcacgcacgcaagcctgcatgatttgcgc,38.56
caggaactgaagcacaaagctgcgcaaaccgatgtggtgcaatctgaagc,38.56
accgtagcacacgcagcattggcctgaccgaagccggtagaatttactac,38.56
tttacttcttcgacttgcatctgccagccgtcatggctggtaatggtatc,38.32
cataccggatgcggctacttagcgacgaaacccgtaatacacttcgttcc,38.32
cgataaggcgcaacctccggggactgacgccagccgatacacttatgggt,38.32
agcagggcaaccaactgacactgaaaaatcctaccgcgtattatctgacc,38.32
gggtgatgttcacaaaatcacattattttgattttgacatcataactttc,38.32
atgccgcgcccatctacctgcgctgactcaggaggtggcatgatgacgac,38.32
accagctccccagttgaaagataatccgtctatctccattatcattccct,38.32
aagttctttaagaacttgctgccaggcatattctgccgtgcaatgttcat,38.32
ttacaccgccaggctgaattattcctctgaattatcgattacactgtatt,38.32
tcaattctcgccggattagtcgtggttgccattgcgggtatgattggttc,38.32
cgcataacaataccacacgccagacctgtaaggaggcgtaatctggtacc,38.32
gtttaccatcgcagccgctgccaattatcggttcaggtaaaattgagcgc,38.32
accccgtctcagcttgtaatatacgccgccactgcggcatttttttcgcc,38.32
acgttgagttccggttcgccttcccagacatccagcactacgcttaactt,38.32
cgcgggccggggatctggcaggattatcgcgatatccacaaactgtttaa,38.32
gatgctggaaaaaatcgggcactttaaggcctctgaattattgttagtcg,38.32
atagaggttaactaatggacttagaaaataaattctcatatcattttctt,38.32
ggtggaatctttaattgcctgaatgtaattctcgctgatatagtttttat,38.32
tgattactcgtgaaccagcgggcactggtggctttggttatgatccaatc,38.32
cgacaatgggcagccagctcacgaacctgatctttgccatactgactgac,38.32
cagatctggcacacgggagcgcaggcttggctcagtgctaagttgtttca,38.32
cgacaaccgtccagtgccagtcctgggtgttgtcgggtaacgtctcctct,38.32
gttgccaggtttcttgctgttgttgctgaagttgatcttcaatcttaagc,38.32
aaggtaatgatgctggcaccagcggcagcgaaatcaggcacaatgcgatc,38.32
cactgttcagcgcatcgcgcagcagtgccagttcatggcatttttgtagg,38.32
tcatcagactggtgtactgcaatggtcggcccttctgccagaatattcag,38.32
tttgctgtcgcgcaggctggaagcccgaggttttttgttaatgtggcggc,38.19
tacgaagaccagcagcctgataactggcgcgtacaggcgatactgtatgc,38.14
ttgttacaaaaagacttccgtcagatcaagaataatggtatgcggcagcg,38.08
ctggcggcacaatgctgcattcggatggttcttcaatgaacaatgacgga,38.08
tagagcaattttttgttaatgatttgtaattggcttgtcaatactaccct,38.08
acaacttcgttcatttcaccacctctgagtagaggcgctattctaccact,38.08
attcggttttttttacccttctttacacacttttcattattctgtgctac,38.08
tggtgaatataaaagtagtcaatggctcatgactggggaaatattgcaaa,37.9
tagcaataatagctccagcaagatttttactgaggtttttgcgatattta,37.77
gttaaactggtcgctgccctccggcaagttaccggcgttaagctgatctt,37.33
tcaacgaagcgatcgatcagtttttcttgcagactgttaaactggtcgct,37.33
gtagatatcctgccattcgcgcacgcgcagatagttgagataatcggtac,37.3
aaccccattgggtctatcacttgtatgggattcaacggatactgatacat,37.3
cgtgttacaggcgggtgtcattcgcctgctgaaaaagctacaacaacagt,37.3
atttgcgctgcatcgataccctgtttttcaaaggtttctacgatgacgtt,37.23
tcgcggtctgccgggttattgagcggcccttttttgtcgatgatgcgaat,37.23
tcgtgcattatcccaacgaaaaatggttcccactgaccgaaaatgacgat,37.23
cgctgaccgaaacattcttgccacctgcttcgatagcggaataatcgaga,37.23
ttaatccaggtcgatttggcgaacttgcggcattaagtcaggatcaatgc,37.23
ggttggcgtcggtcgtggactggcggcgcaggatgacctaaaaatggtcc,37.23
atcgcgccgcatttgctggtttttctccagtgtgctggcaagctggttga,37.23
aatttgcagataagcattcacatgttcaatttcgtcggcgagagtaacaa,37.23
agccagaaaaagccaatgcccagcaacatcggttggataaaatcacccac,37.23
cagattgtgttcgatgggacgcccggtttgcggatcgataacatgggaaa,37.23
gacgacagcttcttcatcaccattacgttgttgccagtagaattgcgggt,37.23
tcggcaataaaaaaccgcacattcgcgtggctggtgggaacatacgggtt,37.23
gcttcgctgttcattgctttctgatgccgcaactgataccactcatggtt,37.23
gccgaaaccacagttatccctctcaagggatttatcgtacaacatatcgt,37.23
gtggatatcgctatcaccaattcgcccattaaaaccgcgataatcaaaga,37.23
ccgcgtagacggcggtccagttcaattttggacggcggtaaaataaagat,37.23
accatttcagcgcgtcgctttgccaccaatgtttctttttaatgacatcc,37.23
atcaccaagaatatttttaacgaaaatcgtcgaaccagcgccgataaatg,37.23
ggctgatcgtggttacaccagaacaaggcattccatgctacgttgtgcat,37.23
cggccttcttcgtcagatttcgcagtagtggtaatggtaatatccaaacc,37.18
agatgagccgtctgcttaatatcagccagacaaagccgattcttgaaaaa,37.17
caagtaccgatcccagaccaagacgtaccgcaatgggtacaatcagcgct,37.15
gtgctgcggtggttaaagtaagcgatattaatttctgcttaactaccgac,37.15
acgttaagcccttcatcagcaaagagtttggcgaagctatagtcataagc,37.15
tgggcacaatccaccaccagacgaataccttcaatggttaaactggtttc,37.15
atgcgttcgccgttgtggctgtagtgataccaataaaggagaatcgagct,37.15
gcaccacaccacctacccaaaacaccgtttgccatgctaagtttgccccc,37.15
gatgtgccatttgcttttttctgcgccacggaaatcaataacctgaagat,37.15
ttttatacagctcggtgaagaatttctgttcccaacggtagtattccggc,37.15
cgttaggtctgcatctggaaggtccgtggctgaatctggtaaaaaaaggc,37.15
ccaacttccagactttcccaattcagcgtatctggcgcaaaataataaac,37.15
taactcacgccttttaacgccaggggaatcaaaaagacgataatcaaggc,37.15
ccagtgcgaacatcacgaattcgctgccctctgtccgttaaaatacggcc,37.15
acttgttccgggttaaagcggaactcgcgtaaccagttaagatagtcggc,37.15
cgaccataccattgacggtgaactcttcaccttccagtgtatagtggccg,37.15
acaatcaaaaaggcaaaccatctcaatttcacttcttctatccttatagc,37.15
aatacgtgatgtcgttgcctcgtgttccagttgcgcactattgttacgac,37.15
cagcgacgatggaatactcagcgtgttagccagttcggtattatgccaaa,37.15
ttttttgcacacttatgcaacggaatacgcgccgatatatcattgtgctt,37.15
ccatcacacccatcaatgcctgacgtcccagatgtgctaatttcatattc,37.15
ggaacatctcagccttcagtattccactgattgatgtataaaaactcact,37.15
gacgcgctgaataacgtacatattaccgacgaacaggttttaatgactcc,37.15
agtcatggcattacattctgttaaacctaagtttagccgatatacacaac,37.15
ttgcgacagggtcatttgcagccactgtgccataccggtactttgcacca,37.15
tccttgtgtttcggtgaacgttcggcaacgccgtcgataaaatcgttaaa,37.15
tggttcgcgttctggctggcgtgggcagaacttcccggtactctataacc,37.15
cgcgctttctcgacgttgaggattttacccttcagcggcagaatcgcctg,37.15
acctgtaccgccagattcacgatcgcgtgcttcatcggtacgatagaacg,37.15
gaagactcgccgcgcttacagattttgtcgatttcgtcgataaacacgat,37.15
tatattccggtagatagcgacccgcctggcgcatcatccatactggagtg,37.15
atacacaaaaaatatagatctccgtcacatttttgcgttatacaggaagc,37.15
aacggggcattggtcatgacctggttaaaaaacacggtaaagatgttgta,37.15
caacagcagtagaaccagaatgccgacgcccatcatcatatactgacgag,37.14
cgctcttcaggttgttgcaataatgtttcttcattaattacattaattaa,36.9
gtaaaagtggcaatgacctgcattaccgcggctacgatattcttgatctg,36.9
agcgtatcttccgcttttttggcactggcgcagtccaccataatcaaacc,36.9
accgtgccaggcgatggcctaatccgctaaaaccaatcaacatcgtcagc,36.9
aaattggactggcgggtaaagacatcctcaatacgctcgatcatatggtt,36.9
ttcgcgttatccagttggcaaacgccagtttttagaggattaaataacgg,36.9
ccggtaataaagaactgtgcggtcgcaacggtacgttgcagactattggc,36.9
caggtctggaaactgttgattccggacgcatcatgctggataacgaggac,36.9
tgtgcgatggcgctatacaaaaaagttgtcgagtgaccgataccaccact,36.9
ttaacgggcaattggcgcaccagcaccggattgtgttttacgctgcgaaa,36.9
catccaataatttcacacagcgcagtagcaaaaaatagtaacgttgtttt,36.9
ttaaaataattctcttgcaggagaaggacaatgtatatttattggatttt,36.9
tgtaccgaaattgcaatcagcaaggcgtaaaacatgcgattatttttcac,36.9
gccagactccagctatggttgccattatccagcaaggtatattcatacgt,36.9
ggcatcacgttagaggtggtggtggaactcattagatcccacaatgaacc,36.9
ggcgactctctcgctattgtaattaaaaataaaaacggaaatgattactt,36.9
gtagcttaataaaggttgctctacctatcagcagctctacaatgaattcc,36.9
gtaccagtgttgattgcttgtataaggagatcaaggtaaagacctaaagc,36.9
gtttttcaccgccggacgaccatccagaccgatcatattaaggttaatac,36.9
gaacttatattttgcgaattatcgccctgatgtggtgcataatgagaggc,36.9
ttcaggatgaaactaatgcgctacttaaatacaaagaatatcattgcagc,36.9
cagcggcgcaaaaagcgtttcgttcatccgctgtttgctacgatcgccca,36.9
ttactcatcgcctgttcgaatatttctggtgactccggcatattacgaac,36.9
ccattggtcagcgttaacgtatcgccagaaatggtgatatcactgtcaat,36.9
aacgacgtccgggttattcggatcaataagttccagccgatataacgact,36.9
gccaccgatgaacgtttgttattggcctgcggtgcaaatatggttattcc,36.9
tgattacgttttttggcaatcaggtagggaatatcatgtaaaataatgat,36.9
acaggcttcggcaatcacttcctgccgcgcaccatcgttatcataaaatt,36.9
tgcgcttcgctggcattgagatcggcggcgatgcgcggtaaaccaacgag,36.9
gagaatcgggaaataacatcccttaacacttgttatgagataattctgta,36.9
taacgactggataaaggaataaatgaatgaataagtacaccatcaacgac,36.9
tagcaatgaacgattatccctatcaagcattctgactgataattgctcac,36.9
tctttgtcggctccagcaaagacccacgcgcaggtggtacgctggtgtgc,36.9
cgtgaccagatgctgtcgccagcctgccattgttgtgcgagggtaatttt,36.9
gcataaaaaatggttatcacgggcatagatcaattcattaatataaagat,36.9
taatttttatctgtctgtgcgctatgcctatattggttaaagtatttagt,36.84
ttaccaaagccatcatcaagaagtggcttaaggagcgataacatgaaggt,36.84
tgccaacaatctttgatggctgaaatgtcatggtcgtttactataaccgt,36.84
acaaatggttattcattaatcctgccataaactcgcgttattatgcatta,36.78
acaaatcggattcatattcatccagaataacatcaggcaaaataacagct,36.53
acgtctattttgcaagaaccaaagaagacgctacccgctacattttacag,36.51
ggtccggttcaccacttccacgcctggtggtgagcaccgtactatagctg,36.46
aacgtttaccgtcgaatgtcttcaacgtatagctggtgtaaaacttccat,36.46
ggtaacgatttttgttctgcgaagccttctggacatgtaatactccgttg,36.41
gcggaaccgcctgcagaaaaaacgtcgaccgcagaacgtaaaatcttatt,36.34
gcctgcagaaaaaacgtcgaccgcagaacgtaaaatcttattctggtacg,36.34
attccaggctttctgtgtgctttttgcatctttagcactaatatcaccac,36.34
ccctttttagcgcggcgagaataaaaaaaaccagcaggtataatctgctg,36.08
ctgacgcatttcgcgacgcaggacggcatctttcgaggtatcgttacctt,36.08
agctcaagcagaatctggaaaaccagcgccgtcaggcgcaaactctggtc,36.08
gcccgtattcaaaagcagaaattttctcgctgtttgccgaaaacaacatg,36.08
tgccttcaaccaacttgaccaccagcggcgcaccaccgaccatgtcgatt,36.08
ggctgcacaccaaccactgcgcccaccatattacggttaacatacaggtt,36.08
ccacctggtttgccgatgacatcagtaaaaaaggcgcatacattgactcc,36.08
aataccagcaactggatgatgaatatctacaagctcgctatattgatgtg,36.08
tgttcggcaatcggttgaccgttaatgctggaaacaccaaaatcccagtg,36.08
atcgcgtctggccgacaaaagccgaaaaccacctgcgctttaatatcatt,36.08
caacaccaccagccccaggccaattgctttaaacaaatctaacattggtg,36.08
aactgtgcgccacgctactttcttcttcgcttaacgcgataggattaact,36.08
actaatggcgcaagatttacagatggctttcatcgaggcactgtgaaatc,36.08
tacttagcaataatagctccagcaagatttttactgaggtttttgcgata,36.08
taacagttcattgcgaaaccatctagccaacaaatgctaaattggttcgc,36.08
ggaattatttttcttgcctatggattggcttctcccgcattctcttcaga,36.08
acacagaagttataggttggggaaccatcggtacggcggataataagatc,36.08
aaggtcttttcgggacatataacactccgtggctggtttatagtttggcg,36.08
acaactgatcccgtatctccggcaatctgacggcaatgttaatatcagtc,36.08
tgaaaagtgggaataagataagttttcttgactgggaagtaaaataccgt,36.08
aggcgacgcggtgctgttcagtaacgatgctttcggtcaacactactgcg,36.08
ggaaaatcacttcgccaatatcttctttcaactggtcgataaggtaattc,36.08
agtttcaacaactcatcgcgccgtggatagatatgttctaccttaatcac,36.08
tccccagtgcggcatagcaatcctgtaaacgctcggcgacaatacgtacc,36.08
tgttgtgtgcggatttgcatccgcctttcaacatatcaaaaaataatatt,36.08
ccgttctcgtagattttacggatctcggcgcgcgaagtgataatttccgc,36.08
tgtcactcaagggattaacctcttattacaactgtgttaaaaacagcgtc,36.08
tgatcaaccacctgatggatttcatgctggaacttggggatgattttgcc,36.08
ctgtggcgaatttctcagcggttaaatcagcagaactgatataatatctg,36.08
tatgcccctcgcgctggagaaatatttccccctgaagcgtactgttggct,36.08
catggcgcaactgtgtccgttcatataaatctcgcggtaaagtacgcgcc,36.08
taagctctttcagcattgctttcggataacgacgctccatacgattgatc,36.08
agacggtagataagtttcagatccgctttaataaccggcaaaatatccgg,36.08
gcttggatatgtatttgatggctttgattttatgatgatattttacattc,36.08
ttggttttaagggatgtttttatcataaatggcactgctaaaattatgag,36.08
aatacataagagccccttgcactggcaggaaaaaggattaacgctggatg,36.08
tcattatataatcacttggttgtcttacctggatctgccagcctattaaa,35.96
atgccaattcttcaggatgcgcccgcgaatattcatgctagtttagacat,35.94
cagaagggaaagtccgttccaaacccaccagtcctgtgcaaaaattaacc,35.91
gccgatgtcagccattcttccagcgcagggatgcctttatcctgataaac,35.9
tccttattccttaaagtcattgaaatcatcatccgtcatatcattaagat,35.9
ttatatcggcattgtttacgcttacgtgccgtttatggtactgccgattt,35.9
attaggcatagcctattgacaatcaattaggcattacctatagttccagc,35.9
cagcaccgtatagccgtgattacgcgcatccagtggaatattattgatcg,35.9
cgttccggacggatgttgttcttaatggcgacgtcgtagatgatcggcag,35.9
gaacaggctgctgtttgtttgatctctatccacttttgtatacctgtatt,35.9
tttcgcaaatgatgtggtacgcatgaatagtttcctgagatgattatatt,35.79
ctctgactggttcccggacctcgatgatattcgcgctaaaattacgcctc,35.68
gcgcgaggtcacatgtgccaccagcgcagcgggcgtggcatcctgcaact,35.37
ttgcctcctcacgaccgaatattttttccgcctttcctgataatggcccg,35.37
ggtagcgatcatcatgttgctgctgctaattgtgccgataatgtggttcc,35.37
caacgcaattggcgaatgcaatgaaactggttcgccagcaaaatggctgg,35.37
aatttaatccgcctggatacgcggcatctttttgatgctaatactgtctg,35.37
caggagtatcatcagcgtcgtcagaaatcgtctcatggtatcctcaatgg,35.37
gctgggcaatttcatgtgcaatttctggtttttcgggtaataacaaagca,35.37
atgctctacttttttatcgcccacgccggatcggtgctgataatgatcgc,35.37
cgcgcaacactttacgcggcagcgcagggacgtaatgaatgataatgccc,35.37
cgaattttcatgttttctcttccgcacaaggtcaggattattctaaaaat,35.37
ttcgccgtgctcacctggtgctgggcttcctgaccattaataatatagtc,35.37
tcaatacgctatcgctgacgctgattacccaatcctgcgaaacttatctt,35.37
tggtgtttaatgctctgccaggtaaggtattcagcggtaagctggcagcc,35.37
ctgggcggtggtctggtttctccggcatctccgggttctatccttgctgt,35.37
aggcgcacaacgagttgctcgacgcgatgatgcagagctaccgtaatctg,35.37
cggaattcttcgtgcatgatgcggcgagcgaggcgcgagaaaatgcgcat,35.37
gtaactgctgaagacgttctgaagccgggtactgctgatatcctcgttcc,35.37
atttgatattagccaaggtccaactcccaaatgtgttctatatggacaat,35.29
gcacttcctctgtgagtcacgttgcaatctttctgggtgataataacgtt,35.29
atcttgcgttaccggacttttatcgccagaagcgcgatattctggtgaat,35.29
gtgatgccgcactgattgccgcagcacagaaagtcgagcattatgagatt,35.29
ttataacatgtcgcataagcaaacccaagcttttcaaatacgctttgatc,35.29
ttcccggcggagatttgaatgccgcgcaatttataagcaagatgagtatt,35.29
ggagatttgaatgccgcgcaatttataagcaagatgagtattatccagtt,35.29
ggcgacgtttagtcttgacgttgacactggcagttatgcgaatgtaaggc,35.29
tgtttcccgtaaaaatggtcatttttagcggagacgataataataattcc,35.29
ttttaatcgttacatctgtcatgctgttccttcctgctacagtttattac,35.29
tgcaaaatagtgcagtggctaatgtcatcatccaccaccagaatatcgat,35.29
atacccgagatcatatgctgcttgaggatttctaccgtaatctggatcac,35.29
caggcaatccataacgctcctacaccgaacaactgcactacaatttttgg,35.29
tctatgaagtggcctttatcatgttagcgccgctggttattgttattgcc,35.29
tgggcaattgaagctattgatgtcgatgaagcggtcgataaactgcgtga,35.29
gatgactaacgcccgccaccgcaccggctttcagggtgttaccatccatc,35.23
tttgccacattaaacgtagagaacctgagcggtaacagtacctttattat,35.23
catggccagatgatgctgttgaagttgatgagcaagtgtatattgagttt,35.23
aagccagtaaattgattgccgcaaaaatgaagaaaggctatcaagaagat,35.23
tatgggcaatcgtaatgcacagctggcagatggcatttatcatctccggt,35.23
atatggtcctctggttgagcggcaaggcgcagccagatacggttgtggtt,35.23
aaaacggttagcagtaacgacgagagtatccgggctggtatcctgtgccc,35.23
ggcaatagcagggtttgctgtcgctggtcgagcatggtactgagttcgtc,35.23
tagaaaccacaataatcccgacgatcagcagcttaaggttatcctgaacc,35.22
cactttccgtctcgatgcagtgcgaatgattttgtgtaattttttagttt,35.03
cagcgcttcaggagagattcatgttcaggcgacgtggcgtaacattaact,34.88
gctcccccaaagttaaggtgggggagatagattagttgtacattaccacg,34.8
tgcattttcactcaaactgttaagatgataaatgtggtaaatctgttggt,34.67
tatgagttgcactaaaaaagcgactcacattgttccgttataatgcctga,34.67
cactggcgattaataaccagcgcctgatgcaatccatctattatggtacg,34.63
agagcagcattgaggtgctctacggttgaaatccgtacatcatgctcgtt,34.57
ccatgtttctttcctgagactgtcaacgattgaaatgaattaatactagc,34.57
atgccgaggcgatacttgccgttctccgggttctgatcgatatagccgtg,34.57
ttgctgttgttttactttcttttgtacacaaagtgtctttaactttattt,34.57
taagtcaaaaacggatttataggtacgaaagccgaccgtattctgattgc,34.57
gttaacgaagcagccgtgaaagaaagcgacctggtctttatattgtgctt,34.57
ccacaccaaaggtggtgacggcgataccgcggatgtggcattcagtcagt,34.57
atacctgtaccgtgagcgatacccatcggcaaattacgtaagatccaggt,34.57
aaaattgcggtttgttccagcgaaagatgaatgctgttaccctggcgaac,34.57
tgaataaatccgtcgtagacatgtaccgccgggccagtcatatataacgg,34.57
aatcaaatccagctttgaggtatccattcgacttgcgagaaactgtagat,34.57
gcgaaatccccaccatgtcgcactcctgaaaggcatcgtaacctatcaac,34.31
ttgcccgccagacgggtttacatccctaaaagcaacggcaaactgcgacc,34.31
acggacagacgccgtggtaaccaggacatcacccacattaatatgcggct,34.31
catggcaattccttgctgacaacagaaacgaaatgtatatcatgccgctt,34.23
aaatttcagcagggtggggaagcaatagttatcagaactatgatgtctct,34.23
ctgaacactgaacgctatacagctggtcaatccgatgataaatctggaaa,34.12
atgcgcgtcaaaagttcctcaaacggaatgggacgcataatatcccccat,34.11
tccagtttcaggtcgttgccaaccatcgaaatctgctgcatggtttcgat,34.06
gatgtttatggtggctggaatacattaagaccgtttgctattgataacgc,33.9
gaagctgaacgttgaaatttaccgccggtagatttggtatcgtaccaggt,33.9
gtttagctgagcagcaaccagatctagttcatgttgagtatattgggcaa,33.8
gatcaagaccgttgggccatgatttaacagacggctggcatggtgtaatt,33.6
cccttaccctgctctttacgtacttctgcgttgatagtaaacatttcttt,33.6
tttatccttgaatctttacactacgcctgcacgcagtaaatcatgcatat,33.6
cttggctttatctgcttttacggaccatgtcgggattttatccttatcaa,33.6
gtagtagcgctcgcggttatcccgtggaccatgatagtaaaatttaaaat,33.55
gcgggcgattaacctgatgacggaaagcggcgaactgttaacgttgcatc,33.55
tgtgcacaatagcttcggtcaaaaactgatgcgcatttacaatcagaaag,33.55
aaccctggcagatgctggtcactatgatactgcgctggttaaacttaagc,33.55
tctggatgaaaaaagaacccggtttcatggcgtaccggtatataagattt,33.55
ctggtcgaaagatgacgacgggcgaaacgtaagagtattaaagtgatgat,33.55
tcgtttaaaggatactgcacgagggtactcggattaataacatacaaagc,33.55
tctaaacataactgcctgaattttgcccgccattcatcgatattaaaatc,33.55
ttccgagacggttagccagcggtgcgtagatgttggtacactcttttgcc,33.55
aaaagcctgccagatggcaggctatttaataacggcgttattattgcaac,33.55
atgaatgcgttcaaacagcgcctgacgctgctcgggtttaaaataaccat,33.55
actttcgaatccggcatcctgcatcatggctttcagggtatcctgatcgg,33.55
gttgagcgtctggcagatgctttaagccagcaaaatgttaccgtgattaa,33.55
aagtaataaagtttttgccagcctattactgataagagtattgtaacgtg,33.55
ttaccgtactgattctggaaggatttggcgttatcgccgatgtactgggt,33.55
gggaattctcgagcttgccgcctttctgcaactcgaactattttggggga,33.44
ctatggcccggcgcttcacgatggagatgaataaagttaaggtgccgctc,33.44
atcccgttattttgcatgaagtgacgattaaattccgtcagaataatgcc,33.44
tgtttaacaaatgggggcaccggcaggtgccatgcatttaacatcataat,33.44
agatcgtactgaatctccattgatttttcaggatcgaggaaaatcggatc,33.44
ctcgtcgctgcatgtcgatttgttgccattccagatttatgatgttcgac,33.44
tgatggtgataatcagtttgatgcctgcgtcgatggcttccagaatggag,33.44
gaattgttcaaacacatccggtgcgccacgattcagagtaatctcaacga,33.44
ttaaaggtaaaaaaagggagccgattagctccctgatgatattaactggc,33.44
caacaatattttgatattgttgtttttcctgctcaaagtatcctgccaat,33.44
tgcgttcttccagcttgcggaaggtcattacctcccccatattcacaaac,33.44
agttcgattttctccatccgtggtatgaaacgcctgataatctctttttc,33.44
accagcggccaggtgctttccgggatagtaaacaggcggataatgagaaa,33.44
ctgttggctttttcacatcgtccaaaagaaacatttccgttaattttaaa,33.44
gcgtttaatgcggctgttaaagcggggggattcgatatacaacttgccgt,33.44
atggtacgagctttgttgacatcaaccagcacgcgcgccagttttttact,33.44
atttcgtcaatgtcgtggcgaagcaggtagttatcgtctttaatgtcgag,33.44
aatattcgccggaattgcgcccatgccagcggtgttgataaacagtttat,33.44
tcgctttcgccatgccaccggcttcgtcgatctgttggataatagctctg,33.44
gcgtgactgcgacctttcgctttgatggtgtcacgcgttacaacgtactg,33.44
atgtcctgtttcgttacctgagttgccgcgaattcggcaatattactttc,33.44
gtcatcggaatagcttgcatttgttatacctcttgaatattcctgatagg,33.44
catcaagttgcttaatcacctcattcgataaatcgagtaaaattctgccc,33.44
cttccagcccacgctgtagctctggtttgttatctgccataaatcctcgt,33.24
ctccaccggttggctaagacgttttctgataaagacgctattttgtcaca,33.16
gataggggctgattggcttcgatgccgccttttcccctcaccctaaccct,33.16
ggttatcttaataacctgcgggcggcaaatcaggcgtttatgatggagcg,33.13
agataccgtttgggttgacggacaagtggagctgcttgtttatttcggtc,32.8
cgtacagaagccagatcattataagtacaggttaaggtatatttggcgaa,32.52
gatttgtgtcccttcttcctgatttgccagcagtttggcaaagtgcgctt,32.52
ttgagcacgagactgtttgcagccgtgcgtaagctgtccatcatggtgta,32.42
gaaattattcggcaatcgtccgaggcgcatttgattgagataattaaggt,32.42
gcagcacgatacatattgatcagttcctgatcgtccgtcagggtgtaatt,32.42
cctgatggttcatcttacccattccttacgcaggcagtagattgtgtgct,32.42
tttagttggcgaataatgtttctgctgggtggtattggcatactgttagc,32.42
ctgtctgcataacattcgatatccgcgccattacctgtcatcatctaagc,32.42
gccagatgtcctggctggttaaaggtagtacgcaatgtaaagtaatgacc,32.42
acatcgttagtgtgttgatggagtaaccaaaagcggcgaggatggcaaac,32.42
ttggatctccgcctcttcgctttgaactaatgtccagataccattttgtt,32.42
ctgcgcctttgccatacaacatgacggaaaccgccagcaaaataccgccc,32.42
atgggatcaaaacgatccgcattacggaaaatcgccttaacatgccgcag,32.42
gtaaacaagccaaacattgacatcgccagcaaggtaaagacgatggcgag,32.42
gaagaaactgatcattgttcatctgctgggtacgcatatcaaatacaaat,32.17
accagttttgaactggaagcaatgctggaaaaacgtgtaaaacgtcaact,32.15
aaagtccagccagtcgttcgttttacccattgtcagttatcatcttcggt,32.07
caccacaagcagataataactttatctgtatttctttatatgatgtgagc,32.07
atgaacggcagaacctcgcggttctgccgtttttgttttacttttcagag,32.07
acgactggtttccagtgagtaaacagccgtaaaagcggtaatgtttttac,32.07
atggggaaccggtggtcgactgcgcttgatgttgtctgcagaatgagcaa,31.97
tgcacgcccgattactggaacatgccagtttactctggcagcctgaaaca,31.97
gcagcttccacagcctttgtggatcgagttcgaggccgataataaacagc,31.91
tggctgaatttgccagatcgcgcagtgcctgcccctgtaaaatacgcggc,31.91
ctgcaacagcttcttagcgagaatagatatcatctccaataattatccat,31.91
aatttcattaaatattgttcacccgttttcagtacgttacgtttcactgt,31.91
ttttggcccgacgccttcaatggtttccagggaactggtatttttgacct,31.91
agtaaccaaaaatttgccgcaggatattgcgctggctgacaatgcacagc,31.91
acgacgttgttcaggttgagcagcggctcgcccatgcccatcatcactac,31.91
gctgccattcgtcgtatttacgtcgcagaatatgcagggcactctcgtac,31.91
cagcaacagttcctgacgtaacgcccggttttcaagttctaattggtcac,31.91
ttgtttttgggctggcagccagaagggagtcaggctgatattttgacaat,31.91
tgcctgttcagggtctgcatgttgacctcgtacatggtaaagatgacgtt,31.91
cgccagtctgcggcttgagtaatggcgctgacgacggcgatactgccgac,31.91
tttccgcctgttggttcgcaatggggttgcttggcatcacaatggcggac,31.91
ggaagccctgttcaatgtcgtaaatcacatcaccacgtaagatggttttc,31.87
cagtacacccgtgtaacgctcagtcagcaggcgtccggtaaaatttccgc,31.87
gcaatagttgaaaggcccattcgggccttttttaatggtacgttttaatg,31.87
gcgaagcaatactccatgcgccaatcatcatcaacgtacaaaatgtacgc,31.87
tacggcctgagttgtaataataaagttccagatgttatatcgtatcgcgt,31.87
tttcctgtcggtagccaccagggaggataatatttaataaaatcgcagtt,31.87
atcgcgttcagttcctggaatgctttctccagacgagcgatcatcgaagt,31.87
gaggaacgcgcgatagtcatgatgacgcgtaacggcggtaaactcgtgat,31.87
gtgctttttcttgatgagctacctgaatttgaacggcgtacactggatgc,31.87
ctgcacgtctgaacgccattgaaagtaactatgttggtaaagtctctgat,31.83
tgacgatcaaccgcctggattcgaacgtcaattcccggataagctgaatt,31.83
cgccaaatcccctttccatgagtcgcgcgcttcgcgatagacttcgcttt,31.58
aaaaataaaattatcagccttatctttatcttttcgtataaactcagcat,31.58
cgtttcgcggcgtgttgatctgaagtgtcggtgtcgtgtttactcattgc,31.58
gtaacgcgggtaagtaattctccgctttgttccagtgccagaatagtatt,31.58
caggatcatgcttttgtcgatcgtactgcggccacgtacaatccccttcc,31.58
tccaggcgaacatcgcgatctctttcaggttaaagccgtaaactttaaac,31.58
cgtcagtcgcctgcggctggtaaccgcaaagcacactgtattatgtcaac,31.58
taacgtcttggtcaatatcgttctgccgtgaaaagtgtttgaatatcatc,31.58
ccttcatgttacccgtggcattattgtcgttctgcggcattatgctcggc,31.31
tgaagttgcccgcgcttgcagtacagtaaataccaggattgcataatgac,31.27
gttgcccgcgcttgcagtacagtaaataccaggattgcataatgactctt,31.27
ccacgctctttggctgccgtaacgtcaatctggactgatatcatgaaacg,31.24
cgtgacaaacggtcagagactaacgtactcgtcatctctacgctagtgtt,31.2
tcatgataaaactcactaaactgtcgatacgtacagtataggatttttat,31.08
atcgcctggtgttgctgcgccagcgcgctcatctgggtgaaaatagtggt,31.03
ttgcagcacgattttttgaccagccattccattgcattatcctgtttgct,31.03
ccgtggatgcgcactatactccgctcgcgttttcatgcaacctttttttt,30.96
aaaatttaatattcgttcaactagccgtctcacatatgacattattagtc,30.96
atcatccgtagcctgttatgcatccagccagtgctgttaagctgacgcat,30.95
acgcaccagccatgcatgtcgcgcatcgctcccatgtcattaatatgctt,30.95
aatttcgcttcaaaagttgccagtttgtcggcaaatgttttactggccgc,30.95
agccgacgcccactctccccttcatgaattttggcgttaacatccagtgc,30.81
ttcatttcaatgtactgataccctccgttaatttcagtattattacttac,30.75
ctgctcgtggatcatggtatgacgggtcaccgtagttttaaattcgtcat,30.58
cgatcaaactggtcgttcaggtcacgataatcttgcagcaaaatggtgac,30.58
agcgatcaccacctctttgaagccccagatgttctcaatattgtgggcaa,30.58
aaatcattcgcctgcgcggggttgcgataccaccgttgtatgcttacgta,30.58
ccagcgtagcgataaacgcctggacgcgacctttcgctacaatcaccccg,30.58
tcaactgcaacacctgcacccatggtggtggagatgctaactttcttgat,30.58
aaacggtcagagactaacgtactcgtcatctctacgctagtgttaatcct,30.54
atatttgataaaaactctctatcaaagcgacgttttgataaaaaaatatt,30.41
acactatcaataagttggagtcattaccagcaattactactcttttcagc,30.34
aggcatataaaaatcaacccgccatatgaacggcgggttaaaatatttac,30.34
accgcatcagaaataaaaaagctcattaaatttccctcattattaatatt,30.19
cccaggtgccgccgcaaccgcaatcagcgccgcagcaggcaccgactgta,30.19
gtacggccaaggtttgacgcctgcagcatcgggatagtcaaatacgccgg,30.19
tctttaaacttcccttttaaacagttctccacacaactattatcggtttc,30.19
acgacgataatcgagtgcaataaaacccaaaacgatataaatgataactc,30.19
cgttcttcttcacgataccgatcagcaaaataatgccgataatcgcaatc,30.19
cttccaccacgacggccgctgaaccgctgaaaatgagctacgttgaaggt,30.19
gtgaccgaaatagcgacgctgatcggtacgcatgacctgataatgttcgg,30.19
tcgcagtcgagaatggtactgatagcagcttcgacgataacatcgttgat,30.19
aaggccatccgaaaggatggcctttttgcttttcgaactaacattcaatt,30.19
tcacagtgataagagtgaatatccattggctttaagaatataatacagtt,30.19
catgagagatccagtgtgtagttttcgttcgcccactatacgctggtaaa,30.19
agcccagcgtgccgcgtgtaacaaaacgatggcgatcgtacagtgtgcgg,30.19
tgaaacggcgtaatatcgacggcgtagtgctgttcggttttactggcata,30.19
tgttaacaaaattattatctcatttaaatctaagtcatttacaatataag,30.07
tcccttcgcaggggttcaccggggcgtattatcagttgaataatgacaac,30.07
gattcctgtaacagcttcagcgccgcaccgcccgcgccgataaagacaaa,30.07
atctgcactttggtattactcagcgcacgtttttctaccagaatatcaat,30.07
cacgcagctcttttgctttcattacatcaccgtcttagttacaaaggtgg,30.07
ttccacacccagcgaggcggcccagttttccagcaggctacatttacgtt,30.07
cccccagttttccttgattggatatccaccatgtgctgtatcctgctttt,30.07
tgccagaaactgcgcgatgcactgccagaacatgtggcaatatctaaccc,30.02
cttgatgaagtgcagtctatttgtccaccgcacgtgactattatgcaagt,29.93
ggaattacgcgaactttgtgacctcaacacgcttcatttagagtcgggga,29.72
tctttcagcagttcagtcagcagtgtccagtaatgacctacgctttcgat,29.72
gattaataacccgctttatcaatcacaaaggttttgccacagttacctgg,29.72
gttacggttttcgcgttgattgcgccttccatacctttaacaattaagtc,29.72
gcgtaaagccgatcacccatccttctcccatctgtgtcacattacgcacc,29.72
ttgttggcaactgtcggcagatacagtccaggcgtggtagcttcttcagg,29.72
ccactggcaccatgtaccacttggttgacagaccatgcaaaataccgaac,29.72
gagagtgagatccggtacagattccagctgtgatagcgcataatgcatca,29.72
ttcgggccggttttaaagcaaaaaaagaacaactgcattattatcaggct,29.72
gcatatttcgggttgttgtagacgcgaatcattttggcaacatcaactac,29.72
aggaaaaacggcagttttacaatcgcgttaataaattatttgatatatga,29.72
gtaagattcaatctctgcagagacaataacctcaaatgtataatacccgc,29.72
tttatgcaccagcagttcgcagccgtaggctttagcagtacgatcgcgga,29.72
cctcaactggcgcagtaatcatctctgttaatttttgctctaatgtggac,29.72
ctgtgagtgcgttggtactgacgttgtggggaagcgataaaatcgttgct,29.72
agcgtgaacggattgtcatgctcctgcagcatattggcgataatactgcc,29.72
ggctccatctgatggttgccgtccacgatgtttttatacatcttggtacg,29.72
aagaaattgccgcaggcagaatcgccgctttatccgcaataatgttatgc,29.72
tctggatcacatcagttcgggcacttataaacctgaccgataatctggct,29.72
gccagaatattcaggttggcatcggtcaccagcgtggcaatctcaataat,29.72
tggagcgccagtaactggcggcacaattcaaagccgctaatatccggcag,29.72
tgtaaaccaacgctggcgatcgtgccacagcagtttgaaactgtaacgcc,29.47
atgttgccatcaaggtggcgatggatatcagttaatggcagggtggtatc,29.47
gtcagcaaattcaagttctagttgtttcagacgtttgagatattgggcag,29.47
acggtttgcggcaaagttacgcaatgttggattgccgttatatttgccca,29.47
tgggttatcgcagtgatattcggacatttaatagtcggtatatttatacc,29.47
ttcaccgttaattcaattttcacggcgttaattcctttaaggtggtcgtt,29.47
tttcgtcgccagatcctggctgtatttttccagctcgctgataataatac,29.47
tcaaccagttgatgacggcgatgattgcgggtgtgcgtaataatcccgtt,29.47
tcgcttgttacaggaaaggaaacttcgtccggaagagatactatcaccct,29.47
gccgccgcccacgtctggatgccctgcgtgactcctggtacgatttagac,29.31
tggcccagatattgatacaggaaaccggcgaaaacggtcatgatagcgat,29.31
gtaagttttaatgcttcgcctttatctgactcattcattatgatacgggt,29.31
agtggacgttcaccctgaaagataatgctaaatttgccgatggcacacct,29.25
aacgccgttgaggttgctttgatcggcaagcccttgccatagtgtcaccc,29.25
ccccgcagtactcatcacagaagcggtccatccaggcgaaaatgcgcggt,29.25
caggtcgatacgccagtcagtcatatcgatttactgccgacaatgatggc,29.25
gcggattcaccactgaacgggttggatcgtaaccgtcgtaagataagccc,29.25
gcagccgcttcgtttgatcattccacggctgcacctgtatgttgcagatt,29.18
gtccaaaatgccattttctgcattattcacatatttgataaaaactctct,28.93
cgctgttcgccgtttactttcaggagccggtcggcaatatcatgtcgaat,28.81
caatgtctttctgcttctgcagagaatcggaggcagatacgattattttc,28.6
agtcagggggatcagtctcattattcacctcaataagtaaaatgtaagcc,28.6
tggcaacctggaggtgccaaccttaaacttcgggggaatattctatacac,28.6
aggcttaagttacccgatcaccaaacatgtgcgcctttatactcaggttt,28.6
acggacttctgagttgacttcagacgagcggagtaaggcaaaatattgtt,28.52
gccgtttttttgcctttcactcctcgaataattttcatattgtcgttttt,28.52
tgatcggcggtggttgacgtacctaacgacgcaacggcgtaattaatgcc,28.52
ggccgacttctttctggacaggactttatgcagcacaacacactatcgaa,28.52
ctcatcgcaccggctggcgcggcgagatgcgctacggtttactcaacgat,28.52
cctcgccgcgatcgtccacggcaacgacgccttctttgatagactgcaac,28.52
ccttcgatatcgtgcttgccctttggcgtttctgccgtaacgtgtgcttt,28.52
ggcagtgcgcccttatccgcatcagctggaagaatgggtagaattgaaaa,28.42
cagccgccaggtaacttgtttggctttttccacaagcgcatcctctaagt,28.42
gtattccatactcgctcccggcccgttcttttcattgttatcgttcaggt,28.37
cgaacccgggtgtggataccttcctgccgaaaggcggtactgtactgaac,28.29
atcgactaactgcaccatattctcctgaaatatgaagatatactgaaaag,28.06
gtcatgagttctccttgattaagacgcgtcgtttcacttagtttacctgt,28.06
gatggtgatgatggtggtgtttaaattgaacgcgtgtcataaaagtctct,28.06
aacaaattggctatacgctatttacccgcaaagataataatatcagcctc,28.06
aagtcattcgctcactgacgccaattaaatattcctgtatcgttcttaac,28.06
tcgacaccaccattagcccgagcagcgccggaaagttgataatccccact,28
gccgattttattcgccagcatttcccgatgatttatgaaaagctgctcgg,28
agtttcaggataaagagggagatctaccattatcgggttatttttctctc,27.92
cctaccccttcccgttgacgacaaataccaacgtattggatattggtgat,27.92
ccgccatgaaggactagctaaaacccaaactagtttgttgcaattagcat,27.92
ctgcctgtttattctggttggcgcggctgcacaatatttcataatgactt,27.92
caccgccgccagaagcctgcaccacctggaaagcgatgtataacggcatt,27.92
tgaaacgcggctcggcaattgacctgccggtttacagctatgttgaacat,27.88
cgcccataaccacggtttcataaccgtgctctttgtagtactggtagatt,27.86
cgggttactgccccaaactactgcaatcctggttggggtaaaatttccct,27.86
ttttccatttcaccggaaacacaggtgattgattttggtaaatttaattt,27.86
agaagagagtacgtttacagggaaaatgccagctagcagaattaccttct,27.86
ggtaatcttttgctttttcaagaatcagtttgaatggaatattcttagcc,27.86
atctggtggcccctgctggacttgaaccagcgaccaagcgattatgagtc,27.86
ttcgccaatatgcagatgctcaaaatcgacgtggtatttaaactggcctt,27.86
tccgccgggttgtacccgaaaacgaacactaaatcggtattatcaatttc,27.86
gcgtagcgggtttgcttacaccctccggttaaggaatgtacaatcaaacc,27.86
tgccgtaacgtcaatctggactgatatcatgaaacggacaatgctctatc,27.71
tgtcgccatgttgattgatcaatgtgttactggcgtagcaccataaaaac,27.7
ctggcaatacgcctgttcctgctctgcgggtaaggcagttaaacttgtct,27.68
cactgatttatgactatgagcagaaccctgattccggcaacaatgtggtg,27.51
agcgtgtagaggaacggtgcgaatggttggctaagggtaaacttcaccgt,27.48
gtagaagccatacagttgccccagatttggtgccttataagatgtcccgt,27.48
cccgttcttcggcattgcgattttcgtcgcactgatgtttatgtttgtgc,27.38
gggaatcagtgtttccagggattgtgcaggaagcgagatattatactggc,27.26
ctggcaatggatagcacaaccgccagactgaatgcgccgtataattcgct,27.24
gccacagcgagtgtttatccattacaccttcagcggtatagagtgaattc,27.24
tgttggacattacccgtcgacatcgtgctttgtttcagtaaattgccacc,27.24
agataaggaatatcagcaaaatgctgcacacgatgccgataccaaaaagc,27.24
tgcctaagtaccgttccgccaccaccactcatggtcgtaatatggcgggt,27.24
ttgccaaccactcaaccgttcatcaaaacaaatcgtttagcataaccccc,27.2
gtttagcaactttgcgaagccgctcgtccggaatatgtaacacttgcaaa,27.17
agcttaattttttaattcattgttttaaaaaagattatatctttacgtcc,27.06
tttgatgctgagctaaacagtattcgcgagcggttgaacataatgaaagc,27.04
gttggattttgccacggtttataccgtggctttttttgtaacattgcctg,26.99
cacacccagcgcctgatcgcgatggcagaaaacatgccgattgatattct,26.94
aacgcgagatttatagtggaaacctgtaagctgcagcggatactgtttgt,26.84
cggtttgcgttcgaatttttcgctggtgacaggctggaggaaaatgagat,26.84
ataccaatatacgttgccgctacgccgccccagtcaatagtatctttcag,26.84
cagcggtaacaccttgattgccggttgttccagcacgcatactttttcgc,26.84
tgataatgttcggactgtatcggcagcgtgtcagcgccgacaatacagcc,26.84
gcaatttgcctgccttgccgtggcgagcaaacgcggtatacgctgccgcc,26.84
ataaacagtttatctaccgcgccgcgctgcaccactttagtatcgccagt,26.84
atctttcacgcccagtccactcgccgcagagatcagataatatttatctt,26.84
ccaagctctgccagcttgtcgtacagcgtaccactggtatcttctgcagt,26.84
gcagcggtcagagtagttttaccgtggtcaacgtggccgatagtaccaac,26.84
gtatgaagggattaaccataaccacactccggtgtggttattctgcccct,26.64
ccagtagcatctgcaccacgcgtaaatccgcaccatgatttaataaatga,26.63
gtagccgattgctctttctccattcgggaaggagccgatatcatctctga,26.59
gattccccgcgtctgtagtgtttcaccacttcgcgcaatacattataaaa,26.59
gcgtctgtagtgtttcaccacttcgcgcaatacattataaaatcccgtac,26.59
ttttgtcgctgttgttggcgggcaagtgtcagcatggtatccgttctgct,26.59
actcttttgcggttttcatcatctttcctcgcaaccgttactctgttgtt,26.59
cttctaaattaattgtcgacgttacaattaaaagatgcttaattttatgc,26.59
tcatcaaaaacggcgaccgcgtgggttggctggctgtgcataatgagctg,26.59
taaatgatgcggccattgcgttctcagtaattaaataacattatcaatgc,26.59
gccatgacgctggcgcaatggtcatcaccgaatgtgctaagttctctgct,26.59
cacagaacaggttgcgcaactggagtccgaaaatgaaggagaataacctt,26.53
cggctaccagcgcctgatgcagttccgctgccatctgggcgatactgtaa,26.53
tggacagcactgcaaatttccggcggacaaacgcaggataagatcccgca,26.53
ctccatcctgtgggggctgaatatcgcttactcactggcaacattgttct,26.53
tcctggagaaggccttgctattagttgcggtacagcaccttaatgatgtg,26.53
aacaggtgaaactgaccgataagccgctttcttttgggtatagtgtcgtg,26.45
aaatcaccgtactcctgtgcaggtcgccagaaaccatctataaaatcctc,26.06
gaggttaatttcatttggcaaagggaagtatcatcagcaaaatattcgct,26.06
ggagcgttttacatattgcgcaatgcgcaggggcaattcagtctgtggcc,26.01
ccgataaccaccgctgggcagctatggcttttttatcgtatcctgcttct,26.01
attcgcgggctggtgctggcttctccggcctttaaggttaaattgtatgt,26.01
ccataaattttttgcttgctgatttctgcacgcatcgataagacggataa,26.01
gcactgaatattcatcgtgtttgttctccctttcacgcatgatttgttac,26.01
aagtgctcacgcaccagcataatcagccctggatcggacataatcagcgc,26.01
acagcgatagataccgcgaagtgcggcagacgtttgataaagttggtagt,26.01
taatttcagtcgttgattttaatacttggccatcccagtaaactaaaggc,26.01
agctcgttaacgtcatagtagttattgccccaccaggcaatattgtaagt,26.01
tgtggttttaatatccaggctgtcattgagtttgtaatatcctgtctgat,26.01
ggtttcacatccagcagctctacgtcaaacaccagggtagaattcggtgg,26.01
cgagcgggtcagtttactggcccgctttttttatgcgttattattgctga,26.01
gtgacgttggtgcgttcacccacgttcacaaacaggctatcttcgccaat,26.01
taaatccggcattgtctcctctgcgccggtgactgtgttataacggtttt,25.88
ctgaagaactgccagccgttaccgccattcttgcgaatataatccattgc,25.74
tggactagtaaaaaaacaagttttaagggtaagggatagaatataaaact,25.54
ttgaaagctatggcgatattgaaaaattcatcaacaactatgcttagtgt,25.26
ggggatcgcattgcacgggtgaccgcgccggtaaacagtaaaatatccgc,25.26
cttgtttgataccaccgatgtggccggtgtggtgatagtacactttgtca,25.26
atctttcgataccacgacctcgccccaggctttcgttacattttgcagct,25.26
taaacgctgcgcgccaggttgaatctcagggttaacggtaaaatgaccaa,25.16
gctgcttcacgccagcgatcaaacgttgcgcggtgtacgcggtaataaga,25.16
ggagtgaaagcacttcataaagctgtttttccagggtatgcaatggattt,25.16
tgataacaagtccggtttatccccgctgatgcagggaacataataaaaac,25.16
tgcgtgcgtgcaagttgcttttcgatggtcgtttcaagataaacgacaac,25.16
cgccagtgtgtttttcaggctttgattcggatgtgcgttacgctgctcat,25.16
gtgggaacatatccagcatcgccagtcgcgcaatggtatatcctgctttt,25.06
ctaccgaaaactttagttaacaatttgattagcataataaaatctcaaac,25.05
tacctcttgccagcatactctcaccctactttatctcataaactggtgtt,25.05
tcgatcacaatatcgtgggtactacacaccaacatatttataatttccgc,25.05
agcaggctttcgtcgagttcaagttcggaaaaagtcgttacagtcatgtt,25.05
tggcatatacccatttcgcacttaaccatttgtcggccacaatccccagc,25.05
gccatatggtgctgttcagtactggtcgtggcacgccgtatggtggattt,25.05
gcgtgagaatttacgttatgtaattcagtatcacgcccatacaatccgaa,24.86
cgggatggttggtcttcatatgctcgacgtagttgtcgtagtctggaatg,24.77
agggcaaaaaagagcacaaccagcgtcacgttattcactaaagtaatggc,24.76
agccgctttccttcttgctcgtgttgcgccagttctgcaagatattgctc,24.76
aaacgcaaaggaatgaagggaaatgcaacgaggtgtgtaaattgtcggtt,24.46
gaagaccgcgagtgattgccagcagagtaaagacagcgagaataatgcct,24.15
cgtgcgtacagacggttttcaccagtagatgggaaaagtaaagtgacagt,24.15
ttaccttctttatccatcaagtctttggcgaattcgacgataaggatcgc,24.15
cctgaacatgtcttattgcgtgaatgtttctttcatttgatactgcattt,24.15
aggataaatgttctccgccagtagaatagttggcgagttaaactgcggga,24.15
tggagcaatcaggcaatggacaatgtcgcgacgaagaatacgataaatct,24.15
gccacggaagtccccgtcaccatcgcaaccacgctgccgataaaacagat,24.15
atacgcaaaatcttcgccatctgctcgctcatgttggtataagcgatgtt,24.05
actaacggcggtgtattggatgtgaacgttgatcagttcgatactgaagc,24.05
gtgactgcctcgcgtttggcgagccgatgaaaataggttatttaccagat,24.05
tcaatccgcaaatgcacgtcagtgtaattgataactggtattttatggcc,24.05
tataagacggcgcttttgccgtattttcatcatctgccataatatcgccc,24.05
acacttgtcggctactgtcagtggtggcacccgaaagataaaatgagagc,24.05
accagccaggcagttgaaatgcgatgcgatcgcctgattcaatacccttc,24.05
ggtagcccactctttgatcattgcgctgccccgaacttaatattctcggc,24.05
tatctccaggatcggggcatctcaccccagggttaactattatcagaagg,24.05
gaccaccaagaataacgcctaatacttttttcatcgtaatatcctcaact,24.05
ggtttactttcgcctggctgccacgtgcgtaacgctgatactctttagcg,24.05
ctggtcaggggatgctggaacgcgtgtttaaactgcgcgaacatggcacg,24.05
acagttcaatgcggcggcgtaccggcccctgatcggccataataaacggc,24.05
ttccttatccggtctacaaaatttgcaaatccaaagcattacattaagac,24.05
ttttccctttaatgtctcgacttcggcaactaaagcgtcgtaggtttcct,23.98
ccaccatgtcgctctcttcaacctccacgttgtcgagatagacttcgcag,23.93
tgacgccgtgggcactggaaaatatcgcgacctatcagcaatatggttcc,23.93
atatggcaaagcgcttgccagctatgcaggtgagcgtgaaactccttttc,23.93
ttctggcgaaacgctggcgatatcgcgtttaagcgtttcaaatagcgagc,23.93
aaggtccagggtcggcttgcgaacctggtttaagaaagccagcatgggtt,23.93
tcaaagttacgcataatcaatagctcctgaaatcagcgagaatgtaagac,23.93
tggttggatccaggatacccatgtcgatcatgttgccgtattcttcggtt,23.93
ggtgcttcgcgaaagcgcaaaaccacaaataaaccgcgataatcatcagt,23.58
tcaacccagaatatggggctaccgcgcgaacttttccttaatattggttt,23.58
cggttaccgacgattcactgctcattgcagcatgtcgttatcattattga,23.58
aacaagctctctcacttcactattaccggaggggaggctaattatgttgt,23.58
cttactctacggcattgttctacatacattggttgtggtactcacttatc,23.58
cggacttcttcattgcgttgcagcagcaacgtcggcaataaaatcagatc,23.58
ccctcgcccaaccagttgaggtgaataacgaagtcattaaccatgtcttg,23.58
atgcccatcttgcgctctttcaactgcccggcgcgagttacaatccctac,23.58
gcgaaaaactcgcctttgtctttctggaaatagattttcagaatatcgtt,23.53
aaaccaaagattgtttacataagcggattaacacgcgcaggatcacaaat,23.48
agctactggctgcactggctggatttgcggttgttgagtagcctgaattt,23.48
ctggaagagaagtattgtcaccaatcacgttgtgacgcagagtatctcag,23.48
gtattatgcgcgcgctacgtaccattccgcatctgtggcaaatttgcgag,23.39
catgacagaaagagattgctaaaacattcttatccagcaatgtaatgcgg,23.05
atcaggtaaaactgaccgataagccgctttcttttgggtatagtgtcgtg,22.96
tttcaccccagatccttgacgactccaggataattagatgttgttgaatc,22.92
tggctgagtaacagggagaaaaatcccttcttgttgcttatcgtgtcact,22.6
gcatggtaccagtcacggcgcggcccagcggcgtcgtgttgaaataggtc,22.6
atgattgccagcacaagatacctattaatatcgccatccatactttcatc,22.6
tcattaatcgcctgctgaatattgccaatggtgtcgtcgataatatcggc,22.6
cgcatcaggcagttttgcatttgtcatcgcccgtatgctttcttagtccc,22.37
gtaacaagccattcgccaacgcgaactacaggttgttgcataatagaaac,22.37
tgttggcgctgtgtacagcatcagacgtcgaattttctattatagaaaac,22.29
gccgcaattgcggtgttgaaggtctgacgacggccgatatcatcggtcac,22.29
gtgagcaccttgaacgaaaattgttgtgtttgatcgggcataattttcct,22.29
atcagtaatgtgattgcgactaaccacccgttttcaggcaatattctgtc,22.29
ccttttaattgcaactttactcgtccttccgctttcagtagtgtgtcatc,22.29
tgcacttgtttcaaccggacaatcggttaatgacaaagtaatattgtgcc,22.29
cagtaaacttagcagcaccgccagcggtaattgtgttggaagatagtgcc,22.29
tttgtaagaggtacccagagagtcaccgatcgccaggctaacattgttaa,22.29
cgccgtcattaatatttaacgccggttttaaccggcgttaatcttatggt,22.29
ctggcggcttacgtcttcccaggcagaaatttatcgttaacagtagacgc,22.11
tcgccagctcagacgcaggccgggaataataaccatgaataatgaacaac,22.11
ttttgctgctgaaacatcgggtaatctgcctcttaaaccacgtaaaatcg,22.05
tgtcataattcattcttcactttgaacatatttaaatctttaatgcaatt,21.81
cgatcacagtcattgaagcattacgttggttcatcaggcatcctgatgtt,21.81
ggccataacaatggctgcggcagatcttgtgctgtgcgcataatgccttt,21.81
tttccagcaatgcattcactccaacgtaaagttctgcgtactatttgtcc,21.68
cgtgagctttcccatttcggcttacacgaattctgtaatatccagacggt,21.67
ctcgggtatcagatttatcacggcaacacgctttaggttattttctcttc,21.67
tgccccatcagtttgccgtcatgggcgtactcaaagtatttttctttggt,21.45
gccaccagaatagatatgcgtattttttgccgttgacttactattcagag,21.45
cgcctaacagtaattcagccatgacaatcctcatcattcataatgtgttt,21.31
tgattggacagaaactggcaataaatgaatttgtcgcttatctcaatttc,21.28
ttttaccgccgcggctttcgcctgagaaaaactattgataccttcggcca,21.28
taacccctttttctgtgcctgttgaacatatttatcgctaaagtgttcct,21.25
ctcaaccaacgcattttcatcatttgtagtttatgtttcataattagtaa,21.18
ttcgatgaatcgtactcgttcatctgacagccccaggttttaatatggag,21.05
aaaaacagaaatggacttatgcctttgattagaaggcgcacaatgttaca,20.87
gttaccgctggtggtgcgggtatagagaattttatgcgtatcattagcgc,20.63
tgactgcacgcgctattgctatgttacctattttgacgggcaatgtcggc,20.63
gcacggctaacggtattgaaatcagcggtactcaccagtacggtactttt,20.63
gtcgaaatcatgactttccagtttggatgatgttgtataacttcctgacc,20.63
cccgtgacagtaaacatgctggaagaatgttcagcatgcataattgccaa,20.63
tgaggagtcggggctgtactataaccgtcaccggcactacgatccgttgc,20.43
tactgactgaacttgtggcccgataacaacctgcaggttatgttgattaa,20.43
ctcccggggcagcatagccgccaataaaaaaccatgctaaaaatacgacc,20.43
aaaagtctccagcggctgggtattgtgatcaggaacagttacagtaaacg,20.43
gtaccagatagcaatatctttgccttctgacttccatttatcctgcactt,20.43
ccagttccatccccaatgcgcggttaaatggcatgtgataaacaaacatc,20.39
ctatggtgctgggcattctcctgggaagctacctgcactaccatagcgac,20.14
ttattgagaatttctcctttttccctgtcatttttctccataatttcttc,20.13
caaagatacggattagggtgctgtcatcaaatcgttgtagattcattact,20.13
gggttgttttcaaaaccgtcttcgttgacgttggcgatgtacattgttgg,20.13
ttgttggtggcatcttttgcacgcgggtgcggggagaagataatggcgtt,20.13
tcggcgtctttgccaagcaactgcgcaatatctgtcattactatgctccc,20.13
aatcccaaataacttcgggaatgattgttatcaatgacgataataagacc,20.13
gctgatactcctcattgctatttccacctccccctttacaccttaaggct,20.04
tcatcctgctcttcggcgctgagcgcgctgtgcaacactatactgctggc,19.95
acatgcccgtaaggtcgcataaggagattcaaaatgagtaatgtttactg,19.95
tcgggagataagcagtgccgccagttttttgtttggctgtaaaattgtcc,19.95
catcagcacggttccggcaccaatcgccatgcctatgcataataaaaccc,19.95
ttttgtcagggcactgcattcagttatctgtgcgcgttactctaactggc,19.65
gtttggcgcaatccccagtaccgaaatggttgcagcgataatatcgaaca,19.65
gcggcagataaaattattctcgccgtcggtcagcatgccagactagatgc,19.65
atctcccgcatgacccagcgcccgcacctgttttgcatacacttcatcat,19.65
attatgcaaaggaaaatgattaggtaaacaataagatttataatcaggaa,19.65
aaacggcctcattattccactgcaagccttgttatagcaagatgactttt,19.57
acaatccagcatttttcggccccttccattgaaagggcataataaaccgc,19.5
gttttttcatacgttgattttattgttccatcatcggtaacgttgcgcgt,19.29
ggctgattgacggcctgtttttcgtccgccagggagtaagctcctttatt,19.16
acaccgccaggctgttaggcggccccactattgagcactatcatcaggcc,19.16
tccggcaatcgggtagatctcaatctggcggctggtggcatcatacttga,19.16
tacaaaccgttaccgactcgcatcgggcaattgtgggttacgatggcatc,19.16
cccgttcgtcagtacctcgggaagccgccaaccaggataaaatgtcagcc,19.11
caccacgccaggctttcttaactttccattttttgcggcatcattaaaga,19.06
cacgcgttccagcatcccctgaccagaagtctgggtggtatgttgatgac,19.04
tgttgttgtctgtaccagcgtacgagatggcgcggattataatgagcaac,19.01
cgggcccgagcagtacgtggctcatctgtaatatgccgatgataatagac,19.01
agcatagtctgttcttggatcattttagtgctccgctaatgtcaactact,18.89
tctcgaattttttgaggttcttacgcaggcggttggtgtagtcttccgct,18.86
ctcgcgatcgcctgcgcgctcgtcagcttattcaccgatacaatcattcc,18.83
tcgcgttagttctgctcgcgttcgatagcgcgccagccgatatctttccg,18.83
gtaactttttccacatgcgttgttcaattctctgatttatattgcttttt,18.67
tttccgggaattcctttgatgccagaacagttctgtaagatttttagaac,18.65
cttccagggtttctttcagaagcttcgctgctttacggtaacctaattgt,18.62
gcctggcagcggttattgaaagttgcacgaaccattgctgatattgatca,18.62
ggcagttaagcgcacttgcttgcctgtcgccagttcaacagaatcaacat,18.59
tttggttaaccttctggcacgctttgctcatcacaacacaacataagaga,18.58
aaccgactccggcgtgtagccttcaacgattttacgatactcttcaaagc,18.58
tgaccaataggccagtacaaaccgaaacagtctccgttaccatatgctgc,18.45
cagcgccatcgcacctttcgctttcgccgcttcgagatccatgatgttgg,18.45
taaagcgcggttaactctcgcccgaccatcatggtgataatatcgtcttc,18.45
ctctgctgctttgtcgcccccttcacggaacaggcgggtatcatgcgacg,18.45
aaatatgaaatctcttgctggcattacaagaatcatgccaaaaataatct,18.45
ttgttacgtaagatcttatcattctcccaccaaaaaattatcttaatgta,18.04
aacgggccagctgttatccacaaaagacagttttgtgctaatgctgtcct,18.04
tgatggcctcgtaatcccgtgtttctgcgtggcgtattactatctcactc,18.04
tcagttgccgccttgccacaacccgaatatctcggatatacgtctgcatt,18.04
attaacgcttgatatcgcttttaaagtcgcgtttttcatatcctgtatac,17.96
ctggaatctctctttgtttagtgcctcgccggatctgctaagctgcttgc,17.96
acaatccctgctaagtattttacgtgcatgttattccccataatcaatga,17.96
ccgcaaagatggggttaccggcaatggcacttttcggtcagactcatatt,17.89
acgccccccaactgaggcaccaggccatcagaaaagtgataatcaggcgc,17.73
ggtttatgcggtgcgcgtttttcacccttgtgccagattattatattggc,17.64
agggaatttgggtatttattaccgcagcgatcattgcttatcctgccacc,17.34
tttccgtctttacatggacagatgccatcgaccatggtacggaaatgacc,17.29
ccggcgtgaataggcttaaattcctctttttggcgtgtcagagtattgaa,17.11
gcttaaccaacgcaaccagcacaacttcgctgtcgcggtaaaatagtgct,17.05
ctgttagtcatagtgtgagcagggacaatatcagtattacactgacgcgc,16.87
aaacccaggcaattatgcagactttcgacattgctgctctccttatcctt,16.84
gttcgaacacatcacgcattaccgccgcaatgtacggaataatcatgatg,16.84
atatgagtgtgtcggcagaaatggacattatctttgaggaatatgccctt,16.77
gacgccattgaatggaacgtggcaattaacgaccgtgatattttgatatc,16.72
atcgccccggcaaaagatgacgttgaatttcgacatcgcataatgaatcc,16.72
gctccagcaactcaatcgcctcgccgaaacgcttatagtaacgtttgatt,16.7
ccgacccacaaagtcttgcaaaatcaataaattgcaggaacgatgtaggc,16.48
cttaaccacacaggaatggttatttcctttatcgttgctaccttgtaaag,16.4
gaggattttcgtttttcagacgggatattaaatctcggtattctggaaac,16.22
tcgtgcaattcaccaatacgctcacgatcgccgctgccgataattcgccc,16.21
agacgcaaattgtttatatcatcacgcttcagctaatgtatatttatgca,16.21
cgatccacaagagctggcaggcgacggagtgttccttgatcatagcgagc,16.21
ctcatcatgagcacttgctgtagctgatagccttccggtacggtttgtgc,16.21
tccctccatttggcttcatgcctctaccatcaatatgtaaatatcccatt,16.21
tgaatttaaggaataccgcagtgtttaaatttcttgtattaacattaggc,16.04
gtgggggtgagggagttacacccaatccctgaccttaataaactcactta,15.96
ggacgtgcgcaatacgtctacctttagcgagaacgtgtaaggtatgttgt,15.88
agactaatcaactgatcgaaaataattgtcggataagtattatctatgcc,15.79
gctggttattcacaatcgatttaacacaccatttacattaaattttagtg,15.66
cgcgacagaccttctggcaccgtattaaacattatgctgtgctggcgggt,15.66
tccggtcattttgaggaacaaaaagaccagtacaaaggtataaagactac,15.48
gatagcataatcgccctgggtttgcggtttgctatagcccaaacttttgg,15.36
agcgccttcaggtattgcgatgttggggtaacgctttgcatgatcttatt,15.23
tcttgccgggcgtttttatacttatgaaaaaacaacgtaatttacgtagc,15.1
tctgtccttattggaaaaattgagagggattttcacgtaacatcacatcc,15.1
attccccaaatcgacacacggatatcagggctatctcccacaatataaag,15.03
aacgtagaacaggaattattctcacgaaagaaatccattaccatctcttt,14.86
tcgctcttccagccctaacgccagacaccacgcgatgttaaaagtatagc,14.83
ctttaattctttcttgcacgctaatccttaaaccttaattatgagtggtc,14.75
ggatagaaaacattacgcgcagggtgagctggcgcacatatattatagat,14.24
gatgaagttgccgcagacgctcggtagcgacatgcgtataaatttgcgtg,13.75
acaataaactttaattcgatttcctgagccatggcctttacttatcggtt,13.75
gatgctttggcatcattttttctttttatatcaatgcagtaaaatcaatc,13.75
tcgccaccggtatagatcagtgaggtgaaatcatctgtattattgtactc,13.62
tcgtggagttgcggattatggtgtttgatctcttccgcgataatggccgc,13.03
aaatgcaaaccaatttgccagatcttaaatgccattgtgatgatctcctt,13
ctgaccatgctcaaggcgcggtaacgccaccagcatgtcacactgcgagc,12.85
agtgatgactcacgcgaattgctggcgcgctgtggcattaaaattaatct,12.38
cgttcagtcatctctttttgggtaatacgggggagtgccatgatggtgcc,11.79
ttcggcctgcgcctctttcttatcgcggaacttgagtttatcaagtttcg,11.76
cagcgcgtttgtgacggattatttcgatgacgcccggcaaaatagaaacc,10.17
cagcacgtcttaagcaagaacatgctgcggttggatgctatttttttcct,10.15
aaaagagtaatcccagcccgtacatgttttttatgcaggataatgatttc,10.06
cgggtgaaaaagcaatggattgttggcacggcactgcttatgttgatgac,9.91
tggtcattttgtcggtgataccgcgcgggttttcgccgtacgatcctaac,8.67
